serial_no,action,website,reviewed_url,india_link,why_india,amex_status,snapshot_file,original_sha256
4,No immediate action,www.chitfundcalculator.in,https://www.chitfundcalculator.in/,Likely India jurisdiction,Included because India was inferred from currency symbol INR.,Not found on reviewed page,evidence_snapshots/00004_www.chitfundcalculator.in_1c6125d66c.html,1c6125d66c9c3e034ddc15d62b6021337558646cf65c78f56e606e13c6ae0812
5,No immediate action,www.bajajfinserv.in,https://www.bajajfinserv.in/investments/chit-funds,Likely India jurisdiction + hosted in India,Included because India was inferred from currency text Rs.; resolved IP also geolocated to India.,Not found on reviewed page,evidence_snapshots/00005_www.bajajfinserv.in_b371565aa1.html,b371565aa1e8e7c0a322b9b641538dbbc48a68e2d4397e277e4e90a224215fef
6,No immediate action,dichit.money,https://dichit.money/,Likely India jurisdiction + hosted in India,Included because India was inferred from currency symbol INR; resolved IP also geolocated to India.,Not found on reviewed page,evidence_snapshots/00006_dichit.money_dbbe4ea464.html,dbbe4ea464d2ee5212e59c7a2961f28e989198e8130b95feb1fd320df0654e23
7,No immediate action,chitfund.delhi.gov.in,https://chitfund.delhi.gov.in/chitfund/duties-subscriber,Likely India jurisdiction + hosted in India,Included because India was inferred from country mention: india; resolved IP also geolocated to India.,Not found on reviewed page,evidence_snapshots/00007_chitfund.delhi.gov.in_743c14ca07.html,743c14ca079a42b3159c5fe73f957595ae7142072bb1beea93f70b012ee3ec33
8,No immediate action,www.scribd.com,https://www.scribd.com/document/866269856/Book-3-082328,Likely India jurisdiction + hosted in India,Included because India was inferred from search market en-IN; resolved IP also geolocated to India.,Not found on reviewed page,evidence_snapshots/00008_www.scribd.com_b33f12ab59.html,b33f12ab59d729ff9ce9ee03fb78e83bf16a340bedcc9eebf327cbc8ec66ab3c
9,No immediate action,chitfund.delhi.gov.in,https://chitfund.delhi.gov.in/,Likely India jurisdiction + hosted in India,Included because India was inferred from currency text Rs.; resolved IP also geolocated to India.,Not found on reviewed page,evidence_snapshots/00009_chitfund.delhi.gov.in_e9a7d0caff.html,e9a7d0caffc8b1d91fe61ff5c4950e13966eb8a304ce91188cf5d1e6af6074d4
10,No immediate action,chit.fund,https://chit.fund/how-it-works/,Hosted in India only,Included because the resolved IP geolocated to India (ip-api.com host geolocation); confirm business relevance manually.,Not found on reviewed page,evidence_snapshots/00010_chit.fund_6d66e1b77d.html,6d66e1b77dd8bd3d2a7d99bd5c17b429c1d51ee20e2e033cf71aa03a846b9baa
11,No immediate action,lotterysambadresult.in,https://lotterysambadresult.in/,Likely India jurisdiction,Included because India was inferred from currency symbol INR.,Not found on reviewed page,evidence_snapshots/00011_lotterysambadresult.in_1abbdb43dd.html,1abbdb43dd15f28c3f9ee8e4519714cee60ee948c8f932a07ecb4d4a5cc6a928
12,No immediate action,westbengalstatelottery.com,https://westbengalstatelottery.com/,Likely India jurisdiction + hosted in India,Included because India was inferred from currency text Rs.; resolved IP also geolocated to India.,Not found on reviewed page,evidence_snapshots/00012_westbengalstatelottery.com_cd3d600fc4.html,cd3d600fc40d6b80c0255697b8f46d55546d251de6a1d4f43be0b6cae5b6f8ce
13,No immediate action,lotterysambadresult.in,https://lotterysambadresult.in/nagaland-state-lottery-sambad-today-result-1-pm.html,Likely India jurisdiction,Included because India was inferred from country-code domain .in.,Not found on reviewed page,evidence_snapshots/00013_lotterysambadresult.in_cc83c47d97.html,cc83c47d97c8b83761de4d90184ecbcb222b264bce77d44236ac20266d241b4c
27,No immediate action,www.national-lottery.com,https://www.national-lottery.com/lotto/results,Likely India jurisdiction,Included because India was inferred from currency text Rs..,Not found on reviewed page,evidence_snapshots/00027_www.national-lottery.com_38a735b814.html,38a735b8149bf88dcb42226c8aea0a628654bde50a8716866863e7c661be3e73
33,No immediate action,justgamblers.com,https://justgamblers.com/in/,Likely India jurisdiction,Included because India was inferred from page metadata: IN.,Not found on reviewed page,evidence_snapshots/00033_justgamblers.com_ecdbea46d7.html,ecdbea46d7059808ad41b2004895700dffe5e5367633ec8d09d2daad0d57bf02
34,No immediate action,bettingguide.com,https://bettingguide.com/in/,Likely India jurisdiction,Included because India was inferred from page metadata: in.,Not found on reviewed page,evidence_snapshots/00034_bettingguide.com_f78a082313.html,f78a0823138db6f4329acc7eaf3d40e2f1b8bddb482d1e9b6e18cf1b03043ccd
37,No immediate action,www.gambling.com,https://www.gambling.com/,Likely India jurisdiction,Included because India was inferred from currency text Rs..,Not found on reviewed page,evidence_snapshots/00037_www.gambling.com_e5c0ca76a9.html,e5c0ca76a995d2dc7d3620129108943bd33f362ecd29ca5317200e6c3aad3b29
48,No immediate action,bettingguide.com,https://bettingguide.com/in/betting/best-betting-sites/,Likely India jurisdiction,Included because India was inferred from page metadata: in.,Not found on reviewed page,evidence_snapshots/00048_bettingguide.com_ef4f937d61.html,ef4f937d611105613d7f100d130bbae0e7e82b0b647e7921f37c4c3666f28844
51,No immediate action,mybettingsitesindia.com,https://mybettingsitesindia.com/,Likely India jurisdiction,Included because India was inferred from page metadata: IN.,Not found on reviewed page,evidence_snapshots/00051_mybettingsitesindia.com_62d656c640.html,62d656c640d35dc2733e7a47b3c960a972574784b8534260fcda6578007b57b2
52,No immediate action,bettingapps.com,https://bettingapps.com/in,Likely India jurisdiction,Included because India was inferred from page metadata: IN.,Not found on reviewed page,evidence_snapshots/00052_bettingapps.com_8a872c6ee9.html,8a872c6ee9e477cf64b794d08d425dea2b8206127376a29bce2288d41de8a236
53,No immediate action,www.goal.com,https://www.goal.com/en-in/betting/best-football-betting-sites/bltfe541034cea2fef6,Likely India jurisdiction + hosted in India,Included because India was inferred from page metadata: IN; resolved IP also geolocated to India.,Not found on reviewed page,evidence_snapshots/00053_www.goal.com_f620baf20a.html,f620baf20a50c399d9d36b8f27c1ead6abaa89d4c54ca92deee50551187d2dbc
54,Manual AmEx evidence review,ats.io,https://ats.io/in/betting-sites/,Likely India jurisdiction,Included because India was inferred from page metadata: IN.,Possible - AmEx logo/token or mixed signal,evidence_snapshots/00054_ats.io_e0f32f973d.html,e0f32f973d561469d3c90ea834fe2a75898998998fa2d3a11355622f3ebd445a
56,No immediate action,www.toffeeweb.com,https://www.toffeeweb.com/int/best-betting-sites-india/,Likely India jurisdiction,Included because India was inferred from page metadata: IN.,Not found on reviewed page,evidence_snapshots/00056_www.toffeeweb.com_83cd3c7665.html,83cd3c76656cba75bfcd1587b366a1875f1cf85361f408eb84ff69853cc2b65d
60,No immediate action,www.sportytrader.com,https://www.sportytrader.com/en/betting-sites/,Likely India jurisdiction,Included because India was inferred from page metadata: IN.,Not found on reviewed page,evidence_snapshots/00060_www.sportytrader.com_746ce2055d.html,746ce2055dd03d0714b2b3aeec2230a6571e80aa1b0e012e6a59a3fc7b241e54
64,No immediate action,www.sportsbookreview.com,https://www.sportsbookreview.com/betting-odds/,Hosted in India only,Included because the resolved IP geolocated to India (ip-api.com host geolocation); confirm business relevance manually.,Not found on reviewed page,evidence_snapshots/00064_www.sportsbookreview.com_8e7fa57f48.html,8e7fa57f4821b886fc62c2f9220cad0581b4a4723fde06fcb517c83fde567887
95,No immediate action,www.margadarsi.com,https://www.margadarsi.com/,Likely India jurisdiction,Included because India was inferred from page metadata: India.,Not found on reviewed page,evidence_snapshots/00095_www.margadarsi.com_a7fdd6c188.html,a7fdd6c1886fceb64d426cd57de79388271208e7c5b109968135d3fd0243ba4a
96,No immediate action,www.margadarsi.com,https://www.margadarsi.com/chit-plans,Likely India jurisdiction,Included because India was inferred from page metadata: India.,Not found on reviewed page,evidence_snapshots/00096_www.margadarsi.com_7e080f3c31.html,7e080f3c31cd8d7ca3737216066e871a886ad6c62615a9c888ef869830276a2d
97,No immediate action,chitfund.mypaisaa.com,https://chitfund.mypaisaa.com/,Likely India jurisdiction + hosted in India,Included because India was inferred from currency symbol INR; resolved IP also geolocated to India.,Not found on reviewed page,evidence_snapshots/00097_chitfund.mypaisaa.com_c27cbb5f64.html,c27cbb5f64a1d46a01bf36e9bb0d2272bbcc6771c9eb4a61f0266d967201936a
98,No immediate action,rkchits.in,https://rkchits.in/ChitPlan,Likely India jurisdiction + hosted in India,Included because India was inferred from currency symbol INR; resolved IP also geolocated to India.,Not found on reviewed page,evidence_snapshots/00098_rkchits.in_0a8f4a6528.html,0a8f4a65282b9347a940e38614ec142589a9e3144b454c7d9c1605a19b09dd6f
144,No immediate action,www.bajajfinserv.in,https://www.bajajfinserv.in/investments/fixed-deposit,Likely India jurisdiction + hosted in India,Included because India was inferred from currency text Rs.; resolved IP also geolocated to India.,Not found on reviewed page,evidence_snapshots/00144_www.bajajfinserv.in_7b6d9023d5.html,7b6d9023d5c0849103f1cc1be27e0e4be3586db25860f78346d1e3785d94d35c
145,No immediate action,www.bajajfinserv.in,https://www.bajajfinserv.in/chartered-accountant-loan,Likely India jurisdiction + hosted in India,Included because India was inferred from currency text Rs.; resolved IP also geolocated to India.,Not found on reviewed page,evidence_snapshots/00145_www.bajajfinserv.in_221b6f4bcb.html,221b6f4bcb621c3857d60bc59896523c603285fc904a0b9b47535e2cae78b869
146,No immediate action,www.bajajfinserv.in,https://www.bajajfinserv.in/demat-account,Likely India jurisdiction + hosted in India,Included because India was inferred from currency text Rs.; resolved IP also geolocated to India.,Not found on reviewed page,evidence_snapshots/00146_www.bajajfinserv.in_7f4d541ee7.html,7f4d541ee75c7bd24fab71c96501352bff5558c6f7f7462bccc2a5f9e58d9f42
147,No immediate action,www.bajajfinserv.in,https://www.bajajfinserv.in/open-demat-account,Likely India jurisdiction + hosted in India,Included because India was inferred from currency text Rs.; resolved IP also geolocated to India.,Not found on reviewed page,evidence_snapshots/00147_www.bajajfinserv.in_7f4d541ee7.html,7f4d541ee75c7bd24fab71c96501352bff5558c6f7f7462bccc2a5f9e58d9f42
148,No immediate action,www.bajajfinserv.in,https://www.bajajfinserv.in/myaccountlogin,Likely India jurisdiction + hosted in India,Included because India was inferred from currency text Rs.; resolved IP also geolocated to India.,Not found on reviewed page,evidence_snapshots/00148_www.bajajfinserv.in_8c02d5d6d7.html,8c02d5d6d7535547be21a8a8b150ed06a0f73fd1317f51164389f6c486075940
149,No immediate action,www.bajajfinserv.in,https://www.bajajfinserv.in/service-guides/manage-your-my-account-profile,Likely India jurisdiction + hosted in India,Included because India was inferred from country-code domain .in; resolved IP also geolocated to India.,Not found on reviewed page,evidence_snapshots/00149_www.bajajfinserv.in_71755d04e9.html,71755d04e9062055fcc7925136057e0eb55a645bfa408930147f32b508565518
150,No immediate action,www.bajajfinserv.in,https://www.bajajfinserv.in/service-guides/manage-your-mandate-in-my-account,Likely India jurisdiction + hosted in India,Included because India was inferred from currency text Rs.; resolved IP also geolocated to India.,Not found on reviewed page,evidence_snapshots/00150_www.bajajfinserv.in_f346f754e4.html,f346f754e4e4d29fec4b1eb8686adb35ab434f0901f46d1ca09c7442ccc95fd8
151,No immediate action,www.bajajfinserv.in,https://www.bajajfinserv.in/service-guides/manage-your-loans-in-my-account,Likely India jurisdiction + hosted in India,Included because India was inferred from country-code domain .in; resolved IP also geolocated to India.,Not found on reviewed page,evidence_snapshots/00151_www.bajajfinserv.in_174f24bb98.html,174f24bb987b1c471bbbf5f9816c5b887c5f4b5b184030762fe8137352cc31e9
152,No immediate action,www.bajajfinserv.in,https://www.bajajfinserv.in/service-guides/manage-your-flexi-loans-in-my-account,Likely India jurisdiction + hosted in India,Included because India was inferred from currency symbol INR; resolved IP also geolocated to India.,Not found on reviewed page,evidence_snapshots/00152_www.bajajfinserv.in_2c528ca5c5.html,2c528ca5c590d78962e188f2ac47569a8dad3cd8eb33cfada55e3b6136595581
153,No immediate action,www.bajajfinserv.in,https://www.bajajfinserv.in/service-guides/manage-your-insta-emi-card-in-my-account,Hosted in India only,Included because the resolved IP geolocated to India (ip-api.com host geolocation); confirm business relevance manually.,Not found on reviewed page,evidence_snapshots/00153_www.bajajfinserv.in_2b7b13f39c.html,2b7b13f39c473ff01323a1b3db8db5b6c7b9748fc1401cdda054b533cd66a3f0
154,No immediate action,www.bajajfinserv.in,https://www.bajajfinserv.in/investments/mutual-funds-listing,Likely India jurisdiction + hosted in India,Included because India was inferred from currency text Rs.; resolved IP also geolocated to India.,Not found on reviewed page,evidence_snapshots/00154_www.bajajfinserv.in_17dad2dc24.html,17dad2dc2437bf830c069f32f896b41d2a7776b3355beb01d2c34c752a082245
155,No immediate action,www.bajajfinserv.in,https://www.bajajfinserv.in/car-loan-balance-transfer-and-top-up,Likely India jurisdiction + hosted in India,Included because India was inferred from currency text Rs.; resolved IP also geolocated to India.,Not found on reviewed page,evidence_snapshots/00155_www.bajajfinserv.in_34185f8d50.html,34185f8d5006209598fcad0ecb5937c38d99e7e93cce259f9b40ed8b99fa6e81
156,No immediate action,www.bajajfinserv.in,https://www.bajajfinserv.in/bmall/laptops,Likely India jurisdiction + hosted in India,Included because India was inferred from currency symbol INR; resolved IP also geolocated to India.,Not found on reviewed page,evidence_snapshots/00156_www.bajajfinserv.in_640fc30d20.html,640fc30d20dc645d8498931526cb69a17dae603664239aa4450cb751396254ec
157,No immediate action,chit.fund,https://chit.fund/faq/,Hosted in India only,Included because the resolved IP geolocated to India (ip-api.com host geolocation); confirm business relevance manually.,Not found on reviewed page,evidence_snapshots/00157_chit.fund_0032ea6307.html,0032ea6307248aaa95506083e14d6a8986b1ceb2c4300d66379794c6a9c2825e
158,No immediate action,chit.fund,https://chit.fund/terms-and-conditions/,Hosted in India only,Included because the resolved IP geolocated to India (ip-api.com host geolocation); confirm business relevance manually.,Not found on reviewed page,evidence_snapshots/00158_chit.fund_7922db330b.html,7922db330b0fd057ee51df4b131bf13b73c0bd9d787de20ab163b66b5627bf30
159,No immediate action,chit.fund,https://chit.fund/what-is-chit-fund/,Hosted in India only,Included because the resolved IP geolocated to India (ip-api.com host geolocation); confirm business relevance manually.,Not found on reviewed page,evidence_snapshots/00159_chit.fund_a8f281bede.html,a8f281bede50315a9fcd917a11460d7954d72e0ab0ac0442622cf91cb72460b4
160,No immediate action,chit.fund,https://chit.fund/regulations/national/,Hosted in India only,Included because the resolved IP geolocated to India (ip-api.com host geolocation); confirm business relevance manually.,Not found on reviewed page,evidence_snapshots/00160_chit.fund_77915a60a6.html,77915a60a6f320fc75987f180e19815e29c7ee11265b794a5528fb74cc765779
161,No immediate action,chit.fund,https://chit.fund/regulations/andhra-pradesh/,Hosted in India only,Included because the resolved IP geolocated to India (ip-api.com host geolocation); confirm business relevance manually.,Not found on reviewed page,evidence_snapshots/00161_chit.fund_beb760249c.html,beb760249c49c2aa1975ea2d0b40d2b23a20e205e65b208b1ca137a92bdb4723
162,No immediate action,chit.fund,https://chit.fund/regulations/telangana/,Hosted in India only,Included because the resolved IP geolocated to India (ip-api.com host geolocation); confirm business relevance manually.,Not found on reviewed page,evidence_snapshots/00162_chit.fund_cd799fc43e.html,cd799fc43e037c9cd8c2bd9c3b0df6650d7ba8c5b14a627967b40b606d67cbae
163,No immediate action,chit.fund,https://chit.fund/regulations/tamil-nadu/,Hosted in India only,Included because the resolved IP geolocated to India (ip-api.com host geolocation); confirm business relevance manually.,Not found on reviewed page,evidence_snapshots/00163_chit.fund_54cc17b54d.html,54cc17b54d21be1b9a6e298f36bd2ff25c87e6d6c3c1b1a41983db8a2234fe12
164,No immediate action,chit.fund,https://chit.fund/regulations/kerala/,Hosted in India only,Included because the resolved IP geolocated to India (ip-api.com host geolocation); confirm business relevance manually.,Not found on reviewed page,evidence_snapshots/00164_chit.fund_8d74a68125.html,8d74a6812503cb3291bc6517a9814474bef2e2a83da8f101a96f06b5e03f34dc
165,No immediate action,chit.fund,https://chit.fund/regulations/karnataka/,Hosted in India only,Included because the resolved IP geolocated to India (ip-api.com host geolocation); confirm business relevance manually.,Not found on reviewed page,evidence_snapshots/00165_chit.fund_8c574ab527.html,8c574ab527c253224e466402af8e2e34a0d1cecffe406801dedc5c77a58aaba5
166,No immediate action,chit.fund,https://chit.fund/regulations/maharashtra/,Hosted in India only,Included because the resolved IP geolocated to India (ip-api.com host geolocation); confirm business relevance manually.,Not found on reviewed page,evidence_snapshots/00166_chit.fund_82443ecef5.html,82443ecef57a47416d39f7c0ca6ec47dd2dce604b5b1cc977b96b58358729497
167,No immediate action,chit.fund,https://chit.fund/regulations/delhi/,Hosted in India only,Included because the resolved IP geolocated to India (ip-api.com host geolocation); confirm business relevance manually.,Not found on reviewed page,evidence_snapshots/00167_chit.fund_421c31dffd.html,421c31dffd89ca523010dfbf6f57e36e037ab7e529d24ca6d436427a657ad9cb
168,No immediate action,chit.fund,https://chit.fund/regulations/haryana/,Hosted in India only,Included because the resolved IP geolocated to India (ip-api.com host geolocation); confirm business relevance manually.,Not found on reviewed page,evidence_snapshots/00168_chit.fund_bcf049b5fb.html,bcf049b5fbd96e243ffa642b661a89dfb4161e486731f38750c6fad0a37e0fec
169,No immediate action,lotterysambadresult.in,https://lotterysambadresult.in/nagaland-state-lottery-sambad-today-7-pm-result.html,Likely India jurisdiction,Included because India was inferred from country-code domain .in.,Not found on reviewed page,evidence_snapshots/00169_lotterysambadresult.in_44e32185af.html,44e32185af150ff998bbfb62a0aecac6ec2c6975b9e4f10d6e6e02c17b4bc97d
170,No immediate action,lotterysambadresult.in,https://lotterysambadresult.in/lottery-sambad-today-result-08-00-pm.html,Likely India jurisdiction,Included because India was inferred from country-code domain .in.,Not found on reviewed page,evidence_snapshots/00170_lotterysambadresult.in_c2f0003f94.html,c2f0003f949693ed91d6877c1d39f75b961ba8a03856316d1b438344080ba2f0
171,No immediate action,lotterysambadresult.in,https://lotterysambadresult.in/today-result.html,Likely India jurisdiction,Included because India was inferred from country-code domain .in.,Not found on reviewed page,evidence_snapshots/00171_lotterysambadresult.in_6f3604c36c.html,6f3604c36c18ed3bf75787e4b837d4f19e60c1392cac49cebd648d951306bdb2
172,No immediate action,lotterysambadresult.in,https://lotterysambadresult.in/result.html,Likely India jurisdiction,Included because India was inferred from country-code domain .in.,Not found on reviewed page,evidence_snapshots/00172_lotterysambadresult.in_f98b9e8b9b.html,f98b9e8b9b1bca31f54b2d3a2ce7168788a4dc52bd3a252bbcbc38929af1f41d
173,No immediate action,lotterysambadresult.in,https://lotterysambadresult.in/oldresult.html,Likely India jurisdiction,Included because India was inferred from country-code domain .in.,Not found on reviewed page,evidence_snapshots/00173_lotterysambadresult.in_46ed51f9a2.html,46ed51f9a255b48bcd5418bf3a6deeec2e77fc013c98a52f899c474363bec2b3
174,No immediate action,lotterysambadresult.in,https://lotterysambadresult.in/punjab-state-dear-bumpers.html,Likely India jurisdiction,Included because India was inferred from currency text Rs..,Not found on reviewed page,evidence_snapshots/00174_lotterysambadresult.in_44bbe8bfa0.html,44bbe8bfa032aa78170314c65b0ad5579d63bde886d02ab8e2f5558a658e3471
175,No immediate action,lotterysambadresult.in,https://lotterysambadresult.in/dhankesari-lottery-result-today.html,Likely India jurisdiction,Included because India was inferred from country mention: india.,Not found on reviewed page,evidence_snapshots/00175_lotterysambadresult.in_db08e0e70b.html,db08e0e70b7b65675b7aa893ffe0d6cdc724c4f2ee3c1d2ed03b853bbb68bf87
176,No immediate action,lotterysambadresult.in,https://lotterysambadresult.in/contact-us.html,Likely India jurisdiction,Included because India was inferred from country-code domain .in.,Not found on reviewed page,evidence_snapshots/00176_lotterysambadresult.in_5987e50810.html,5987e50810c6af3022813dd899f6c7270ac94cfa9c2c48ca3e4ca9fbbe0f3e7f
188,No immediate action,dhankesari.org,https://dhankesari.org,Hosted in India only,Included because the resolved IP geolocated to India (ip-api.com host geolocation); confirm business relevance manually.,Not found on reviewed page,evidence_snapshots/00188_dhankesari.org_a2c42ff1b3.html,a2c42ff1b3aa6a75f96caabf59b7af9b1b8cc4c075586b98c5788c9a6080e515
189,No immediate action,www.kol555.com,https://www.kol555.com/Topic/6,Likely India jurisdiction,Included because India was inferred from country mention: india.,Not found on reviewed page,evidence_snapshots/00189_www.kol555.com_f734d09a24.html,f734d09a24b142cec50de740caf313d1d421eea6992f2f78c33e1cd085c371fb
192,No immediate action,sambad.com,https://sambad.com,Likely India jurisdiction,Included because India was inferred from page metadata: IN.,Not found on reviewed page,evidence_snapshots/00192_sambad.com_c6d68066cd.html,c6d68066cd95d4dd8cd0421cd4979d2fe47578beab96c2824a96ea9f88be65c5
193,No immediate action,dearlottery.in,https://dearlottery.in/,Likely India jurisdiction,Included because India was inferred from currency symbol INR.,Not found on reviewed page,evidence_snapshots/00193_dearlottery.in_b2bad17c5b.html,b2bad17c5b52c7c6dcbcee6be0784997dc4647b8b6da018aea75805c650478cc
194,No immediate action,kolkata-ff.net,https://kolkata-ff.net/,Hosted in India only,Included because the resolved IP geolocated to India (ip-api.com host geolocation); confirm business relevance manually.,Not found on reviewed page,evidence_snapshots/00194_kolkata-ff.net_caf654795a.html,caf654795a2f2519c0fdc897f6d72aac726bb3c2e20322c2c86a7afd265853d7
212,No immediate action,www.speednet.biz,https://www.speednet.biz/,Likely India jurisdiction,Included because India was inferred from currency text Rs..,Not found on reviewed page,evidence_snapshots/00212_www.speednet.biz_6bb5f53741.html,6bb5f537410cc4224b602293e7a3da834b32dd75b5c320e5bcf29800c93f33f5
213,No immediate action,www.lotterypost.com,https://www.lotterypost.com/petition-true-drawings,Likely India jurisdiction,Included because India was inferred from currency text Rs..,Not found on reviewed page,evidence_snapshots/00213_www.lotterypost.com_6452b3d54d.html,6452b3d54dda0044152cacd106bcfda7bd058ca6763b1dd3072a001d69afd6ec
216,No immediate action,www.lotterypost.com,https://www.lotterypost.com/forums,Likely India jurisdiction,Included because India was inferred from currency text Rs..,Not found on reviewed page,evidence_snapshots/00216_www.lotterypost.com_d66414e73e.html,d66414e73e9e648730c35cfca8ecd31e69b15cd279c167927954d13df33e1574
217,No immediate action,www.lotterypost.com,https://www.lotterypost.com/predictions,Likely India jurisdiction,Included because India was inferred from currency text Rs..,Not found on reviewed page,evidence_snapshots/00217_www.lotterypost.com_a9f5899879.html,a9f589987938462ab81b0d396d414590c3bf7402d96009938dd0adce620a2d33
218,No immediate action,www.lotterypost.com,https://www.lotterypost.com/members,Likely India jurisdiction,Included because India was inferred from currency text Rs..,Not found on reviewed page,evidence_snapshots/00218_www.lotterypost.com_5fe1bc9fd9.html,5fe1bc9fd9925cd2470703fbb3c7cd430877af15a44adfa39137a5e719df72a2
219,No immediate action,www.lotterypost.com,https://www.lotterypost.com/systems,Likely India jurisdiction,Included because India was inferred from currency text Rs..,Not found on reviewed page,evidence_snapshots/00219_www.lotterypost.com_8457c785ec.html,8457c785ecbfdf032750080ea0f591f22d46dfcb7e3b16733df24a4dbff8e673
220,No immediate action,www.lotterypost.com,https://www.lotterypost.com/resources,Likely India jurisdiction,Included because India was inferred from currency text Rs..,Not found on reviewed page,evidence_snapshots/00220_www.lotterypost.com_2c0b1554e6.html,2c0b1554e6d0674022a647399707fc44d6e7e9a1e18d75e5d89ace7f58b794b0
222,Manual AmEx evidence review,www.lotterypost.com,https://www.lotterypost.com/memberships,Likely India jurisdiction,Included because India was inferred from currency text Rs..,Possible - AmEx logo/token or mixed signal,evidence_snapshots/00222_www.lotterypost.com_2e0fc5b545.html,2e0fc5b54517197ef27e21969ff3dc66b4f7d72171b08813a719f68f00e038aa
228,No immediate action,doi.org,https://doi.org/10.1016/S2468-2667(24)00167-1,Likely India jurisdiction,Included because India was inferred from search market en-IN.,Not found on reviewed page,evidence_snapshots/00228_linkinghub.elsevier.com_c571013bc0.html,c571013bc0bea17461cd6316d46907aafc2bf8ecfd5fec57f6ad713999b9b3ab
230,No immediate action,www.snapchat.com,https://www.snapchat.com/add/who,Likely India jurisdiction,Included because India was inferred from page metadata: IN.,Not found on reviewed page,evidence_snapshots/00230_www.snapchat.com_11f55af4c5.html,11f55af4c5a47c3280348fb53804b4937dea1336b608aaf16524a0fce6baf56b
249,No immediate action,justgamblers.com,https://justgamblers.com/in/online-casinos/new/,Likely India jurisdiction,Included because India was inferred from page metadata: IN.,Not found on reviewed page,evidence_snapshots/00249_justgamblers.com_f393d9a8cd.html,f393d9a8cd94522c9a3bd6cea2448b001326f313669911ce54f6a4a91406d3d7
250,No immediate action,justgamblers.com,https://justgamblers.com/in/reviews/rajabets/,Likely India jurisdiction,Included because India was inferred from page metadata: IN.,Not found on reviewed page,evidence_snapshots/00250_justgamblers.com_9bfb77af38.html,9bfb77af38ff524f3252c05062d32aeec7aefa49638cedab0c9e80ecce99d398
251,No immediate action,justgamblers.com,https://justgamblers.com/in/reviews/casino-khajana/,Likely India jurisdiction,Included because India was inferred from page metadata: IN.,Not found on reviewed page,evidence_snapshots/00251_justgamblers.com_30702879e4.html,30702879e489fc2f4883c729dc9aae7ea4d0f71d380cf713b304e92142091c0e
252,No immediate action,justgamblers.com,https://justgamblers.com/in/reviews/,Likely India jurisdiction,Included because India was inferred from page metadata: IN.,Not found on reviewed page,evidence_snapshots/00252_justgamblers.com_8c0ed79034.html,8c0ed79034e153af4c6c87b243b284cdacb1f91c9a96583782771c7e8dbc74d7
254,No immediate action,justgamblers.com,https://justgamblers.com/in/go/22bet/,Likely India jurisdiction,Included because India was inferred from currency code INR.,Not found on reviewed page,evidence_snapshots/00254_22match.com_bcf740a0c6.html,bcf740a0c67815c2f497385dd2a55f513693c398813409e3efa7dc50f5fc589a
255,No immediate action,justgamblers.com,https://justgamblers.com/in/go/batery/,Likely India jurisdiction,Included because India was inferred from search market en-IN.,Not found on reviewed page,evidence_snapshots/00255_india-batery.com_3703a604a6.html,3703a604a65316529b506ae2b465b8f1faf05b7238338a65c5ad88ad888e4a7b
256,No immediate action,justgamblers.com,https://justgamblers.com/in/go/megapari/,Likely India jurisdiction,Included because India was inferred from search market en-IN.,Not found on reviewed page,evidence_snapshots/00256_4629942mp.pro_91be604e53.html,91be604e536aef3fa110a07769f5cf36b524bbb4cf381166af1ebb95863da598
257,No immediate action,justgamblers.com,https://justgamblers.com/in/go/pin-up/,Likely India jurisdiction,Included because India was inferred from search market en-IN.,Not found on reviewed page,evidence_snapshots/00257_gardf.p784up529.com_93d403beb4.html,93d403beb4aa62bbefc447c3b7b315b729089b67f488b68daacf85691210bcbd
258,No immediate action,justgamblers.com,https://justgamblers.com/in/reviews/pin-up-casino/,Likely India jurisdiction,Included because India was inferred from page metadata: IN.,Not found on reviewed page,evidence_snapshots/00258_justgamblers.com_0b5ecca2a1.html,0b5ecca2a1f1d750ba1ce2c4fe72b4b005001b673f568632c39922ffbf2bc5e1
260,No immediate action,justgamblers.com,https://justgamblers.com/in/reviews/parimatch/,Likely India jurisdiction,Included because India was inferred from page metadata: IN.,Not found on reviewed page,evidence_snapshots/00260_justgamblers.com_e698ad88fa.html,e698ad88faed224cf8f9d521460db3ca1517252536fafecba31de088dcb73611
261,No immediate action,justgamblers.com,https://justgamblers.com/in/reviews/bc-game/,Likely India jurisdiction,Included because India was inferred from page metadata: IN.,Not found on reviewed page,evidence_snapshots/00261_justgamblers.com_d323d4fe47.html,d323d4fe470d1d4315eaae741511a360d00dfc2508ee893581a76608d8475c13
262,No immediate action,justgamblers.com,https://justgamblers.com/in/reviews/masti-spins/,Likely India jurisdiction,Included because India was inferred from page metadata: IN.,Not found on reviewed page,evidence_snapshots/00262_justgamblers.com_20c2d06ac2.html,20c2d06ac2f7cd2e5e6f8affbfeb356c2b2f48285b0da87dfe53fd49b2514516
263,No immediate action,justgamblers.com,https://justgamblers.com/in/reviews/1win/,Likely India jurisdiction,Included because India was inferred from page metadata: IN.,Not found on reviewed page,evidence_snapshots/00263_justgamblers.com_7d043e1a8b.html,7d043e1a8b405709b1a70d154145dae373269a3cb986d1b027d66a96c80bb91c
264,No immediate action,bettingguide.com,https://bettingguide.com/in/casino/,Likely India jurisdiction,Included because India was inferred from page metadata: in.,Not found on reviewed page,evidence_snapshots/00264_bettingguide.com_7167f7ea95.html,7167f7ea95ce6d1856501bb6ffb4ff91527ac1a0834f644096d4c7d07ca18928
265,No immediate action,bettingguide.com,https://bettingguide.com/in/casino/new-casinos/,Likely India jurisdiction,Included because India was inferred from page metadata: in.,Not found on reviewed page,evidence_snapshots/00265_bettingguide.com_2979727698.html,2979727698e7cd73da7bf93605f49e05a88547bfb805cab6d4b34459e04f79de
266,No immediate action,bettingguide.com,https://bettingguide.com/in/casino/casino-bonuses/,Likely India jurisdiction,Included because India was inferred from page metadata: in.,Not found on reviewed page,evidence_snapshots/00266_bettingguide.com_4b2c5fb620.html,4b2c5fb6208ab243c2d2bcf607255c9b891f681796a8a9327e847a7ce444dd13
267,No immediate action,bettingguide.com,https://bettingguide.com/in/casino/casino-bonuses/free-spins/,Likely India jurisdiction,Included because India was inferred from page metadata: in.,Not found on reviewed page,evidence_snapshots/00267_bettingguide.com_f8393be94e.html,f8393be94e152e7b3c501412245d870c2ad80c9b2395f17de1abe94bec79500f
268,No immediate action,bettingguide.com,https://bettingguide.com/in/casino/blackjack/,Likely India jurisdiction,Included because India was inferred from page metadata: in.,Not found on reviewed page,evidence_snapshots/00268_bettingguide.com_ad367e6e3d.html,ad367e6e3d46df6db7fa564fd479bce1e3f9d46be8c92cbd6b17e20c065f434f
269,No immediate action,bettingguide.com,https://bettingguide.com/in/casino/baccarat/,Likely India jurisdiction,Included because India was inferred from page metadata: in.,Not found on reviewed page,evidence_snapshots/00269_bettingguide.com_62a44988bf.html,62a44988bfc1761a4b9e6719bea9b7022cd09cf91c906f37f74930e0f91d4761
270,No immediate action,bettingguide.com,https://bettingguide.com/in/casino/teen-patti/,Likely India jurisdiction,Included because India was inferred from page metadata: in.,Not found on reviewed page,evidence_snapshots/00270_bettingguide.com_049a8461d4.html,049a8461d47e42200997e722ac909398e10693380b211be9fd792e62a239dbb2
271,No immediate action,bettingguide.com,https://bettingguide.com/in/casino/andar-bahar/,Likely India jurisdiction,Included because India was inferred from page metadata: in.,Not found on reviewed page,evidence_snapshots/00271_bettingguide.com_dab148f886.html,dab148f886940b6a1aa829bd90818a5fc08671e6253418bfd16f2329f8d650ca
272,No immediate action,bettingguide.com,https://bettingguide.com/in/casino/jhandi-munda/,Likely India jurisdiction,Included because India was inferred from page metadata: in.,Not found on reviewed page,evidence_snapshots/00272_bettingguide.com_0c950739f5.html,0c950739f5726fc5125d6454ef5f4c02b9a1cee6930dd5fb6200306b71c45ad3
273,No immediate action,bettingguide.com,https://bettingguide.com/in/casino/dragon-tiger/,Likely India jurisdiction,Included because India was inferred from page metadata: in.,Not found on reviewed page,evidence_snapshots/00273_bettingguide.com_ae481c1dfb.html,ae481c1dfbd5a2e07476b0a16fd1d08b38a877081574edb14d151e892d30969b
274,No immediate action,bettingguide.com,https://bettingguide.com/in/betting/free-bets/free-bet-no-deposit/,Likely India jurisdiction,Included because India was inferred from page metadata: in.,Not found on reviewed page,evidence_snapshots/00274_bettingguide.com_ba5c9d879c.html,ba5c9d879cd7f27f9e9854be831b9e39730fc1585dd6494301b36fc82a601096
275,No immediate action,bettingguide.com,https://bettingguide.com/in/betting/best-betting-sites/low-deposit/,Likely India jurisdiction,Included because India was inferred from page metadata: in.,Not found on reviewed page,evidence_snapshots/00275_bettingguide.com_8cb884cf90.html,8cb884cf90f4a51d831e88a2b27b53b48ae6639ce5e46ab78809a03e3e0bfc89
276,No immediate action,bettingguide.com,https://bettingguide.com/in/payment-methods/,Likely India jurisdiction,Included because India was inferred from page metadata: in.,Not found on reviewed page,evidence_snapshots/00276_bettingguide.com_211b836b9c.html,211b836b9c8963eabeeed752fbf0c023e698e018cc851743b58ff9b613788db0
277,No immediate action,bettingguide.com,https://bettingguide.com/in/payment-methods/neteller-india/,Likely India jurisdiction,Included because India was inferred from page metadata: in.,Not found on reviewed page,evidence_snapshots/00277_bettingguide.com_ef2de91d83.html,ef2de91d8399bf032e96d8f51a43f975aa11e76e63ebd2c63b9742859412b073
278,No immediate action,bettingguide.com,https://bettingguide.com/in/betting/new-betting-sites/,Likely India jurisdiction,Included because India was inferred from page metadata: in.,Not found on reviewed page,evidence_snapshots/00278_bettingguide.com_05d5fb08ac.html,05d5fb08ac4763d8ec383b1adee278d482e07016421cedb7ce06d8ebe517f841
279,No immediate action,bettingguide.com,https://bettingguide.com/in/betting/best-betting-sites/horse-racing/,Likely India jurisdiction,Included because India was inferred from page metadata: in.,Not found on reviewed page,evidence_snapshots/00279_bettingguide.com_f777bb106a.html,f777bb106a22775bdc09d2a95bf1f9b94f4597f3b764f11382b0877602c8e289
280,No immediate action,bettingguide.com,https://bettingguide.com/in/betting/best-betting-sites/esports/,Likely India jurisdiction,Included because India was inferred from page metadata: in.,Not found on reviewed page,evidence_snapshots/00280_bettingguide.com_bb345e839b.html,bb345e839b734bcca12e5c563aa32791f987e39cd2d3f5f7254786f3cdc03aa1
281,No immediate action,bettingguide.com,https://bettingguide.com/in/betting/best-betting-sites/badminton/,Likely India jurisdiction,Included because India was inferred from page metadata: in.,Not found on reviewed page,evidence_snapshots/00281_bettingguide.com_5d3451d8d7.html,5d3451d8d74f80d241a7290ffab997ff2dadd63c3eca42f0e0e6dbfcc0537d34
282,No immediate action,bettingguide.com,https://bettingguide.com/in/betting/best-betting-sites/fast-withdrawal/,Likely India jurisdiction,Included because India was inferred from page metadata: in.,Not found on reviewed page,evidence_snapshots/00282_bettingguide.com_c602f12279.html,c602f12279982259d7ff2f8dbb106e1162c2efa52210eb1abce1f734b5d1a7c0
283,No immediate action,bettingguide.com,https://bettingguide.com/in/betting/betting-exchanges/,Likely India jurisdiction,Included because India was inferred from page metadata: in.,Not found on reviewed page,evidence_snapshots/00283_bettingguide.com_8cd9659b85.html,8cd9659b85665d79d319005d7dbd78fb1c2804119bd1a960ae348f9ccc4c9a1b
284,No immediate action,bettingguide.com,https://bettingguide.com/in/betting/best-betting-sites/ufc-mma/,Likely India jurisdiction,Included because India was inferred from page metadata: in.,Not found on reviewed page,evidence_snapshots/00284_bettingguide.com_b2a67d6fc0.html,b2a67d6fc0d6848ffc16bcb620f9e65f31df6498134738587bc76050786b2219
285,No immediate action,bettingguide.com,https://bettingguide.com/in/promotions/,Likely India jurisdiction,Included because India was inferred from page metadata: in.,Not found on reviewed page,evidence_snapshots/00285_bettingguide.com_4ad2bf148a.html,4ad2bf148a3a529285604b073b6c13dc4e4a839455f83cd31247ebfc6f9f81a0
286,No immediate action,bettingguide.com,https://bettingguide.com/in/betting/free-bets/,Likely India jurisdiction,Included because India was inferred from page metadata: in.,Not found on reviewed page,evidence_snapshots/00286_bettingguide.com_c37176e533.html,c37176e533f997ea893a7235a23cbf18b2a6b2dbfa75a7c309d47fef87c55c0b
297,No immediate action,gamblingmeter.net,https://gamblingmeter.net/terms-of-use/,Likely India jurisdiction,Included because India was inferred from currency text Rs..,Not found on reviewed page,evidence_snapshots/00297_gamblingmeter.net_0750fee4c7.html,0750fee4c79ea3dae34fc4db8b88fe190c3813753a4ff208ac6a7894fa03a6e5
299,No immediate action,gamblingmeter.net,https://gamblingmeter.net/slots/,Likely India jurisdiction,Included because India was inferred from currency text Rs..,Not found on reviewed page,evidence_snapshots/00299_gamblingmeter.net_e452db9720.html,e452db9720f57346601310d9a80c2b069eaf3b7b9b3e71b51ec3689f9a1e6ac9
300,No immediate action,gamblingmeter.net,https://gamblingmeter.net/crypto-casinos/,Likely India jurisdiction,Included because India was inferred from currency text Rs..,Not found on reviewed page,evidence_snapshots/00300_gamblingmeter.net_89d93ee7d3.html,89d93ee7d3a1382ab8cbe901e80e0ede629fe17a37e7aa7b471452cb9e212cb9
308,No immediate action,indiankanoon.org,https://indiankanoon.org/doc/262864/,Likely India jurisdiction,Included because India was inferred from country mention: india.,Not found on reviewed page,evidence_snapshots/00308_indiankanoon.org_d8211fa734.html,d8211fa73470dd4de3569850bc08b3442b11c488ae7ac7092168c82e5c2ec6e0
310,No immediate action,www.careers360.com,https://www.careers360.com/legal-studies/extortion-topic-pge,Likely India jurisdiction + hosted in India,Included because India was inferred from currency text Rs.; resolved IP also geolocated to India.,Not found on reviewed page,evidence_snapshots/00310_www.careers360.com_c6181a4d2c.html,c6181a4d2c36a9e496f322a8a324897b44e1326f62f714754dcb586fbf9666c0
311,No immediate action,www.criminaldefenselawyer.com,https://www.criminaldefenselawyer.com/crime-penalties/federal/Extortion.htm,Likely India jurisdiction,Included because India was inferred from currency text Rs..,Not found on reviewed page,evidence_snapshots/00311_www.criminaldefenselawyer.com_473dcbb94c.html,473dcbb94c5712c7c43f385267ea195179bda7ae24f986b86fb33a607be21c4d
312,Activity found - AmEx not visible,uslawexplained.com,https://uslawexplained.com/extortion,Likely India jurisdiction,Included because India was inferred from currency text Rs..,Not found on reviewed page,evidence_snapshots/00312_uslawexplained.com_cc55e35791.html,cc55e357919904e173b750203c586633db7c2fe274bc47865edc8ca3e3c39846
313,Reference/news - lower priority,legaldictionary.net,https://legaldictionary.net/extortion/,Likely India jurisdiction,Included because India was inferred from currency text Rs..,Not found on reviewed page,evidence_snapshots/00313_legaldictionary.net_92635e99c8.html,92635e99c872560e5ef43e4705010e06ebae55f0b14dfa8d3f786d00646de795
314,No immediate action,legaldictionary.net,https://legaldictionary.net/counterfeiting/,Likely India jurisdiction,Included because India was inferred from currency text Rs..,Not found on reviewed page,evidence_snapshots/00314_legaldictionary.net_fc03d87a2c.html,fc03d87a2cfe88c91a34823f5cd2d9ef4d2ea7d9b4cf323b065e780f8d7f39cb
316,No immediate action,www.indialawoffices.com,https://www.indialawoffices.com/legal-articles/anti-counterfeiting-laws-in-india,Likely India jurisdiction,Included because India was inferred from currency text Rs..,Not found on reviewed page,evidence_snapshots/00316_www.indialawoffices.com_95faaf1381.html,95faaf1381acb5b4f93072456fdaf018593f63e5fc0600a3f4f470f5ec2a5251
329,No immediate action,www.legislation.gov.uk,https://www.legislation.gov.uk/ukpga/1981/45,Hosted in India only,Included because the resolved IP geolocated to India (ip-api.com host geolocation); confirm business relevance manually.,Not found on reviewed page,evidence_snapshots/00329_www.legislation.gov.uk_56b95398ba.html,56b95398baf92192b7c5d26dba5f1e84286a4a8a5e92ad5ff7e73314d97da70f
331,No immediate action,cybercrime.gov.in,https://cybercrime.gov.in/,Hosted in India only,Included because the resolved IP geolocated to India (ip-api.com host geolocation); confirm business relevance manually.,Not found on reviewed page,evidence_snapshots/00331_cybercrime.gov.in_f2bf250647.html,f2bf2506475e874ed03f3fb89fa3e6b84c5dbf628864cd6159d8b2aa9a182a24
332,No immediate action,cybercrime.gov.in,https://cybercrime.gov.in/Webform/Crime_AuthoLogin.aspx,Hosted in India only,Included because the resolved IP geolocated to India (ip-api.com host geolocation); confirm business relevance manually.,Not found on reviewed page,evidence_snapshots/00332_cybercrime.gov.in_ab6b50ede4.html,ab6b50ede472a63ac5195647d92662b8cd6703269a0548cd332b20a735052926
333,No immediate action,www.india.gov.in,https://www.india.gov.in/services/details/national-cyber-crime-reporting-portal,Likely India jurisdiction + hosted in India,Included because India was inferred from country mention: india; resolved IP also geolocated to India.,Not found on reviewed page,evidence_snapshots/00333_www.india.gov.in_1b536f85a5.html,1b536f85a50720ac8b93b39e189c913e51e1d74974f2ea1efad80b9d6266c078
334,No immediate action,uppolice.gov.in,https://uppolice.gov.in/article/en/cyber-crime,Hosted in India only,Included because the resolved IP geolocated to India (ip-api.com host geolocation); confirm business relevance manually.,Not found on reviewed page,evidence_snapshots/00334_uppolice.gov.in_80c241d8f0.html,80c241d8f08aa6b960ce8336a0710b7d7922daafd8204c457ea7f4be76fc317b
335,No immediate action,cybercrime.gov.in,https://cybercrime.gov.in/webform/Crime_NodalGrivanceList.aspx,Hosted in India only,Included because the resolved IP geolocated to India (ip-api.com host geolocation); confirm business relevance manually.,Not found on reviewed page,evidence_snapshots/00335_cybercrime.gov.in_f553b4edd4.html,f553b4edd4079c6f5dd251443e6ec8816ddff3db553de139d2a86e36d97e880d
336,No immediate action,cybercrime.gov.in,https://cybercrime.gov.in/Webform/Advisory.aspx,Likely India jurisdiction + hosted in India,Included because India was inferred from currency text Rs.; resolved IP also geolocated to India.,Not found on reviewed page,evidence_snapshots/00336_cybercrime.gov.in_914531ea2d.html,914531ea2dbb3e9b40c81075fee2a840340820d2efa691c221775114fb0bea99
338,No immediate action,www.fbi.gov,https://www.fbi.gov/investigate/cyber,Likely India jurisdiction,Included because India was inferred from currency text Rs..,Not found on reviewed page,evidence_snapshots/00338_www.fbi.gov_e5eeacb2b6.html,e5eeacb2b685a1bb7a76888eab1178f0d7431b8eed00eb4fa5a673305717918e
339,Reference/news - lower priority,www.interpol.int,https://www.interpol.int/en/Crimes/Cybercrime,Likely India jurisdiction + hosted in India,Included because India was inferred from currency text Rs.; resolved IP also geolocated to India.,Not found on reviewed page,evidence_snapshots/00339_www.interpol.int_7bfad04439.html,7bfad0443924c8cbf3c525273fc410fd2c9d6c6bacedd7d6873fd5d291e7437b
340,No immediate action,www.ice.gov,https://www.ice.gov/hsi/investigate/cybercrime,Likely India jurisdiction + hosted in India,Included because India was inferred from currency text Rs.; resolved IP also geolocated to India.,Not found on reviewed page,evidence_snapshots/00340_www.ice.gov_867da85463.html,867da85463551ac77aa45e206f26d5a082451cc403d83939ad2e8c35c938a5a3
344,No immediate action,www.cps.gov.uk,https://www.cps.gov.uk/types-crime/cyber-online-crime,Likely India jurisdiction,Included because India was inferred from currency text Rs..,Not found on reviewed page,evidence_snapshots/00344_www.cps.gov.uk_56d64ced78.html,56d64ced78e4dc420c081bd0258a1b7a01d6d4309837a223aa11119b24ced187
345,Reference/news - lower priority,www.avast.com,https://www.avast.com/c-cybercrime,Hosted in India only,Included because the resolved IP geolocated to India (ip-api.com host geolocation); confirm business relevance manually.,Not found on reviewed page,evidence_snapshots/00345_www.avast.com_b18cc860d0.html,b18cc860d0ca53b2ee6cbee9b30d15b801c167b4c123630bfe21a670a252b93c
346,Reference/news - lower priority,www.justice.gov,https://www.justice.gov/jm/jm-9-131000-hobbs-act-18-usc-1951,Hosted in India only,Included because the resolved IP geolocated to India (ip-api.com host geolocation); confirm business relevance manually.,Not found on reviewed page,evidence_snapshots/00346_www.justice.gov_b0da99607d.html,b0da99607db43cf010a77b4a406962582378e68113eb19a01d7dd43438515ef2
349,No immediate action,www.investopedia.com,https://www.investopedia.com/authentication/login?regSource=aupcfo&relativeRedirectUrl=%2Fterms%2Fe%2Fextortion.asp,Likely India jurisdiction,Included because India was inferred from search market en-IN.,Not found on reviewed page,evidence_snapshots/00349_auth.investopedia.com_db7dee79f2.html,db7dee79f24af37852b5af8afa087f82fc2d62cd1dc676eb7152489a0102bff8
350,Manual AmEx evidence review,www.investopedia.com,https://www.investopedia.com/certificates-deposit-news-7111770,Likely India jurisdiction,Included because India was inferred from search market en-IN.,Possible - AmEx logo/token or mixed signal,evidence_snapshots/00350_www.investopedia.com_0db326b1fc.html,0db326b1fc5bde93788b27954a17ee0cf913f89cbc81ee87c0853b3098e2e402
351,No immediate action,www.investopedia.com,https://www.investopedia.com/banking-4427754,Likely India jurisdiction,Included because India was inferred from currency text Rs..,Not found on reviewed page,evidence_snapshots/00351_www.investopedia.com_68c8008e24.html,68c8008e244a5c17baac52d3c7011da202c6df147e7cbf30cd89c2c184139c29
352,No immediate action,www.investopedia.com,https://www.investopedia.com/savings-accounts-4689728,Likely India jurisdiction,Included because India was inferred from currency text Rs..,Not found on reviewed page,evidence_snapshots/00352_www.investopedia.com_cfcd8a9838.html,cfcd8a98388afb307d129faecfbbbcb48303bafd58321274f06791e4cd7a9b6d
359,Manual AmEx evidence review,www.investopedia.com,https://www.investopedia.com/,Likely India jurisdiction,Included because India was inferred from currency text Rs..,Possible - AmEx logo/token or mixed signal,evidence_snapshots/00359_www.investopedia.com_1f781588ce.html,1f781588cedf031a4055af4ff2e59548134bbe7d15cfe23e7cfec58369167a99
360,No immediate action,www.investopedia.com,https://www.investopedia.com/simulator/?inv_to_sim=global_nav,Likely India jurisdiction,Included because India was inferred from search market en-IN.,Not found on reviewed page,evidence_snapshots/00360_www.investopedia.com_b3121deda3.html,b3121deda375c4e5acfea07d3c7c36ff4a688f3fa22b79231026ebcf82e3bca1
363,No immediate action,www.investopedia.com,https://www.investopedia.com/company-news-4427705,Likely India jurisdiction,Included because India was inferred from search market en-IN.,Not found on reviewed page,evidence_snapshots/00363_www.investopedia.com_210e5892c9.html,210e5892c97e17a5dabc1ee62768c19afaee533a9d84fb46cc6719787738efd4
364,No immediate action,www.investopedia.com,https://www.investopedia.com/earnings-reports-5218419,Likely India jurisdiction,Included because India was inferred from currency text Rs..,Not found on reviewed page,evidence_snapshots/00364_www.investopedia.com_80775b6e06.html,80775b6e066ee7644464f49289948aea745e4a98cb120353e3d4675a31e60985
365,No immediate action,www.investopedia.com,https://www.investopedia.com/mortgage-rates-5184598,Likely India jurisdiction,Included because India was inferred from search market en-IN.,Not found on reviewed page,evidence_snapshots/00365_www.investopedia.com_345b026a72.html,345b026a72604c552f9ee42d6f7d093329a2a351eda9ab52d7e196f3aaef4866
367,No immediate action,growthx.skillarbitra.ge,https://growthx.skillarbitra.ge/f/google-accounting-b-com-grads-11july,Likely India jurisdiction,Included because India was inferred from currency symbol INR.,Not found on reviewed page,evidence_snapshots/00367_growthx.skillarbitra.ge_ef0225d5d4.html,ef0225d5d442115dfaaaf64c91e8633cd7e2bf4c393f1cd873078dbd5b703ffb
368,No immediate action,indiacode.nic.in,https://indiacode.nic.in/handle/123456789/2263?sam_handle=123456789%2F1362,Likely India jurisdiction + hosted in India,Included because India was inferred from country mention: india; resolved IP also geolocated to India.,Not found on reviewed page,evidence_snapshots/00368_www.indiacode.nic.in_b587738301.html,b58773830131e53863e4cff6604bafe54949d034b5cf7c4db6711c0be5c71276
371,No immediate action,timesofindia.indiatimes.com,https://timesofindia.indiatimes.com/readersblog/lawpedia/extortion-35324/,Likely India jurisdiction + hosted in India,Included because India was inferred from country mention: india; resolved IP also geolocated to India.,Not found on reviewed page,evidence_snapshots/00371_timesofindia.indiatimes.com_cc147b8150.html,cc147b8150ad52656cefefa885a5f45447563274c2386f13a29aefdad6e85145
373,No immediate action,www.legalserviceindia.com,https://www.legalserviceindia.com/legal/article-6236-section-383-of-indian-penal-code.html,Likely India jurisdiction,Included because India was inferred from country mention: india.,Not found on reviewed page,evidence_snapshots/00373_www.legalserviceindia.com_ace76f510d.html,ace76f510d6d615f978759435f9643a02e05b45ceb60b89ca3d2ce1b06f183dc
374,No immediate action,blog.ipleaders.in,https://blog.ipleaders.in/feed/,Likely India jurisdiction,Included because India was inferred from currency text Rs..,Not found on reviewed page,evidence_snapshots/00374_blog.ipleaders.in_28f6035df4.html,28f6035df4184dd107ef5ff24ba8622cfe560a316ad94975db298d4a35a06591
384,No immediate action,lawsikho.com,https://lawsikho.com/course/certificate-criminal-litigation-trial-advocacy,Likely India jurisdiction,Included because India was inferred from currency code INR.,Not found on reviewed page,evidence_snapshots/00384_lawsikho.com_5f69bc2601.html,5f69bc2601f7a2d0c46916c02be7ea965f7ecdfa96604e479af888a4c3a88f97
385,No immediate action,indiankanoon.org,https://indiankanoon.org/doc/1689792/,Likely India jurisdiction,Included because India was inferred from currency text Rs..,Not found on reviewed page,evidence_snapshots/00385_indiankanoon.org_203a1c3c75.html,203a1c3c75a83ce522e93ce365e93dba38a6fc47ecf64018a1d81e520db496a4
386,No immediate action,rebrand.ly,https://rebrand.ly/IDmarch,Likely India jurisdiction + hosted in India,Included because India was inferred from currency text Rs.; resolved IP also geolocated to India.,Not found on reviewed page,evidence_snapshots/00386_app.rebrandly.com_ffdfad15b6.html,ffdfad15b67a8cf3cab6708b81f0879ab1d79466d872fb40e4cdab38c93fbc29
387,No immediate action,www.careers360.com,https://www.careers360.com/colleges/reviews,Hosted in India only,Included because the resolved IP geolocated to India (ip-api.com host geolocation); confirm business relevance manually.,Not found on reviewed page,evidence_snapshots/00387_www.careers360.com_932f1d797c.html,932f1d797c34e4ebfb61def48c019df52fe2e4a78544cde2153f079b373254e1
388,No immediate action,www.careers360.com,https://www.careers360.com/courses/investment-banking-course,Likely India jurisdiction + hosted in India,Included because India was inferred from currency text Rs.; resolved IP also geolocated to India.,Not found on reviewed page,evidence_snapshots/00388_www.careers360.com_33ffb2636d.html,33ffb2636d0cc39a0e043fbcc87c44b89cf573983acdd585d99205573b6ed921
389,No immediate action,www.careers360.com,https://www.careers360.com/careers/accountant,Hosted in India only,Included because the resolved IP geolocated to India (ip-api.com host geolocation); confirm business relevance manually.,Not found on reviewed page,evidence_snapshots/00389_www.careers360.com_50df209776.html,50df2097765ff927173ea00377bde7359222c328941df6a077f27a1f0ef1f59f
390,No immediate action,www.careers360.com,https://www.careers360.com/courses-certifications/financial-accounting-courses-brpg,Hosted in India only,Included because the resolved IP geolocated to India (ip-api.com host geolocation); confirm business relevance manually.,Not found on reviewed page,evidence_snapshots/00390_www.careers360.com_84a72b535b.html,84a72b535ba658e451eac209dbf06dcfa69be03413912fd10cbc6550dd28ebf9
391,No immediate action,finance.careers360.com,https://finance.careers360.com/colleges/list-of-accountancy-colleges-in-india,Likely India jurisdiction + hosted in India,Included because India was inferred from currency symbol INR; resolved IP also geolocated to India.,Not found on reviewed page,evidence_snapshots/00391_finance.careers360.com_8e592f9a86.html,8e592f9a86dc7ad86072dcbdc37093d8a4faae33a014287dc7fd610b582042c2
392,No immediate action,news.careers360.com,https://news.careers360.com/warm-helpful-funny-rajnish-was-ideal-colleague,Hosted in India only,Included because the resolved IP geolocated to India (ip-api.com host geolocation); confirm business relevance manually.,Not found on reviewed page,evidence_snapshots/00392_news.careers360.com_4034895808.html,40348958082f8d8f215c7f18efbd1eba37849203449d3b56d38a823d45d1ffa4
393,No immediate action,www.careers360.com,https://www.careers360.com/terms-of-use,Likely India jurisdiction + hosted in India,Included because India was inferred from country mention: india; resolved IP also geolocated to India.,Not found on reviewed page,evidence_snapshots/00393_www.careers360.com_58d76b7ae0.html,58d76b7ae007793ca26676c35d07f2d5b96080aebb200122d8bfcde8f0a5fb56
394,No immediate action,engineering.careers360.com,https://engineering.careers360.com/articles/best-books-for-wbjee,Likely India jurisdiction + hosted in India,Included because India was inferred from currency text Rs.; resolved IP also geolocated to India.,Not found on reviewed page,evidence_snapshots/00394_engineering.careers360.com_0ab305c7a8.html,0ab305c7a80b277f75508fe3cc8a75cdacf15d42e879783f71645defa5b61039
395,No immediate action,engineering.careers360.com,https://engineering.careers360.com/articles/which-best-book-for-ap-eamcet,Likely India jurisdiction + hosted in India,Included because India was inferred from currency text Rs.; resolved IP also geolocated to India.,Not found on reviewed page,evidence_snapshots/00395_engineering.careers360.com_b45d434dc2.html,b45d434dc294be170eddb40a46cd9d413f9725c9aa6294c5851e837d105f2676
396,No immediate action,engineering.careers360.com,https://engineering.careers360.com/articles/best-books-for-mht-cet,Likely India jurisdiction + hosted in India,Included because India was inferred from currency text Rs.; resolved IP also geolocated to India.,Not found on reviewed page,evidence_snapshots/00396_engineering.careers360.com_c68af8d845.html,c68af8d8454f7f2ac5005a5f8af6af39df81634f1638fd9f1f9222b252b7e446
397,No immediate action,engineering.careers360.com,https://engineering.careers360.com/articles/best-books-for-jee-advanced,Likely India jurisdiction + hosted in India,Included because India was inferred from currency text Rs.; resolved IP also geolocated to India.,Not found on reviewed page,evidence_snapshots/00397_engineering.careers360.com_1317d785fb.html,1317d785fbc151229aa26a76f60352fda082e83b062621ff20ccf85e53e82b3b
398,No immediate action,engineering.careers360.com,https://engineering.careers360.com/articles/best-books-for-jee-main,Likely India jurisdiction + hosted in India,Included because India was inferred from currency text Rs.; resolved IP also geolocated to India.,Not found on reviewed page,evidence_snapshots/00398_engineering.careers360.com_15f4fb461d.html,15f4fb461dc4f0d1cf57b2b58375ab64d7286fa4be88a037060332e6f9d343c1
399,No immediate action,engineering.careers360.com,https://engineering.careers360.com/articles/mht-cet-preparation-tips-important-topics-books,Likely India jurisdiction + hosted in India,Included because India was inferred from currency text Rs.; resolved IP also geolocated to India.,Not found on reviewed page,evidence_snapshots/00399_engineering.careers360.com_5f22936fd2.html,5f22936fd24e913aa0a25810527a0e4a74c46840a3c26de58c19b837a73b2ea0
400,No immediate action,engineering.careers360.com,https://engineering.careers360.com/colleges/list-of-electrical-engineering-colleges-in-india,Hosted in India only,Included because the resolved IP geolocated to India (ip-api.com host geolocation); confirm business relevance manually.,Not found on reviewed page,evidence_snapshots/00400_engineering.careers360.com_0ce9dc074c.html,0ce9dc074cd28253b869527c2ba4dec1a6a6d93d74552619c5abdb121cf872d3
401,No immediate action,engineering.careers360.com,https://engineering.careers360.com/colleges/list-of-civil-engineering-colleges-in-india,Hosted in India only,Included because the resolved IP geolocated to India (ip-api.com host geolocation); confirm business relevance manually.,Not found on reviewed page,evidence_snapshots/00401_engineering.careers360.com_a7e4fec859.html,a7e4fec859bc2db8032a19bb4b92dc162234c2a12a5175a0813dae21c883c73e
402,No immediate action,engineering.careers360.com,https://engineering.careers360.com/colleges/list-of-mechanical-engineering-colleges-in-india,Likely India jurisdiction + hosted in India,Included because India was inferred from currency symbol INR; resolved IP also geolocated to India.,Not found on reviewed page,evidence_snapshots/00402_engineering.careers360.com_1b58939f38.html,1b58939f38bcebaa18fbcbc8d71861cc0844fd6893780a6df1aa1b10bcd5533e
403,No immediate action,engineering.careers360.com,https://engineering.careers360.com/colleges/list-of-cyber-security-colleges-in-india,Hosted in India only,Included because the resolved IP geolocated to India (ip-api.com host geolocation); confirm business relevance manually.,Not found on reviewed page,evidence_snapshots/00403_engineering.careers360.com_1d3f8d840c.html,1d3f8d840c2e988ad291703136117c373f5bc04cc16b09057547534638a06837
404,No immediate action,uslawexplained.com,https://uslawexplained.com/tools/deposit_deadline,Likely India jurisdiction,Included because India was inferred from currency text Rs..,Not found on reviewed page,evidence_snapshots/00404_uslawexplained.com_7ceec0b34a.html,7ceec0b34aa5ac010ba45dabe8533a5061cba5a3ea0d6847be1b7bd150f4c690
405,No immediate action,uslawexplained.com,https://uslawexplained.com/wiki/core_legal_concepts_a,Likely India jurisdiction,Included because India was inferred from currency text Rs..,Not found on reviewed page,evidence_snapshots/00405_uslawexplained.com_b7b9aeeade.html,b7b9aeeade414654892bb5773de7ca4f11c9bf4164c3efb2aa1c5c4308d24f51
406,Activity found - AmEx not visible,uslawexplained.com,https://uslawexplained.com/extortion?do=edit,Likely India jurisdiction,Included because India was inferred from currency text Rs..,Not found on reviewed page,evidence_snapshots/00406_uslawexplained.com_cffab5e84b.html,cffab5e84be8a0537e0c746ba79db9e5dee21b54f5dee9d774d57f58d66f0aa6
407,Activity found - AmEx not visible,uslawexplained.com,https://uslawexplained.com/doku.php?id=extortion&rev=1783507399,Likely India jurisdiction,Included because India was inferred from currency text Rs..,Not found on reviewed page,evidence_snapshots/00407_uslawexplained.com_df0106b144.html,df0106b1445eea82cb4b4d465906bfc74791b1a5e0ce8f8c1fc4fe3452ea52c6
410,No immediate action,www.uspto.gov,https://www.uspto.gov/ip-policy/trade-secret-policy,Likely India jurisdiction,Included because India was inferred from currency text Rs..,Not found on reviewed page,evidence_snapshots/00410_www.uspto.gov_e3545b90c0.html,e3545b90c02aa4c87895733824f98d99e3e6b51fc3b65b5004638a2f3cdc6fbc
420,No immediate action,www.ebcwebstore.com,http://www.ebcwebstore.com/product_info.php?products_id=7007,Likely India jurisdiction,Included because India was inferred from currency text Rs..,Not found on reviewed page,evidence_snapshots/00420_www.ebcwebstore.com_21e32114aa.html,21e32114aa20d0c83e37d39290f3d6592afd74450e6bb07972655686d8985cc8
421,No immediate action,akismet.com,https://akismet.com/privacy/,Likely India jurisdiction,Included because India was inferred from search market en-IN.,Not found on reviewed page,evidence_snapshots/00421_akismet.com_8e7fef0668.html,8e7fef066851999dcbefa58930776c5e900d87631f1485d978a16a0f0e76c9c0
433,No immediate action,doi.org,https://doi.org/,Likely India jurisdiction + hosted in India,Included because India was inferred from search market en-IN; resolved IP also geolocated to India.,Not found on reviewed page,evidence_snapshots/00433_www.doi.org_7c63277ac8.html,7c63277ac8b8b38a54f48b82ace8d690e5c41196948f33c0c049503a9a91b54b
437,No immediate action,redpoints.integrityline.com,https://redpoints.integrityline.com/,Likely India jurisdiction,Included because India was inferred from search market en-IN.,Not found on reviewed page,evidence_snapshots/00437_redpoints.integrityline.com_a06e3040a7.html,a06e3040a7d787e75a47082b9e0f8adf8c9933c0b7c7747882e5c9c3153a1a3b
440,No immediate action,myaccount.rpc.eu-core.redpoints.com,https://myaccount.rpc.eu-core.redpoints.com/,Likely India jurisdiction,Included because India was inferred from search market en-IN.,Not found on reviewed page,evidence_snapshots/00440_myaccount.rpc.eu-core.redpoints.com_a7bcac9d6e.html,a7bcac9d6eb2b281c736172e2a15f9964217030d9dde09d6d772e78be2145e6c
460,No immediate action,beian.mps.gov.cn,https://beian.mps.gov.cn/#/query/webSearch?code=34019202002308,Likely India jurisdiction,Included because India was inferred from currency text Rs..,Not found on reviewed page,evidence_snapshots/00460_beian.mps.gov.cn_78de8f972f.html,78de8f972f7367afc1ed4015cd55a1ba78128b04c3b5328b5116468c25cf2b47
466,No immediate action,chambers.com,https://chambers.com/law-firm/cartwright-king-uk-1:1963,Likely India jurisdiction,Included because India was inferred from currency text Rs..,Not found on reviewed page,evidence_snapshots/00466_chambers.com_358a7f97ba.html,358a7f97ba412f71969df4ba1506f1635e7704c35e7047a234a074593a859fed
481,No immediate action,www.elegantthemes.com,https://www.elegantthemes.com,Likely India jurisdiction,Included because India was inferred from currency text Rs..,Not found on reviewed page,evidence_snapshots/00481_www.elegantthemes.com_8b3c5eb634.html,8b3c5eb634624b9ebd8fb5d1f95bc4a665ef6abe32ae0c5ebb023b1325f761ad
485,No immediate action,mha.gov.in,https://mha.gov.in/hi,Likely India jurisdiction + hosted in India,Included because India was inferred from currency text Rs.; resolved IP also geolocated to India.,Not found on reviewed page,evidence_snapshots/00485_xn--i1b5bzbybhfo5c8b4bxh.xn--11b7cb3a6a_3c5214f980.html,3c5214f9801b28bc58d216230055dcb34a5253c588772673344bac38ce0c8cea
486,No immediate action,sharechat.com,https://sharechat.com/profile/cyberdost?d=n,Likely India jurisdiction,Included because India was inferred from country mention: india.,Not found on reviewed page,evidence_snapshots/00486_sharechat.com_b1539fccb6.html,b1539fccb6ab51e0729261ff9fba0bf587620147b8467a62991f27fd64870a8a
487,No immediate action,public.app,https://public.app/user/profile/1ZCQuF5wrRbR9lcsrtcZgsPkYfC2,Likely India jurisdiction,Included because India was inferred from country mention: india.,Not found on reviewed page,evidence_snapshots/00487_public.app_0488a8dd23.html,0488a8dd232d5739f8563d59e93ff97afb1234b7008c48c57b50fb6ed53ef3d7
488,No immediate action,tafcop.sancharsaathi.gov.in,https://tafcop.sancharsaathi.gov.in/telecomUser/,Likely India jurisdiction + hosted in India,Included because India was inferred from country mention: india; resolved IP also geolocated to India.,Not found on reviewed page,evidence_snapshots/00488_tafcop.sancharsaathi.gov.in_345edefd53.html,345edefd5327155d88c617b8d5d300682ac7522dfe76409316bd9f9237baac7b
489,No immediate action,gac.gov.in,https://gac.gov.in/,Likely India jurisdiction + hosted in India,Included because India was inferred from currency text Rs.; resolved IP also geolocated to India.,Not found on reviewed page,evidence_snapshots/00489_gac.gov.in_e3dc44f0dd.html,e3dc44f0ddf26abe8fe1380c2c5e437929e9fbe7ac8f2e625459544204f3e201
490,No immediate action,www.nvaccess.org,https://www.nvaccess.org/download/,Likely India jurisdiction,Included because India was inferred from currency text Rs..,Not found on reviewed page,evidence_snapshots/00490_www.nvaccess.org_8dd2b2e880.html,8dd2b2e880adbceaf72eacb39c0307084bcc3bcdb4103468e2f19bdbf103e349
491,Manual AmEx evidence review,indiaai.gov.in,https://indiaai.gov.in/article/ai-for-citizen-safety-join-the-indiaai-cyberguard-ai-hackathon,Likely India jurisdiction + hosted in India,Included because India was inferred from currency text Rs.; resolved IP also geolocated to India.,Possible - AmEx logo/token or mixed signal,evidence_snapshots/00491_indiaai.gov.in_a016c274c1.html,a016c274c1eb84cd58b4e5457f23b202a9bf0b09228c4a41d939928add3faf3e
492,No immediate action,cybercrime.gov.in,https://cybercrime.gov.in/Webform/cyber_volunteers_TnC.aspx,Hosted in India only,Included because the resolved IP geolocated to India (ip-api.com host geolocation); confirm business relevance manually.,Not found on reviewed page,evidence_snapshots/00492_cybercrime.gov.in_5c6dfe9d55.html,5c6dfe9d55d9545dd1c86740c0b67afd27c0e8358fde588a53430d79e1cd012e
493,No immediate action,cybercrime.gov.in,https://cybercrime.gov.in/Webform/FAQ.aspx,Hosted in India only,Included because the resolved IP geolocated to India (ip-api.com host geolocation); confirm business relevance manually.,Not found on reviewed page,evidence_snapshots/00493_cybercrime.gov.in_b9f4f15f7b.html,b9f4f15f7bcdb7af6a8bd7050f65dc1801ead952afc3922b6ec6fd0171e014de
494,No immediate action,cybercrime.gov.in,https://cybercrime.gov.in/Hindi/Defaulthn.aspx,Hosted in India only,Included because the resolved IP geolocated to India (ip-api.com host geolocation); confirm business relevance manually.,Not found on reviewed page,evidence_snapshots/00494_cybercrime.gov.in_c03feb045f.html,c03feb045fd6a659f0c432136f5ba5111727f20d356d0cceb0137fe41597bbf0
495,No immediate action,cybercrime.gov.in,https://cybercrime.gov.in/Default.aspx,Hosted in India only,Included because the resolved IP geolocated to India (ip-api.com host geolocation); confirm business relevance manually.,Not found on reviewed page,evidence_snapshots/00495_cybercrime.gov.in_98f4b22923.html,98f4b2292342e11e85d346e15ac296a89e83866a0c2df90f0f9c4415a6d42867
496,No immediate action,cybercrime.gov.in,https://cybercrime.gov.in/Webform/Index.aspx,Hosted in India only,Included because the resolved IP geolocated to India (ip-api.com host geolocation); confirm business relevance manually.,Not found on reviewed page,evidence_snapshots/00496_cybercrime.gov.in_c5b98e5e41.html,c5b98e5e41970bcb52e7e1d1c4e5092e17252bc45344180534417caedf30c402
497,No immediate action,cybercrime.gov.in,https://cybercrime.gov.in/Webform/suspect_search_repository.aspx,Likely India jurisdiction + hosted in India,Included because India was inferred from currency text Rs.; resolved IP also geolocated to India.,Not found on reviewed page,evidence_snapshots/00497_cybercrime.gov.in_c0fa4653a7.html,c0fa4653a7c0bf53ef286088adb9f96b4b166052346d92eb485094e2887591d0
498,No immediate action,cybercrime.gov.in,https://cybercrime.gov.in/Webform/suspect_search_websites.aspx,Likely India jurisdiction + hosted in India,Included because India was inferred from currency text Rs.; resolved IP also geolocated to India.,Not found on reviewed page,evidence_snapshots/00498_cybercrime.gov.in_ec7258fa04.html,ec7258fa04c96a0d984739cf4fa73f7d20b22b334adebb05fa9ce90710655db1
499,No immediate action,cybercrime.gov.in,https://cybercrime.gov.in/Webform/cyber_suspect.aspx,Hosted in India only,Included because the resolved IP geolocated to India (ip-api.com host geolocation); confirm business relevance manually.,Not found on reviewed page,evidence_snapshots/00499_cybercrime.gov.in_6946690af1.html,6946690af160fe87d7106b094715fa8166dc98890638082d9c2901199b62fb9a
500,No immediate action,cybercrime.gov.in,https://cybercrime.gov.in/Webform/report_abuse_social_media.aspx,Hosted in India only,Included because the resolved IP geolocated to India (ip-api.com host geolocation); confirm business relevance manually.,Not found on reviewed page,evidence_snapshots/00500_cybercrime.gov.in_5dad2fc491.html,5dad2fc4919c6276c9fa76705d36c44b6472466592af0b4eca8d252a3ec26b3a
501,No immediate action,cybercrime.gov.in,https://cybercrime.gov.in/Webform/cyber_volunteers_concept.aspx,Hosted in India only,Included because the resolved IP geolocated to India (ip-api.com host geolocation); confirm business relevance manually.,Not found on reviewed page,evidence_snapshots/00501_cybercrime.gov.in_0c58f9ed16.html,0c58f9ed16354b56a08f3c6a683b5486ab921f882ac744723dcd59960ee73425
502,No immediate action,cybercrime.gov.in,https://cybercrime.gov.in/Webform/CyberVolunteerinstruction.aspx,Hosted in India only,Included because the resolved IP geolocated to India (ip-api.com host geolocation); confirm business relevance manually.,Not found on reviewed page,evidence_snapshots/00502_cybercrime.gov.in_b9f7c8d772.html,b9f7c8d7729e8953999bfa5141d4023438a548ead75f0d2cdbc2440698a909c5
503,No immediate action,india.gov.in,https://india.gov.in/hi,Likely India jurisdiction + hosted in India,Included because India was inferred from currency symbol INR; resolved IP also geolocated to India.,Not found on reviewed page,evidence_snapshots/00503_xn--i1bj3fqcyde.xn--11b7cb3a6a.xn--h2brj_bf8ae2b95a.html,bf8ae2b95acfcdfed72eb901f7b16bd2817b54ed01021ea5731e044fdb833488
504,No immediate action,amritmahotsav.nic.in,https://amritmahotsav.nic.in/,Likely India jurisdiction + hosted in India,Included because India was inferred from country mention: india; resolved IP also geolocated to India.,Not found on reviewed page,evidence_snapshots/00504_amritkaal.nic.in_04f06fec43.html,04f06fec43ad6670826cce62c2364e764b2b5765992da96bd4c90e9f25f1b67f
505,No immediate action,cybercrime.gov.in,https://cybercrime.gov.in/Webform/about_unlawful_content.aspx,Hosted in India only,Included because the resolved IP geolocated to India (ip-api.com host geolocation); confirm business relevance manually.,Not found on reviewed page,evidence_snapshots/00505_cybercrime.gov.in_0131168754.html,013116875458bb1018c906926d6f6d26953ef46448fd05d5535506fe3a216e06
506,No immediate action,pgportal.gov.in,https://pgportal.gov.in/,Likely India jurisdiction + hosted in India,Included because India was inferred from country mention: india; resolved IP also geolocated to India.,Not found on reviewed page,evidence_snapshots/00506_pgportal.gov.in_99a267e88f.html,99a267e88f22ce59574b7918d1018cddec92ca386a0756945a681ef25ccfb700
507,No immediate action,www.india.gov.in,https://www.india.gov.in/website-uttar-pradesh-police?cd=NwA%3D,Likely India jurisdiction + hosted in India,Included because India was inferred from country mention: india; resolved IP also geolocated to India.,Not found on reviewed page,evidence_snapshots/00507_www.india.gov.in_c93e2fb714.html,c93e2fb714c64e702e937f8c56b8404590f5ec749dc3a5b86df49fbab01176c8
509,No immediate action,www.wcso.in,https://www.wcso.in/,Likely India jurisdiction + hosted in India,Included because India was inferred from currency code INR; resolved IP also geolocated to India.,Not found on reviewed page,evidence_snapshots/00509_www.wcso.in_ae14756577.html,ae14756577fc15032c5f8391746070d73267e5fa9767c66d50250c7e127ee068
511,No immediate action,uppolice.gov.in,https://uppolice.gov.in/article/en/frmJanhitGuaranteeOfficerDetail.aspx?dgphq=&cd=NAA2ADYAMQA%3D,Hosted in India only,Included because the resolved IP geolocated to India (ip-api.com host geolocation); confirm business relevance manually.,Not found on reviewed page,evidence_snapshots/00511_uppolice.gov.in_03176e2ccb.html,03176e2ccb47bc8f511413fe677025e0dc119a0b17d9a60659e70cced36d0bdb
512,No immediate action,uppolice.gov.in,https://uppolice.gov.in/article/en/frmJanhitGuaranteeOfficerDetail.aspx?commagr=&cd=NAA2ADYANwA%3D,Hosted in India only,Included because the resolved IP geolocated to India (ip-api.com host geolocation); confirm business relevance manually.,Not found on reviewed page,evidence_snapshots/00512_uppolice.gov.in_12e8de32c2.html,12e8de32c202ae286093f0d53c3fe9af416b85fd07b05cc4c94a064d84af988a
513,No immediate action,uppolice.gov.in,https://uppolice.gov.in/article/en/frmJanhitGuaranteeOfficerDetail.aspx?commgbngr=&cd=NAA2ADYANAA%3D,Hosted in India only,Included because the resolved IP geolocated to India (ip-api.com host geolocation); confirm business relevance manually.,Not found on reviewed page,evidence_snapshots/00513_uppolice.gov.in_4353e2b46a.html,4353e2b46a298a77a554260a21c4a3c1ed8bcbe12c800663e4b301ff94248d23
514,No immediate action,uppolice.gov.in,https://uppolice.gov.in/article/en/frmJanhitGuaranteeOfficerDetail.aspx?commgzb=&cd=NAA3ADIAMQA%3D,Hosted in India only,Included because the resolved IP geolocated to India (ip-api.com host geolocation); confirm business relevance manually.,Not found on reviewed page,evidence_snapshots/00514_uppolice.gov.in_e99071bbe1.html,e99071bbe13a846370d57ff875e4f787245e19060f292a8220394a54947a6083
515,No immediate action,uppolice.gov.in,https://uppolice.gov.in/article/en/frmJanhitGuaranteeOfficerDetail.aspx?commknp=&cd=NAA2ADYANQA%3D,Hosted in India only,Included because the resolved IP geolocated to India (ip-api.com host geolocation); confirm business relevance manually.,Not found on reviewed page,evidence_snapshots/00515_uppolice.gov.in_3a10b0f8be.html,3a10b0f8bef91acf135ae3bdf92bc52ad9f1be091ffc1a8ea347b23e276c1bd6
516,No immediate action,uppolice.gov.in,https://uppolice.gov.in/article/en/frmJanhitGuaranteeOfficerDetail.aspx?commlko=&cd=NAA2ADYAMwA%3D,Hosted in India only,Included because the resolved IP geolocated to India (ip-api.com host geolocation); confirm business relevance manually.,Not found on reviewed page,evidence_snapshots/00516_uppolice.gov.in_5087543c6f.html,5087543c6fbc5f232b5fa9a199e817df57273ce0ebf35d1b25c227bdc74bdf9e
517,No immediate action,uppolice.gov.in,https://uppolice.gov.in/article/en/pdf/TeleManas.pdf,Likely India jurisdiction + hosted in India,Included because India was inferred from country-code domain .in; resolved IP also geolocated to India.,Not found on reviewed page,evidence_snapshots/00517_uppolice.gov.in_dc1d54dab6.html,dc1d54dab6ec8c00f70137927504e4f222c8395f10760b6beecfcfa94e08249f
518,No immediate action,uppolice.gov.in,https://uppolice.gov.in/article/en/pages/en/topmenu/cctns/en-cctns-faqs,Likely India jurisdiction + hosted in India,Included because India was inferred from country-code domain .in; resolved IP also geolocated to India.,Not found on reviewed page,evidence_snapshots/00518_uppolice.gov.in_dc1d54dab6.html,dc1d54dab6ec8c00f70137927504e4f222c8395f10760b6beecfcfa94e08249f
519,No immediate action,uppolice.gov.in,https://uppolice.gov.in/article/en/article/en/help,Likely India jurisdiction + hosted in India,Included because India was inferred from country-code domain .in; resolved IP also geolocated to India.,Not found on reviewed page,evidence_snapshots/00519_uppolice.gov.in_dc1d54dab6.html,dc1d54dab6ec8c00f70137927504e4f222c8395f10760b6beecfcfa94e08249f
520,No immediate action,uppolice.gov.in,https://uppolice.gov.in/article/en/article/en/terms-and-condition,Likely India jurisdiction + hosted in India,Included because India was inferred from country-code domain .in; resolved IP also geolocated to India.,Not found on reviewed page,evidence_snapshots/00520_uppolice.gov.in_dc1d54dab6.html,dc1d54dab6ec8c00f70137927504e4f222c8395f10760b6beecfcfa94e08249f
521,No immediate action,uppolice.gov.in,https://uppolice.gov.in/article/en/pages/en/topmenu/about-us/en-general-information,Likely India jurisdiction + hosted in India,Included because India was inferred from country-code domain .in; resolved IP also geolocated to India.,Not found on reviewed page,evidence_snapshots/00521_uppolice.gov.in_dc1d54dab6.html,dc1d54dab6ec8c00f70137927504e4f222c8395f10760b6beecfcfa94e08249f
522,No immediate action,uppolice.gov.in,https://uppolice.gov.in/article/en/pages/en/topmenu/about-us/en-organisational-setup-of-uttar-pradesh-police,Likely India jurisdiction + hosted in India,Included because India was inferred from country-code domain .in; resolved IP also geolocated to India.,Not found on reviewed page,evidence_snapshots/00522_uppolice.gov.in_dc1d54dab6.html,dc1d54dab6ec8c00f70137927504e4f222c8395f10760b6beecfcfa94e08249f
523,No immediate action,uppolice.gov.in,https://uppolice.gov.in/article/en/pages/en/topmenu/about-us/en-police-modern-school,Likely India jurisdiction + hosted in India,Included because India was inferred from country-code domain .in; resolved IP also geolocated to India.,Not found on reviewed page,evidence_snapshots/00523_uppolice.gov.in_dc1d54dab6.html,dc1d54dab6ec8c00f70137927504e4f222c8395f10760b6beecfcfa94e08249f
524,No immediate action,uppolice.gov.in,https://uppolice.gov.in/article/en/pages/en/topmenu/about-us/en-police-guest-house,Likely India jurisdiction + hosted in India,Included because India was inferred from country-code domain .in; resolved IP also geolocated to India.,Not found on reviewed page,evidence_snapshots/00524_uppolice.gov.in_dc1d54dab6.html,dc1d54dab6ec8c00f70137927504e4f222c8395f10760b6beecfcfa94e08249f
525,No immediate action,uppolice.gov.in,https://uppolice.gov.in/article/en/pages/en/topmenu/about-us/en--right-to-information,Likely India jurisdiction + hosted in India,Included because India was inferred from country-code domain .in; resolved IP also geolocated to India.,Not found on reviewed page,evidence_snapshots/00525_uppolice.gov.in_dc1d54dab6.html,dc1d54dab6ec8c00f70137927504e4f222c8395f10760b6beecfcfa94e08249f
526,No immediate action,uppolice.gov.in,https://uppolice.gov.in/article/en/pages/en/topmenu/janhit-sevayen-citizen-services/en-fire-services-portal,Likely India jurisdiction + hosted in India,Included because India was inferred from country-code domain .in; resolved IP also geolocated to India.,Not found on reviewed page,evidence_snapshots/00526_uppolice.gov.in_dc1d54dab6.html,dc1d54dab6ec8c00f70137927504e4f222c8395f10760b6beecfcfa94e08249f
527,No immediate action,uppolice.gov.in,https://uppolice.gov.in/article/en/pages/en/topmenu/janhit-sevayen-citizen-services/en-other-citizen-services,Likely India jurisdiction + hosted in India,Included because India was inferred from country-code domain .in; resolved IP also geolocated to India.,Not found on reviewed page,evidence_snapshots/00527_uppolice.gov.in_dc1d54dab6.html,dc1d54dab6ec8c00f70137927504e4f222c8395f10760b6beecfcfa94e08249f
528,No immediate action,uppolice.gov.in,https://uppolice.gov.in/article/en/pages/en/topmenu/janhit-sevayen-citizen-services/en-cyber-crime,Likely India jurisdiction + hosted in India,Included because India was inferred from country-code domain .in; resolved IP also geolocated to India.,Not found on reviewed page,evidence_snapshots/00528_uppolice.gov.in_dc1d54dab6.html,dc1d54dab6ec8c00f70137927504e4f222c8395f10760b6beecfcfa94e08249f
529,No immediate action,uppolice.gov.in,https://uppolice.gov.in/article/en/pages/en/topmenu/janhit-sevayen-citizen-services/en-traffic-directorate-portal,Likely India jurisdiction + hosted in India,Included because India was inferred from country-code domain .in; resolved IP also geolocated to India.,Not found on reviewed page,evidence_snapshots/00529_uppolice.gov.in_dc1d54dab6.html,dc1d54dab6ec8c00f70137927504e4f222c8395f10760b6beecfcfa94e08249f
530,No immediate action,uppolice.gov.in,https://uppolice.gov.in/article/en/pages/en/topmenu/janhit-sevayen-citizen-services/en-public-awareness,Likely India jurisdiction + hosted in India,Included because India was inferred from country-code domain .in; resolved IP also geolocated to India.,Not found on reviewed page,evidence_snapshots/00530_uppolice.gov.in_dc1d54dab6.html,dc1d54dab6ec8c00f70137927504e4f222c8395f10760b6beecfcfa94e08249f
531,No immediate action,cybercrime.gov.in,https://cybercrime.gov.in/webform/cyber_volunteers_TnC.aspx,Hosted in India only,Included because the resolved IP geolocated to India (ip-api.com host geolocation); confirm business relevance manually.,Not found on reviewed page,evidence_snapshots/00531_cybercrime.gov.in_50a14f3820.html,50a14f3820ee0dae23034ac23eb16a79a068c2691dfa352ba4c165af164f875e
532,No immediate action,cybercrime.gov.in,https://cybercrime.gov.in/webform/FAQ.aspx,Hosted in India only,Included because the resolved IP geolocated to India (ip-api.com host geolocation); confirm business relevance manually.,Not found on reviewed page,evidence_snapshots/00532_cybercrime.gov.in_1658177c9c.html,1658177c9c36591181051a3e854a81b5a1f7a9818308535411a1d7dbd9d0fcf9
533,No immediate action,cybercrime.gov.in,https://cybercrime.gov.in/webform/cyber_volunteers_concept.aspx,Hosted in India only,Included because the resolved IP geolocated to India (ip-api.com host geolocation); confirm business relevance manually.,Not found on reviewed page,evidence_snapshots/00533_cybercrime.gov.in_ff9dceba99.html,ff9dceba99da13c344cecab8f8ec462fca403e88847afd6d874d4d3eb16782b6
534,No immediate action,cybercrime.gov.in,https://cybercrime.gov.in/webform/CyberVolunteerinstruction.aspx,Hosted in India only,Included because the resolved IP geolocated to India (ip-api.com host geolocation); confirm business relevance manually.,Not found on reviewed page,evidence_snapshots/00534_cybercrime.gov.in_5d625d7ecf.html,5d625d7ecfd008f77b60059dfc3aa8dd962e4af1dda26bf0c3086303b15c1a36
535,No immediate action,cybercrime.gov.in,https://cybercrime.gov.in/webform/about_unlawful_content.aspx,Hosted in India only,Included because the resolved IP geolocated to India (ip-api.com host geolocation); confirm business relevance manually.,Not found on reviewed page,evidence_snapshots/00535_cybercrime.gov.in_e304f0a7a5.html,e304f0a7a5990de99b7ee070d64114c0fddeb258d857a3ea7149c05717fec0e5
538,No immediate action,cybercrime.gov.in,https://cybercrime.gov.in/Webform/theme/resources/advisories/BankingTrojans(Malware)stealingconfidentialinformationtodefraudcitizens.pdf,Hosted in India only,Included because the resolved IP geolocated to India (ip-api.com host geolocation); confirm business relevance manually.,Not found on reviewed page,evidence_snapshots/00538_cybercrime.gov.in_62884a2ef5.html,62884a2ef53b6e2f12e926d1ccf4d5c6e1d21bb92e29fd21421336d00d315bd5
539,No immediate action,cybercrime.gov.in,https://cybercrime.gov.in/Webform/theme/resources/advisories/CybercriminalsusingFakeCustomerCareNumberstodefraudcitizens.pdf,Hosted in India only,Included because the resolved IP geolocated to India (ip-api.com host geolocation); confirm business relevance manually.,Not found on reviewed page,evidence_snapshots/00539_cybercrime.gov.in_560f360167.html,560f360167039b4d6f0309aee6a31b6122dde22ad34dfc245096775f1e0485a2
541,No immediate action,jois.eu,https://jois.eu/files/12_1441_JIS_Tiutiunyk%20et%20al.pdf,Likely India jurisdiction,Included because India was inferred from currency code INR.,Not found on reviewed page,evidence_snapshots/00541_jois.eu_d9bd14444e.html,d9bd14444e0174195eaad8aa4e497c812ce64210e09d50223afc68e17c6873a0
542,No immediate action,www.abc.net.au,https://www.abc.net.au/news/2022-08-01/cyber-crime-how-to-keep-safe-protect-yourself-from-hackers/101282212,Hosted in India only,Included because the resolved IP geolocated to India (ip-api.com host geolocation); confirm business relevance manually.,Not found on reviewed page,evidence_snapshots/00542_www.abc.net.au_6eda54c101.html,6eda54c101a30a5ca35506a06ff0833094bb83bb19a01746f77f2030b8e0b6aa
543,No immediate action,cod.pressbooks.pub,https://cod.pressbooks.pub/crimj1165/chapter/module-1/,Hosted in India only,Included because the resolved IP geolocated to India (ip-api.com host geolocation); confirm business relevance manually.,Not found on reviewed page,evidence_snapshots/00543_cod.pressbooks.pub_83a639668b.html,83a639668bb431de8c8c429304c372e59f02e58875851c774a21e6e39e3951fe
545,No immediate action,eng.libretexts.org,https://eng.libretexts.org/Courses/Delta_College/Master_CS11_POCR/08%3A_Information_Systems_-_Security/8.02%3A_CIA,Hosted in India only,Included because the resolved IP geolocated to India (ip-api.com host geolocation); confirm business relevance manually.,Not found on reviewed page,evidence_snapshots/00545_eng.libretexts.org_c5253435cd.html,c5253435cdb99d28a8eda56cfb9ea142f48e99709c90870165279f695cecb4d0
548,No immediate action,www.merriam-webster.com,https://www.merriam-webster.com/dictionary/cybercrime,Likely India jurisdiction,Included because India was inferred from currency text Rs..,Not found on reviewed page,evidence_snapshots/00548_www.merriam-webster.com_aab22fdc81.html,aab22fdc81baad9a21bae9becb3c7b5258aa71caa664771fb38d3e9af674be8b
557,No immediate action,www.britannica.com,https://www.britannica.com/topic/cybercrime/Counterfeiting-and-forgery,Likely India jurisdiction,Included because India was inferred from currency text Rs..,Not found on reviewed page,evidence_snapshots/00557_www.britannica.com_d11c29352a.html,d11c29352ad7f1270fbfd72be83fb798e7ccd6956bd5cec366ed846690b4953d
560,No immediate action,www.ic3.gov,http://www.ic3.gov,Likely India jurisdiction,Included because India was inferred from currency text Rs..,Not found on reviewed page,evidence_snapshots/00560_www.ic3.gov_b272eba6f6.html,b272eba6f6c77f5fa18545fef0f01f5d674c166e2fcddbfb021a119a6987c949
562,No immediate action,www.justice.gov,https://www.justice.gov/legalpolicies,Hosted in India only,Included because the resolved IP geolocated to India (ip-api.com host geolocation); confirm business relevance manually.,Not found on reviewed page,evidence_snapshots/00562_www.justice.gov_3fb0ba09b7.html,3fb0ba09b7dc053bdec1f7969beca394a5735909c4a63511e51bfa85411fd596
565,No immediate action,www.fbi.gov,https://www.fbi.gov/how-we-can-help-you,Likely India jurisdiction,Included because India was inferred from currency text Rs..,Not found on reviewed page,evidence_snapshots/00565_www.fbi.gov_a8388e0b1d.html,a8388e0b1db77645c029d1f7f5c24ce9ae17c4a96a267ac8cce518bda519ed2b
569,No immediate action,fbi.gov,https://fbi.gov/how-we-can-help-you,Likely India jurisdiction,Included because India was inferred from currency text Rs..,Not found on reviewed page,evidence_snapshots/00569_www.fbi.gov_46fca1b230.html,46fca1b230061f7d2c3883d5bdac869729ab540ae3c095b584a7edba9914f0f2
578,Reference/news - lower priority,www.fbi.gov,https://www.fbi.gov/investigate/transnational-organized-crime,Likely India jurisdiction,Included because India was inferred from currency text Rs..,Not found on reviewed page,evidence_snapshots/00578_www.fbi.gov_65aff80fb3.html,65aff80fb36a989ba8599c6e7357b215745b23b932bc38fd9cfbbc4937b28f94
583,No immediate action,news.marriott.com,https://news.marriott.com/news/2018/11/30/marriott-announces-starwood-guest-reservation-database-security-incident,Hosted in India only,Included because the resolved IP geolocated to India (ip-api.com host geolocation); confirm business relevance manually.,Not found on reviewed page,evidence_snapshots/00583_news.marriott.com_6b80ea7acc.html,6b80ea7acc7338f7f4dbeffd93ab69852d7fa5845b4c0658c0e1af552ab6a93f
585,No immediate action,join.slack.com,https://join.slack.com/t/cybertalents-ctfs/shared_invite/zt-phyf5rn5-wSOdxWtnvwFrb0sBY~8LaA,Hosted in India only,Included because the resolved IP geolocated to India (ip-api.com host geolocation); confirm business relevance manually.,Not found on reviewed page,evidence_snapshots/00585_cybertalents-ctfs.slack.com_1e4d5c5aac.html,1e4d5c5aac1c418f39a68d90e8e3d81e9fbcbfb71c0f812559a9ff887cee6151
601,Hosted-only India signal - check relevance,www.taxmann.com,https://www.taxmann.com/post/blog/faqs-on-proceeds-of-crime-under-the-prevention-of-money-laundering-act-pmla/?msockid=33f4e3d5934e63cc2c50f46c92e362fd,Hosted in India only,Included because the resolved IP geolocated to India (ip-api.com host geolocation); confirm business relevance manually.,Possible - AmEx logo/token or mixed signal,evidence_snapshots/00601_www.taxmann.com_3211f7ab9e.html,3211f7ab9e41919cf7d8b5d11851584e5ff3f790614288d43fc1b90fe2f0e27d
603,Reference/news - lower priority,www.letstalkcriminallaw.com,https://www.letstalkcriminallaw.com/post/proceeds-of-crime-definition-under-section-2-1-u-of-prevention-of-money-laundering-act,Likely India jurisdiction,Included because India was inferred from currency text Rs..,Not found on reviewed page,evidence_snapshots/00603_www.letstalkcriminallaw.com_07a7d82eaf.html,07a7d82eafb1226d7507a15def20c547f1f6a060ea5a42a78ceed7156f9e69cf
604,Reference/news - lower priority,www.azbpartners.com,https://www.azbpartners.com/bank/proceeds-of-crime/,Hosted in India only,Included because the resolved IP geolocated to India (ip-api.com host geolocation); confirm business relevance manually.,Not found on reviewed page,evidence_snapshots/00604_www.azbpartners.com_b9fbd85aaa.html,b9fbd85aaae8539ef4862dc93c2726ed40a2a8bf3d4894cb7afb66a108d834bf
607,No immediate action,www.gov.uk,https://www.gov.uk/government/publications/proceeds-of-crime,Likely India jurisdiction + hosted in India,Included because India was inferred from currency text Rs.; resolved IP also geolocated to India.,Not found on reviewed page,evidence_snapshots/00607_www.gov.uk_a1ade64eee.html,a1ade64eeebe876894836e5af3602f50cf3ada06b2f8856e4b5ebca623300c01
609,Activity found - AmEx not visible,enterslice.com,https://enterslice.com/learning/proceeds-of-crime-meaning-as-per-pmla-act-2002/,Likely India jurisdiction,Included because India was inferred from page metadata: India.,Not found on reviewed page,evidence_snapshots/00609_enterslice.com_b6ab505815.html,b6ab5058156a7f4519306c3ce359dae86966a2ef6bf662021fbbd061de3f5c35
610,Activity found - AmEx not visible,www.mondaq.com,https://www.mondaq.com/india/crime/1367796/exploring-the-dynamics-of-proceeds-of-crime-under-the-pmla,Likely India jurisdiction + hosted in India,Included because India was inferred from currency text Rs.; resolved IP also geolocated to India.,Not found on reviewed page,evidence_snapshots/00610_www.mondaq.com_198d868e43.html,198d868e43b08dfc2e8acacf56ff5d4af07d054786eb6b2b66d29eca4c5c20eb
611,Hosted-only India signal - check relevance,www.taxmann.com,https://www.taxmann.com/post/blog/faqs-on-proceeds-of-crime-under-the-prevention-of-money-laundering-act-pmla/?msockid=1bfea123e98167bb2863b69ae88066b7,Hosted in India only,Included because the resolved IP geolocated to India (ip-api.com host geolocation); confirm business relevance manually.,Possible - AmEx logo/token or mixed signal,evidence_snapshots/00611_www.taxmann.com_b55194008a.html,b55194008a52ffa13882bc68f3a364fca808535edbc8b1bc1a40ee24534c1d8c
613,Reference/news - lower priority,www.gov.uk,https://www.gov.uk/guidance/asset-recovery-powers-for-prosecutors-guidance-and-background-note-2009,Likely India jurisdiction + hosted in India,Included because India was inferred from currency text Rs.; resolved IP also geolocated to India.,Not found on reviewed page,evidence_snapshots/00613_www.gov.uk_8356bc7abc.html,8356bc7abcf790b42fcf7c7399f5e8579567c3e00f4a937cb720306a732497fe
614,No immediate action,www.legislation.gov.uk,https://www.legislation.gov.uk/ukpga/2002/29/contents,Hosted in India only,Included because the resolved IP geolocated to India (ip-api.com host geolocation); confirm business relevance manually.,Not found on reviewed page,evidence_snapshots/00614_www.legislation.gov.uk_311e110e9a.html,311e110e9ab1a63428fcbd679397cdddbf5f81a49171f66e0a7589c6fe48a3ac
618,No immediate action,www.cps.gov.uk,https://www.cps.gov.uk/news,Likely India jurisdiction,Included because India was inferred from currency text Rs..,Not found on reviewed page,evidence_snapshots/00618_www.cps.gov.uk_cee0b5e0c3.html,cee0b5e0c3921cb6e5abacbc258e4fd4d93b81639da2a35c1734e7574dd590f3
620,Reference/news - lower priority,www.cps.gov.uk,https://www.cps.gov.uk/prosecution-guidance/proceeds-crime,Likely India jurisdiction,Included because India was inferred from currency text Rs..,Not found on reviewed page,evidence_snapshots/00620_www.cps.gov.uk_e7058a4072.html,e7058a407224f821fb2635d81c9351be3f7f277b00b2727411011d47f09a0daf
623,No immediate action,gov.uk,https://gov.uk/government/news/over-450000-from-ceo-and-a-senior-executive-confiscated,Likely India jurisdiction + hosted in India,Included because India was inferred from currency text Rs.; resolved IP also geolocated to India.,Not found on reviewed page,evidence_snapshots/00623_www.gov.uk_971f8e95a5.html,971f8e95a5ef04c2473418a3d2fddc03b3acf817df0330903a170333c81f77ad
626,No immediate action,www.gov.uk,https://www.gov.uk/help/cookies,Likely India jurisdiction + hosted in India,Included because India was inferred from currency text Rs.; resolved IP also geolocated to India.,Not found on reviewed page,evidence_snapshots/00626_www.gov.uk_4ea1886765.html,4ea1886765f841eef6f45e1816e7797823b022cc0401d5ac7d6be51fe59d25a8
627,No immediate action,www.gov.uk,https://www.gov.uk/help,Hosted in India only,Included because the resolved IP geolocated to India (ip-api.com host geolocation); confirm business relevance manually.,Not found on reviewed page,evidence_snapshots/00627_www.gov.uk_ed72432258.html,ed724322586acf95bf935d71eb08d82878b11d0b2f03db288e9d909acf6fbc3a
628,No immediate action,www.gov.uk,https://www.gov.uk/help/privacy-notice,Hosted in India only,Included because the resolved IP geolocated to India (ip-api.com host geolocation); confirm business relevance manually.,Not found on reviewed page,evidence_snapshots/00628_www.gov.uk_9c6d2f3203.html,9c6d2f32032194360a8dc3db31c5306824a42e5450648df25c8b27bcfbe206c3
629,No immediate action,www.gov.uk,https://www.gov.uk/help/accessibility-statement,Likely India jurisdiction + hosted in India,Included because India was inferred from currency text Rs.; resolved IP also geolocated to India.,Not found on reviewed page,evidence_snapshots/00629_www.gov.uk_4c5d8de541.html,4c5d8de54197c403570801b410dd7de26320d1950cbfd0b3189b1b78fd2faba1
630,No immediate action,www.gov.uk,https://www.gov.uk/help/terms-conditions,Hosted in India only,Included because the resolved IP geolocated to India (ip-api.com host geolocation); confirm business relevance manually.,Not found on reviewed page,evidence_snapshots/00630_www.gov.uk_5acf26356f.html,5acf26356fabacdd6d12b6a3b34a8d6ecd83a8ef6b6fb6257a23f57ff93a8bd3
631,No immediate action,www.gov.uk,https://www.gov.uk/search/news-and-communications,Hosted in India only,Included because the resolved IP geolocated to India (ip-api.com host geolocation); confirm business relevance manually.,Not found on reviewed page,evidence_snapshots/00631_www.gov.uk_8a9e87a850.html,8a9e87a85006fef71f9772b3938907bd3402968ecc8841a1d764749006e6104d
632,No immediate action,www.gov.uk,https://www.gov.uk/government/publications/proceeds-of-crime/proceeds-of-crime--2,Likely India jurisdiction + hosted in India,Included because India was inferred from currency text Rs.; resolved IP also geolocated to India.,Not found on reviewed page,evidence_snapshots/00632_www.gov.uk_93e3b61696.html,93e3b616968773e714686d10227d11e9aad73b029534d4685d06b34926ce75a5
633,No immediate action,www.gov.uk,https://www.gov.uk/government/news/sfo-returns-400000-to-victims-of-global-email-fraud,Likely India jurisdiction + hosted in India,Included because India was inferred from currency text Rs.; resolved IP also geolocated to India.,Not found on reviewed page,evidence_snapshots/00633_www.gov.uk_a7caae15f0.html,a7caae15f0437bf194b0f55f378abfbd778ed855d92ea7d853756e4f93dc9ddf
634,No immediate action,www.gov.uk,https://www.gov.uk/government/news/sfo-secures-first-unexplained-wealth-order-in-100m-fraud-case,Hosted in India only,Included because the resolved IP geolocated to India (ip-api.com host geolocation); confirm business relevance manually.,Not found on reviewed page,evidence_snapshots/00634_www.gov.uk_92534a53c4.html,92534a53c4f7ce2aa3a88b9aa5ade473c68d713670c096ce813e816f85961ecd
635,No immediate action,www.gov.uk,https://www.gov.uk/government/news/295000-recovered-from-convicted-fraudsters-hidden-pensions,Hosted in India only,Included because the resolved IP geolocated to India (ip-api.com host geolocation); confirm business relevance manually.,Not found on reviewed page,evidence_snapshots/00635_www.gov.uk_49f4d31033.html,49f4d31033752acbe8cfcdd0d31597ccc9050eb326c7f31644671aba6693c548
636,No immediate action,enterslice.com,https://enterslice.com/transfer-pricing-and-international-taxation,Likely India jurisdiction,Included because India was inferred from page metadata: IN.,Not found on reviewed page,evidence_snapshots/00636_enterslice.com_728ad0cb2e.html,728ad0cb2ef8979543b936830cfa186f81d04cf276762ce89b462aa1e4608ddd
637,No immediate action,enterslice.com,https://enterslice.com/transfer-pricing-dispute-resolution,Likely India jurisdiction,Included because India was inferred from page metadata: IN.,Not found on reviewed page,evidence_snapshots/00637_enterslice.com_9c253e2c34.html,9c253e2c348af439966385340e36c3716651cde3450dab89f4a6cf010e5ae9a5
638,No immediate action,enterslice.com,https://enterslice.com/advance-pricing-agreement-apa,Likely India jurisdiction,Included because India was inferred from page metadata: IN.,Not found on reviewed page,evidence_snapshots/00638_enterslice.com_894912e195.html,894912e195b1888864fcc01d0f1addff9cfeb32c5a9a5707a133027d93389089
639,No immediate action,enterslice.com,https://enterslice.com/transfer-pricing-audit-and-risk-management,Likely India jurisdiction,Included because India was inferred from page metadata: IN.,Not found on reviewed page,evidence_snapshots/00639_enterslice.com_41f22ade08.html,41f22ade080f2aa066e3deb2794edfb8408fba3134296716ccfdf5023667b8b6
640,No immediate action,enterslice.com,https://enterslice.com/transfer-pricing-policy-development,Likely India jurisdiction,Included because India was inferred from page metadata: IN.,Not found on reviewed page,evidence_snapshots/00640_enterslice.com_9299278fb6.html,9299278fb6247e52de02e2e17cb9dcc1353e06de60319cb542c20cafb6d8947c
641,No immediate action,enterslice.com,https://enterslice.com/transfer-pricing-in-india,Likely India jurisdiction,Included because India was inferred from page metadata: IN.,Not found on reviewed page,evidence_snapshots/00641_enterslice.com_eb8aa749d8.html,eb8aa749d882adfd8d3595f21681acbe860477542c5351b198db5797d7ad6d8c
642,No immediate action,enterslice.com,https://enterslice.com/tp-planning-transfer-pricing-compliances,Likely India jurisdiction,Included because India was inferred from page metadata: IN.,Not found on reviewed page,evidence_snapshots/00642_enterslice.com_3e4aa4afeb.html,3e4aa4afeb23c54035f45a9fcbf8885c66d52e04aa275a367d09a3220363ee77
643,No immediate action,enterslice.com,https://enterslice.com/e-commerce-accounting-services,Likely India jurisdiction,Included because India was inferred from page metadata: IN.,Not found on reviewed page,evidence_snapshots/00643_enterslice.com_435f437e63.html,435f437e6396656cd32cc8eb21ddae934670969c53b740b1d0b343303ccd6387
644,No immediate action,enterslice.com,https://enterslice.com/accounting-advisory-and-financial-reporting,Likely India jurisdiction,Included because India was inferred from page metadata: IN.,Not found on reviewed page,evidence_snapshots/00644_enterslice.com_cadef562bb.html,cadef562bb6652824546a51793f1b20578fd8e168b68d2cd9a8a5dd28748072a
645,No immediate action,enterslice.com,https://enterslice.com/investment-banking-advisory,Likely India jurisdiction,Included because India was inferred from page metadata: IN.,Not found on reviewed page,evidence_snapshots/00645_enterslice.com_a0bf618460.html,a0bf6184600cd4b42db5674004ce70c435e102428d4c7401b537055710a4d5ba
646,No immediate action,www.mondaq.com,https://www.mondaq.com/india/accounting-and-audit,Likely India jurisdiction + hosted in India,Included because India was inferred from currency text Rs.; resolved IP also geolocated to India.,Not found on reviewed page,evidence_snapshots/00646_www.mondaq.com_db0c247d45.html,db0c247d45b89650de6d0288b5d5907fe0746f6f1188ef98d5178521470633f1
647,No immediate action,www.mondaq.com,https://www.mondaq.com/india/finance-and-banking,Likely India jurisdiction + hosted in India,Included because India was inferred from currency text Rs.; resolved IP also geolocated to India.,Not found on reviewed page,evidence_snapshots/00647_www.mondaq.com_9753b7a106.html,9753b7a106845654619685bc85aba668512c62edaf03a3a2011dc056bc5cf45e
648,No immediate action,www.mondaq.com,https://www.mondaq.com/account/newsalertprefs,Likely India jurisdiction + hosted in India,Included because India was inferred from search market en-IN; resolved IP also geolocated to India.,Not found on reviewed page,evidence_snapshots/00648_www.mondaq.com_84516782db.html,84516782db7866d8843059eb02f533b5863daf36544eac1b8dea516f7a23699d
649,No immediate action,www.mondaq.com,https://www.mondaq.com/account/register,Hosted in India only,Included because the resolved IP geolocated to India (ip-api.com host geolocation); confirm business relevance manually.,Not found on reviewed page,evidence_snapshots/00649_www.mondaq.com_7a352391bf.html,7a352391bf6000b226c70fdb702a2367f30c63872875504a9a3922db69b5ae66
650,No immediate action,www.mondaq.com,https://www.mondaq.com/terms,Hosted in India only,Included because the resolved IP geolocated to India (ip-api.com host geolocation); confirm business relevance manually.,Not found on reviewed page,evidence_snapshots/00650_www.mondaq.com_a55a919ec5.html,a55a919ec58d265131962c13854be85f5f105271617173fc42589d906ba47a86
651,No immediate action,www.mondaq.com,https://www.mondaq.com/account/myaccount,Likely India jurisdiction + hosted in India,Included because India was inferred from search market en-IN; resolved IP also geolocated to India.,Not found on reviewed page,evidence_snapshots/00651_www.mondaq.com_15c919e1dc.html,15c919e1dc98607210de700e60b2a4f212fb15c4004354fd3c1761b8c462218d
652,No immediate action,www.mondaq.com,https://www.mondaq.com/topical/4/artificial-intelligence,Hosted in India only,Included because the resolved IP geolocated to India (ip-api.com host geolocation); confirm business relevance manually.,Not found on reviewed page,evidence_snapshots/00652_www.mondaq.com_8e1563bea9.html,8e1563bea975c3034b8d23f4cd3163ed78989dc8a79f4e4d9280504b3ad69a76
653,No immediate action,www.mondaq.com,https://www.mondaq.com/topical/6/cryptocurrency,Hosted in India only,Included because the resolved IP geolocated to India (ip-api.com host geolocation); confirm business relevance manually.,Not found on reviewed page,evidence_snapshots/00653_www.mondaq.com_7f31c89ff7.html,7f31c89ff7a2a478c931c0ff8c68959701133f1c835f8e44fd4032e15457eea2
654,No immediate action,www.mondaq.com,https://www.mondaq.com/topical/5/donald-trump-administration,Hosted in India only,Included because the resolved IP geolocated to India (ip-api.com host geolocation); confirm business relevance manually.,Not found on reviewed page,evidence_snapshots/00654_www.mondaq.com_31243dfd63.html,31243dfd63ec975919ad029c085043745cd0a77dfb8d61cdcc5e13357f830b77
655,No immediate action,www.mondaq.com,https://www.mondaq.com/topical/9/esg,Hosted in India only,Included because the resolved IP geolocated to India (ip-api.com host geolocation); confirm business relevance manually.,Not found on reviewed page,evidence_snapshots/00655_www.mondaq.com_c5898bd24f.html,c5898bd24f37ce7289026f0d7b0f3e3c2733c74e0d2624fd0db2579848956100
656,No immediate action,www.mondaq.com,https://www.mondaq.com/topical/8/offshore,Hosted in India only,Included because the resolved IP geolocated to India (ip-api.com host geolocation); confirm business relevance manually.,Not found on reviewed page,evidence_snapshots/00656_www.mondaq.com_8dbee44324.html,8dbee443246ec6e99f4f7172984a9e5ffeb9e11521e259fe2558d0cfa14837cb
657,No immediate action,www.mondaq.com,https://www.mondaq.com/topical/7/trade-tariffs,Hosted in India only,Included because the resolved IP geolocated to India (ip-api.com host geolocation); confirm business relevance manually.,Not found on reviewed page,evidence_snapshots/00657_www.mondaq.com_1daefef11e.html,1daefef11ee60e6d808595dd3cb3382b5edddcf1df828f80735009375bf3d88a
658,No immediate action,www.mondaq.com,https://www.mondaq.com/guides/index,Hosted in India only,Included because the resolved IP geolocated to India (ip-api.com host geolocation); confirm business relevance manually.,Not found on reviewed page,evidence_snapshots/00658_www.mondaq.com_a66c06c501.html,a66c06c5015c97350824e74c9679ee8541770430b46309b5d012e511bd93b6ea
659,No immediate action,www.mondaq.com,https://www.mondaq.com/home/directory,Hosted in India only,Included because the resolved IP geolocated to India (ip-api.com host geolocation); confirm business relevance manually.,Not found on reviewed page,evidence_snapshots/00659_www.mondaq.com_55e294c49e.html,55e294c49e949585cc3e9d18cbfb6b362479ba254fa9a2a2d337273d645d2bc6
660,No immediate action,www.parliament.uk,https://www.parliament.uk/,Likely India jurisdiction,Included because India was inferred from currency text Rs..,Not found on reviewed page,evidence_snapshots/00660_www.parliament.uk_d9cf27419d.html,d9cf27419d281dc9bebe0e1490bc982b732fea57388b83ad6edd0040d9c67bb7
662,No immediate action,www.gov.uk,https://www.gov.uk,Hosted in India only,Included because the resolved IP geolocated to India (ip-api.com host geolocation); confirm business relevance manually.,Not found on reviewed page,evidence_snapshots/00662_www.gov.uk_d4f22de5dc.html,d4f22de5dcf9ed1430df550266c94860f0cd6368abaead8de1a1836c9f3b3c8b
663,No immediate action,www.google.co.uk,http://www.google.co.uk,Likely India jurisdiction,Included because India was inferred from page metadata: IN.,Not found on reviewed page,evidence_snapshots/00663_www.google.com_7c95214640.html,7c952146408a0259e23a95b6b21cf3ad0e35ee8abf0fde78725d1b4312c47a9b
674,No immediate action,www.cps.gov.uk,https://www.cps.gov.uk/index%2ephp/news,Likely India jurisdiction,Included because India was inferred from currency text Rs..,Not found on reviewed page,evidence_snapshots/00674_www.cps.gov.uk_ab80065882.html,ab800658826d7532730876089f8c9097acbe494f9c6bee57c759d41c80fa55b1
675,No immediate action,www.cps.gov.uk,https://www.cps.gov.uk/national-news-thames-and-chiltern/news/couple-jailed-manslaughter-after-poisoning-men-steal-high,Likely India jurisdiction,Included because India was inferred from currency text Rs..,Not found on reviewed page,evidence_snapshots/00675_www.cps.gov.uk_a170de8029.html,a170de8029655c2ff7bcd857781715a3714255b4421255d3f7d34793654ca250
676,No immediate action,www.cps.gov.uk,https://www.cps.gov.uk/national-news/news/stephen-parkinson-director-public-prosecutions-lessons-learned-simon-levy-case,Likely India jurisdiction,Included because India was inferred from currency text Rs..,Not found on reviewed page,evidence_snapshots/00676_www.cps.gov.uk_1880f8b271.html,1880f8b27188d2f68d95f2db9bd849d3d46ec23b71a86b7d64118f6cb5882908
677,No immediate action,www.cps.gov.uk,https://www.cps.gov.uk/national-news/news/telford-man-sentenced-3d-printing-illegal-firearm,Likely India jurisdiction,Included because India was inferred from currency text Rs..,Not found on reviewed page,evidence_snapshots/00677_www.cps.gov.uk_0cee97ec9e.html,0cee97ec9e96eaad7fb16a3e3df1f25e6feb3990781fe72f5df52232530da77e
679,No immediate action,www.cps.gov.uk,https://www.cps.gov.uk/national-news/news/former-hull-funeral-director-jailed-preventing-lawful-burials-fraud-and-theft,Likely India jurisdiction,Included because India was inferred from currency text Rs..,Not found on reviewed page,evidence_snapshots/00679_www.cps.gov.uk_1e23d470a2.html,1e23d470a2e2ff022eca8c98aa1168f0e32e7473c9843a38d609d1053405dab5
680,No immediate action,www.cps.gov.uk,https://www.cps.gov.uk/national-news-south-east/news/ten-migrants-now-sentenced-under-new-law-risking-lives-during-small,Likely India jurisdiction,Included because India was inferred from currency text Rs..,Not found on reviewed page,evidence_snapshots/00680_www.cps.gov.uk_6ba16a22f1.html,6ba16a22f1f322fe41d3c73709b08ae58ae3357632a4f0bdacfc57095b75698b
682,No immediate action,signin.account.gov.uk,https://signin.account.gov.uk/privacy-notice,Hosted in India only,Included because the resolved IP geolocated to India (ip-api.com host geolocation); confirm business relevance manually.,Not found on reviewed page,evidence_snapshots/00682_www.gov.uk_1632beff88.html,1632beff882fb413802193fdaf78aa06c633042a185b4ca1c6d1f95b619ccaa1
684,No immediate action,www.speedcurve.com,https://www.speedcurve.com/features/performance-monitoring/,Likely India jurisdiction + hosted in India,Included because India was inferred from currency text Rs.; resolved IP also geolocated to India.,Not found on reviewed page,evidence_snapshots/00684_www.speedcurve.com_0df435adf5.html,0df435adf5b21cd531045d318d6762616def60607cf6861d41b89b4b342d4551
685,No immediate action,insidegovuk.blog.gov.uk,https://insidegovuk.blog.gov.uk/2024/12/12/making-it-quicker-and-easier-to-search-on-gov-uk/,Likely India jurisdiction,Included because India was inferred from currency text Rs..,Not found on reviewed page,evidence_snapshots/00685_insidegovuk.blog.gov.uk_e3d4bc8779.html,e3d4bc8779c2e3570299815e155e2aae882528f7493fda0fba38d0c6675c4f5f
686,No immediate action,www.gov.uk,https://www.gov.uk/help/cookie-details,Hosted in India only,Included because the resolved IP geolocated to India (ip-api.com host geolocation); confirm business relevance manually.,Not found on reviewed page,evidence_snapshots/00686_www.gov.uk_f58a5f9fad.html,f58a5f9fad44474c95474a48080f654e23d6d4c50388e724c2c5263b5f2255e8
687,No immediate action,www.gov.uk,https://www.gov.uk/help/about-govuk,Hosted in India only,Included because the resolved IP geolocated to India (ip-api.com host geolocation); confirm business relevance manually.,Not found on reviewed page,evidence_snapshots/00687_www.gov.uk_4b9055bfcd.html,4b9055bfcda9675f226e160e52272e797ff2465fff289da5b8429f0019a6173a
690,No immediate action,www.gov.uk,https://www.gov.uk/government/news/two-trustees-terms-extended-on-the-national-lottery-heritage-fund-board,Hosted in India only,Included because the resolved IP geolocated to India (ip-api.com host geolocation); confirm business relevance manually.,Not found on reviewed page,evidence_snapshots/00690_www.gov.uk_429eb4960e.html,429eb4960e5cd4c10ebdf538440c4f4ccbff3509e19f076ccfe7ef6c7ea8c423
691,No immediate action,www.gov.uk,https://www.gov.uk/search/news-and-communications/email-signup,Hosted in India only,Included because the resolved IP geolocated to India (ip-api.com host geolocation); confirm business relevance manually.,Not found on reviewed page,evidence_snapshots/00691_www.gov.uk_2eaa550b4b.html,2eaa550b4b4d100360b376dec26bf74bdfc7e48b48b6d533088fd331189ed2d5
692,No immediate action,www.gov.uk,https://www.gov.uk/search/news-and-communications.atom,Hosted in India only,Included because the resolved IP geolocated to India (ip-api.com host geolocation); confirm business relevance manually.,Not found on reviewed page,evidence_snapshots/00692_www.gov.uk_d52b32e7fa.html,d52b32e7fa3295123060c6d733b2b0edea65772b92d08ad0e7473d1234a80cf0
693,No immediate action,www.gov.uk,https://www.gov.uk/government/news/second-registration-window-now-open-for-tax-advisers,Hosted in India only,Included because the resolved IP geolocated to India (ip-api.com host geolocation); confirm business relevance manually.,Not found on reviewed page,evidence_snapshots/00693_www.gov.uk_50e2ec993f.html,50e2ec993f540c60383d1ad636b560d72808bde227068d6229ece242b2638edc
694,No immediate action,www.gov.uk,https://www.gov.uk/government/news/better-wifi-on-remote-trains-and-access-to-cutting-edge-tech-for-british-farmers-through-13-million-boost-to-drive-next-gen-satellite-communications,Likely India jurisdiction + hosted in India,Included because India was inferred from currency text Rs.; resolved IP also geolocated to India.,Not found on reviewed page,evidence_snapshots/00694_www.gov.uk_3a8b10864b.html,3a8b10864b06b1e1ab3dbd5e28b7e402c5065678953149794a1648ad6606dc9d
695,No immediate action,www.gov.uk,https://www.gov.uk/government/news/appointment-to-the-agriculture-and-horticulture-development-board,Hosted in India only,Included because the resolved IP geolocated to India (ip-api.com host geolocation); confirm business relevance manually.,Not found on reviewed page,evidence_snapshots/00695_www.gov.uk_34a4c7e0c2.html,34a4c7e0c22c9354d7b112a6e673941eddc9c0f7062f2f8c7c1d5a8e146edcc7
696,No immediate action,www.gov.uk,https://www.gov.uk/government/news/cma-publishes-latest-monitoring-update-on-road-fuel-market,Likely India jurisdiction + hosted in India,Included because India was inferred from currency text Rs.; resolved IP also geolocated to India.,Not found on reviewed page,evidence_snapshots/00696_www.gov.uk_1a6a639bfd.html,1a6a639bfdfb831b6b057d29737157767270defd51288c779915993aa9fdabd4
697,No immediate action,www.gov.uk,https://www.gov.uk/government/news/founder-of-liverpools-signature-empire-banned-as-director-after-investors-lost-48-million-through-connected-company,Likely India jurisdiction + hosted in India,Included because India was inferred from currency text Rs.; resolved IP also geolocated to India.,Not found on reviewed page,evidence_snapshots/00697_www.gov.uk_0a8fc4b550.html,0a8fc4b550a657a33f15967f788b7c37532c061dc2e5ab859c95a52d79daaa34
698,No immediate action,www.gov.uk,https://www.gov.uk/government/news/rsh-adds-rentplus-homes-limited-to-gradings-under-review-list,Hosted in India only,Included because the resolved IP geolocated to India (ip-api.com host geolocation); confirm business relevance manually.,Not found on reviewed page,evidence_snapshots/00698_www.gov.uk_480c32c205.html,480c32c205527a87726f65856f754a2d1de7eb4fd7e41d1b298e5ea6c2c2fd02
699,No immediate action,www.gov.uk,https://www.gov.uk/government/news/prime-minister-supports-west-midlands-to-take-public-control-of-local-bus-network,Likely India jurisdiction + hosted in India,Included because India was inferred from currency text Rs.; resolved IP also geolocated to India.,Not found on reviewed page,evidence_snapshots/00699_www.gov.uk_dc07de1492.html,dc07de1492454f69ac5484bc7cbecd1b48e0375acb414c5112f698c6fac18f99
700,No immediate action,www.mondaq.com,https://www.mondaq.com/india/accounting/1822436/the-modern-cfos-expanding-role-beyond-compliance-in-global-capability-centers,Hosted in India only,Included because the resolved IP geolocated to India (ip-api.com host geolocation); confirm business relevance manually.,Not found on reviewed page,evidence_snapshots/00700_www.mondaq.com_1a777db107.html,1a777db10778c395ec57f402993474afb4b907bf0de447096fd41f2e7cd77532
701,No immediate action,www.mondaq.com,https://www.mondaq.com/india/accounting-standards/1815468/why-growing-gcc-companies-are-moving-beyond-spreadsheet-based-financial-reporting,Hosted in India only,Included because the resolved IP geolocated to India (ip-api.com host geolocation); confirm business relevance manually.,Not found on reviewed page,evidence_snapshots/00701_www.mondaq.com_cdd9918789.html,cdd99187891af75ecbdadcfd153fbd16b27e1e2fbfec8f8127f3c8e996e604d7
702,No immediate action,www.mondaq.com,https://www.mondaq.com/india/accounting-standards/1796796/electronic-books-of-accounts-in-india-statutory-location-requirements-and-emerging-compliance-risks,Likely India jurisdiction + hosted in India,Included because India was inferred from currency text Rs.; resolved IP also geolocated to India.,Not found on reviewed page,evidence_snapshots/00702_www.mondaq.com_9da1bed6aa.html,9da1bed6aaa22ade08f331503b140944e25669908f78c250f1fa800686350a12
703,No immediate action,www.mondaq.com,https://www.mondaq.com/india/accounting-standards/1782730/books-of-account-as-instruments-of-legal-accountability,Likely India jurisdiction + hosted in India,Included because India was inferred from currency text Rs.; resolved IP also geolocated to India.,Not found on reviewed page,evidence_snapshots/00703_www.mondaq.com_ac90a32f68.html,ac90a32f6896e640d9bb7e1108f6853c2d9cc8bacf64b71df68abeb2411213c8
704,No immediate action,www.mondaq.com,https://www.mondaq.com/india/accounting-standards/1762636/mca-issues-companies-accounting-standards-amendment-rules-2026,Hosted in India only,Included because the resolved IP geolocated to India (ip-api.com host geolocation); confirm business relevance manually.,Not found on reviewed page,evidence_snapshots/00704_www.mondaq.com_f31afa3bdf.html,f31afa3bdf6786b20144638e6f72814ff04845c29e3c7f0276879940be981a68
705,No immediate action,www.mondaq.com,https://www.mondaq.com/india/audit/1701336/internal-audit-vs-statutory-audit-where-compliance-failures-are-caught-first,Likely India jurisdiction + hosted in India,Included because India was inferred from currency text Rs.; resolved IP also geolocated to India.,Not found on reviewed page,evidence_snapshots/00705_www.mondaq.com_632c5da2e1.html,632c5da2e124e3e5a10426a55468a9d090adaa3fe9e91c9aca15c8ebdf2354d4
706,No immediate action,www.mondaq.com,https://www.mondaq.com/india/accounting-standards/1688140/what-you-disclose-defines-your-business-a-cfos-guide-to-companies-indian-accounting-standards-second-amendment-rules-2025,Likely India jurisdiction + hosted in India,Included because India was inferred from currency text Rs.; resolved IP also geolocated to India.,Not found on reviewed page,evidence_snapshots/00706_www.mondaq.com_28851d190b.html,28851d190b9541259efbd0af8fe001811b9ea15f0cdfeb671fdc484bdcddd6c3
707,No immediate action,www.mondaq.com,https://www.mondaq.com/blog,Hosted in India only,Included because the resolved IP geolocated to India (ip-api.com host geolocation); confirm business relevance manually.,Not found on reviewed page,evidence_snapshots/00707_www.mondaq.com_7cc8a38868.html,7cc8a3886835cac263746710147e009a7c2fa8635d5ee6b9dbb8b2e1f838f63a
708,No immediate action,www.mondaq.com,https://www.mondaq.com/india/securitization-structured-finance/1831194/sarfaesi-appeals-pre-deposit-calcutta-high-court-on-ots-orders-%7c-podcast-bites,Hosted in India only,Included because the resolved IP geolocated to India (ip-api.com host geolocation); confirm business relevance manually.,Not found on reviewed page,evidence_snapshots/00708_www.mondaq.com_a85407977c.html,a85407977c2f32977491ec91421eacc1e88b324276b77f1d5514f7973f190559
709,No immediate action,www.mondaq.com,https://www.mondaq.com/india/commoditiesderivativesstock-exchanges/1829986/sebis-proposed-framework-for-issuance-of-depository-receipts-by-reits-and-publicly-listed-invits,Likely India jurisdiction + hosted in India,Included because India was inferred from currency code INR; resolved IP also geolocated to India.,Not found on reviewed page,evidence_snapshots/00709_www.mondaq.com_33160b0e9a.html,33160b0e9af3156450f65896717719512eb03ff39882d5615d90c2dbf6d1fd94
710,No immediate action,www.mondaq.com,https://www.mondaq.com/india/financial-services/1828858/banking-finance-updates-july-2026,Likely India jurisdiction + hosted in India,Included because India was inferred from currency text Rs.; resolved IP also geolocated to India.,Not found on reviewed page,evidence_snapshots/00710_www.mondaq.com_36c29b0f5c.html,36c29b0f5cd1e3d67aa374d7611876dc2b1a76e447fab99184c484384ec08b0e
711,No immediate action,www.mondaq.com,https://www.mondaq.com/india/financial-services/1823104/rbi-relaxes-registration-requirements-for-nbfcs,Likely India jurisdiction + hosted in India,Included because India was inferred from currency text Rs.; resolved IP also geolocated to India.,Not found on reviewed page,evidence_snapshots/00711_www.mondaq.com_92e2b16ecd.html,92e2b16ecd9929cf841d020b2e243c83e7d36b18de22d7223a8627780cbe06c2
712,No immediate action,www.mondaq.com,https://www.mondaq.com/india/securitization-structured-finance/1826398/%e3%82%a4%e3%83%b3%e3%83%89%e3%81%ab%e3%81%8a%e3%81%91%e3%82%8b%e5%9c%b0%e6%96%b9%e5%82%b5%e3%81%ab%e9%96%a2%e3%81%99%e3%82%8b%e3%82%88%e3%81%8f%e3%81%82%e3%82%8b%e3%81%94%e8%b3%aa%e5%95%8ffaq,Likely India jurisdiction + hosted in India,Included because India was inferred from currency text Rs.; resolved IP also geolocated to India.,Not found on reviewed page,evidence_snapshots/00712_www.mondaq.com_66509ede63.html,66509ede635af0eb9bce8925cd62a5b06371fcef52ae1bb7799d152db9176e6c
713,No immediate action,www.mondaq.com,https://www.mondaq.com/india/financial-services/1820866/sarfaesi-appeals-pre-deposit-calcutta-high-court-on-ots-orders-%7c-podcast-bites-video,Hosted in India only,Included because the resolved IP geolocated to India (ip-api.com host geolocation); confirm business relevance manually.,Not found on reviewed page,evidence_snapshots/00713_www.mondaq.com_bfd5c3b5b4.html,bfd5c3b5b45e665af8c7f9463210e64e1ac00f38fc5fa2343672cbf87588c70d
714,No immediate action,www.mondaq.com,https://www.mondaq.com/india/transfer-pricing/1831650/transfer-pricing-for-ai-cloud-and-data-driven-service-centres-benchmarking-the-next-generation-global-capability-centre,Likely India jurisdiction + hosted in India,Included because India was inferred from currency text Rs.; resolved IP also geolocated to India.,Not found on reviewed page,evidence_snapshots/00714_www.mondaq.com_b85cf0d321.html,b85cf0d321817543c05922da54c8a870a4e55fa8f606b8b211515bcf6b699afe
715,No immediate action,www.mondaq.com,https://www.mondaq.com/unitedstates/new-technology/1831210/why-certainty-has-become-the-new-currency-in-legal-pricing,Hosted in India only,Included because the resolved IP geolocated to India (ip-api.com host geolocation); confirm business relevance manually.,Not found on reviewed page,evidence_snapshots/00715_www.mondaq.com_1d8c37c138.html,1d8c37c1389f111aed488202ecc4a3c3ab46ac1398c088013318fcaffcd82c3c
716,No immediate action,www.mondaq.com,https://www.mondaq.com/unitedstates/consumer-law/1831376/senate-judiciary-hearing-reveals-bipartisan-support-for-federal-action-on-ai-driven-surveillance-pricing,Hosted in India only,Included because the resolved IP geolocated to India (ip-api.com host geolocation); confirm business relevance manually.,Not found on reviewed page,evidence_snapshots/00716_www.mondaq.com_30c6fee172.html,30c6fee172ae070a3f51ef511317d070764a131b0df7e4c2217ca76602f09763
717,No immediate action,www.mondaq.com,https://www.mondaq.com/unitedstates/financial-services/1831462/challenging-a-framework-that-lets-discretion-override-statutory-access-to-the-federal-reserves-payment-system,Likely India jurisdiction + hosted in India,Included because India was inferred from currency text Rs.; resolved IP also geolocated to India.,Not found on reviewed page,evidence_snapshots/00717_www.mondaq.com_9ec58cde10.html,9ec58cde107eff810e357afef04244cbb8c93cbe50882868d333cb7f3b55edb6
718,No immediate action,www.mondaq.com,https://www.mondaq.com/uk/fintech/1829736/hm-treasury-proposes-major-overhaul-of-uk-payments-regulation,Likely India jurisdiction + hosted in India,Included because India was inferred from currency text Rs.; resolved IP also geolocated to India.,Not found on reviewed page,evidence_snapshots/00718_www.mondaq.com_9e744a6def.html,9e744a6def6e68e19a61cbf1a17eed6891805668d709f6536ab608540e6d83de
719,No immediate action,www.mondaq.com,https://www.mondaq.com/unitedstates/income-tax/1830772/irs-issues-proposed-regulations-on-employer-contributions-to-trump-accounts-and-nondiscrimination-rules-for-dependent-care-assistance-programs,Likely India jurisdiction + hosted in India,Included because India was inferred from currency text Rs.; resolved IP also geolocated to India.,Not found on reviewed page,evidence_snapshots/00719_www.mondaq.com_3480fcf388.html,3480fcf3880897eae9737aeb64560c289a32e8e175c467bfa816441b39f0eadf
720,No immediate action,www.mondaq.com,https://www.mondaq.com/unitedstates/employee-benefits-compensation/1830768/treasury-and-irs-issue-proposed-rule-on-employer-contributions-to-trump-accounts,Likely India jurisdiction + hosted in India,Included because India was inferred from currency text Rs.; resolved IP also geolocated to India.,Not found on reviewed page,evidence_snapshots/00720_www.mondaq.com_1083f0fb2e.html,1083f0fb2e84ed5e57c9ced7209ab06d4b5322acc170642412287b6d928f2ae2
721,No immediate action,www.mondaq.com,https://www.mondaq.com/unitedstates/waste-management/1830032/eu-publishes-new-faqs-on-the-ppwr,Likely India jurisdiction + hosted in India,Included because India was inferred from currency text Rs.; resolved IP also geolocated to India.,Not found on reviewed page,evidence_snapshots/00721_www.mondaq.com_d0baf070e2.html,d0baf070e25e25ea81264ce4f65bc10026e2a853ca92b4b46cbe7781540c4843
722,No immediate action,www.mondaq.com,https://www.mondaq.com/ireland/financial-services/1824420/central-bank-publishes-second-payments-and-e-money-newsletter,Hosted in India only,Included because the resolved IP geolocated to India (ip-api.com host geolocation); confirm business relevance manually.,Not found on reviewed page,evidence_snapshots/00722_www.mondaq.com_ff998551f6.html,ff998551f68154e647b07312aeb6ff691d3d49f9064df41c71b2e54da667e288
723,No immediate action,www.mondaq.com,https://www.mondaq.com/guides/15,Hosted in India only,Included because the resolved IP geolocated to India (ip-api.com host geolocation); confirm business relevance manually.,Not found on reviewed page,evidence_snapshots/00723_www.mondaq.com_c95b71c06c.html,c95b71c06c6856faaf20bad9e1c4531474b2bae1300bbfba623ba8c4d8b7a363
724,No immediate action,www.opensanctions.org,https://www.opensanctions.org/datasets/in_mha_banned/,Likely India jurisdiction,Included because India was inferred from currency text Rs..,Not found on reviewed page,evidence_snapshots/00724_www.opensanctions.org_4d1dfc1b22.html,4d1dfc1b22ab38c8d515c54e4d17cb4487edd5d1999f3868c06230cde89adc54
725,Reference/news - lower priority,www.state.gov,https://www.state.gov/foreign-terrorist-organizations/,Hosted in India only,Included because the resolved IP geolocated to India (ip-api.com host geolocation); confirm business relevance manually.,Not found on reviewed page,evidence_snapshots/00725_www.state.gov_6282f2bec3.html,6282f2bec3b5f25bb70462743621fb80ba6d9fcf5b8cd438167a8cd604ac0219
726,No immediate action,www.mha.gov.in,https://www.mha.gov.in/sites/default/files/A1967-37.pdf,Likely India jurisdiction + hosted in India,Included because India was inferred from country-code domain .in; resolved IP also geolocated to India.,Not found on reviewed page,evidence_snapshots/00726_www.mha.gov.in_15201c51c6.html,15201c51c6e8168eb22245296353b38ba1f63bb17ecdde52689a4a8021eac98f
727,No immediate action,openrefine.org,https://openrefine.org/,Likely India jurisdiction,Included because India was inferred from search market en-IN.,Not found on reviewed page,evidence_snapshots/00727_openrefine.org_1ce178117a.html,1ce178117a43114e5235510e92c659ea8eff51cd5812195c0c2b5e6f946604d6
728,No immediate action,www.everypolitician.org,https://www.everypolitician.org,Likely India jurisdiction,Included because India was inferred from currency text Rs..,Not found on reviewed page,evidence_snapshots/00728_everypolitician.org_9622554722.html,962255472260a4f6dcdd55584f9ec3139c127c3e71088273078163c13beb0376
730,No immediate action,www.opensanctions.org,https://www.opensanctions.org/account/,Likely India jurisdiction,Included because India was inferred from search market en-IN.,Not found on reviewed page,evidence_snapshots/00730_auth.opensanctions.org_2af95f0936.html,2af95f093670ee9c8ece822aa17953a18f6e02fbbb72cbcb9a12cb73d01dd6e2
731,No immediate action,www.opensanctions.org,https://www.opensanctions.org/docs/commercial/faq/,Likely India jurisdiction,Included because India was inferred from currency text Rs..,Not found on reviewed page,evidence_snapshots/00731_www.opensanctions.org_623453d5cf.html,623453d5cf19f3c5e51780e40808177e9077ad3af57cc241c6e0a34c8b4fc624
733,No immediate action,www.opensanctions.org,https://www.opensanctions.org/support/,Likely India jurisdiction,Included because India was inferred from search market en-IN.,Not found on reviewed page,evidence_snapshots/00733_www.opensanctions.org_1308688273.html,1308688273114bcfb892c0c4262b1085deb4db10858a0141709707d8571f9969
734,No immediate action,www.opensanctions.org,https://www.opensanctions.org/docs/terms/,Likely India jurisdiction,Included because India was inferred from search market en-IN.,Not found on reviewed page,evidence_snapshots/00734_www.opensanctions.org_d6557c10ea.html,d6557c10ea3cfec22fa3066ca46c8938a28466a84d287584942560a1109c390e
735,No immediate action,www.opensanctions.org,https://www.opensanctions.org/entities/in-mha-3eb88ed3c5d246b58b699bb053cbacbaa9079c7b/,Likely India jurisdiction,Included because India was inferred from currency text Rs..,Not found on reviewed page,evidence_snapshots/00735_www.opensanctions.org_d2e57972bd.html,d2e57972bd7bfa729f4f97a9361bdee65986693f92d0cf3e969c4ef53c5f4072
738,No immediate action,www.opensanctions.org,https://www.opensanctions.org/newsletter/,Likely India jurisdiction,Included because India was inferred from currency text Rs..,Not found on reviewed page,evidence_snapshots/00738_www.opensanctions.org_c5e707d482.html,c5e707d48274a88735191227fdc89ffb9fd8a20383d196f7a843e28b5fc9752c
739,No immediate action,docusaurus.io,https://docusaurus.io/docs/docusaurus.config.js/#baseUrl,Likely India jurisdiction,Included because India was inferred from search market en-IN.,Not found on reviewed page,evidence_snapshots/00739_docusaurus.io_6254c52920.html,6254c52920c0748b2518c5679105d5609784f132205fcc7b210a1f86d5c1a6cb
741,No immediate action,gitter.im,https://gitter.im/OpenRefine/OpenRefine,Likely India jurisdiction,Included because India was inferred from search market en-IN.,Not found on reviewed page,evidence_snapshots/00741_app.gitter.im_b16e15764b.html,b16e15764b8bc06c5c3f9f19bc8b99fa48e7894aa5a6ccdad65da49bbf564793
744,No immediate action,openrefine.org,https://openrefine.org/blog,Likely India jurisdiction,Included because India was inferred from currency text Rs..,Not found on reviewed page,evidence_snapshots/00744_openrefine.org_a1bc54c3fd.html,a1bc54c3fd8b8cc59d0afddf7edbd5d1b0613508f953ca9af865000ae3ac63e8
745,No immediate action,opensanctions.org,https://opensanctions.org/,Likely India jurisdiction,Included because India was inferred from currency text Rs..,Not found on reviewed page,evidence_snapshots/00745_www.opensanctions.org_947ca48274.html,947ca482749cba09560fbfbfa6c18c012f93c964df7cecd9f54ed187f97fa7ef
746,No immediate action,www.wikidata.org,https://www.wikidata.org/,Likely India jurisdiction,Included because India was inferred from currency text Rs..,Not found on reviewed page,evidence_snapshots/00746_www.wikidata.org_b7e67f6e1e.html,b7e67f6e1ed5e8c452ee0499c9abd0982f5ea2997e7ae96b748b67f648bdfb7c
747,No immediate action,www.govdirectory.org,https://www.govdirectory.org/,Likely India jurisdiction,Included because India was inferred from currency text Rs..,Not found on reviewed page,evidence_snapshots/00747_www.govdirectory.org_451cd6d0f0.html,451cd6d0f08bca23d7bbe53cb9e4d835fd85eabd4a1da9379fccb90a025a6d04
748,No immediate action,everypolitician.org,https://everypolitician.org:443/about/contribute/,Likely India jurisdiction,Included because India was inferred from search market en-IN.,Not found on reviewed page,evidence_snapshots/00748_everypolitician.org_10b11903b4.html,10b11903b4542c166fd42a9a2fc19b5395462b899c3ea0a7e1472cd66834ed37
749,Immediate internal match check,giving.gofundme.com,https://giving.gofundme.com/campaign/778218/donate,Likely India jurisdiction + hosted in India,Included because India was inferred from currency text Rs.; resolved IP also geolocated to India.,Yes - visible AmEx acceptance signal,evidence_snapshots/00749_giving.gofundme.com_320398c7ca.html,320398c7ca6599c02087e77deecfaa614b03e4730ec44cfd20922136d6b35ed9
750,No immediate action,creative-commons-shop.fourthwall.com,https://creative-commons-shop.fourthwall.com/,Likely India jurisdiction,Included because India was inferred from currency code INR.,Not found on reviewed page,evidence_snapshots/00750_creative-commons-shop.fourthwall.com_deaa78bd9f.html,deaa78bd9fc6ee1b2eeeef43a0f27ff89f2af19cbf2d109ecbd4a34a86422b36
751,No immediate action,bsky.app,https://bsky.app/profile/creativecommons.bsky.social,Likely India jurisdiction,Included because India was inferred from search market en-IN.,Not found on reviewed page,evidence_snapshots/00751_bsky.app_dabfa10d54.html,dabfa10d540e1de091c1e2ec185d978a23a239b3e1ce0b987e744eaaf293b524
758,No immediate action,wiki.creativecommons.org,https://wiki.creativecommons.org/License_Versions#Detailed_attribution_comparison_chart,Likely India jurisdiction,Included because India was inferred from currency text Rs..,Not found on reviewed page,evidence_snapshots/00758_wiki.creativecommons.org_b946cf3d97.html,b946cf3d97a8c42f102836fb440c1b26e0f39e03d712c248529a4b9e8702d88c
759,No immediate action,wiki.creativecommons.org,https://wiki.creativecommons.org/Best_practices_for_attribution#This_is_a_good_attribution_for_material_you_modified_slightly,Likely India jurisdiction,Included because India was inferred from currency code INR.,Not found on reviewed page,evidence_snapshots/00759_wiki.creativecommons.org_581270e25c.html,581270e25cd48f85ca37c0bfb5be8641805ff75c8ffc8f96bd1652c9f1bff96d
760,No immediate action,www.opensanctions.org,https://www.opensanctions.org/sales/?topic=reseller,Likely India jurisdiction,Included because India was inferred from search market en-IN.,Not found on reviewed page,evidence_snapshots/00760_www.opensanctions.org_129e5ce3de.html,129e5ce3de41141233de94551702345cba4aa4b782b57dba6e0835b5de5b7bc4
761,No immediate action,www.discourse.org,https://www.discourse.org,Likely India jurisdiction + hosted in India,Included because India was inferred from currency text Rs.; resolved IP also geolocated to India.,Not found on reviewed page,evidence_snapshots/00761_www.discourse.org_4cfbb16a6d.html,4cfbb16a6d1aaaae9222bc7442a2c627f7f1415d5ec8097ff0f83438083985ed
762,No immediate action,discuss.opensanctions.org,https://discuss.opensanctions.org/tos,Likely India jurisdiction,Included because India was inferred from currency text Rs..,Not found on reviewed page,evidence_snapshots/00762_discuss.opensanctions.org_a7bd5ed111.html,a7bd5ed111d2256c3d92bd640376fabfad596d52c743ecbe6c9272fecc1d0b8a
764,No immediate action,www.opensanctions.org,https://www.opensanctions.org/docs/terms/data/202509/,Likely India jurisdiction,Included because India was inferred from currency text Rs..,Not found on reviewed page,evidence_snapshots/00764_www.opensanctions.org_55b3466743.html,55b34667438d8f164c887c0add9661cb80106237f29037544fa6d6343ea1d4ae
765,No immediate action,www.opensanctions.org,https://www.opensanctions.org/docs/terms/api/202509/,Likely India jurisdiction,Included because India was inferred from currency text Rs..,Not found on reviewed page,evidence_snapshots/00765_www.opensanctions.org_4c6ede8a19.html,4c6ede8a191c2f4ba69d5f9a8f1036d496c21346b62c6d56a7591c22713578c0
766,No immediate action,www.opensanctions.org,https://www.opensanctions.org/docs/terms/dpa/,Likely India jurisdiction,Included because India was inferred from search market en-IN.,Not found on reviewed page,evidence_snapshots/00766_www.opensanctions.org_f7c464eccc.html,f7c464ecccf12652d937274b8a5d2f5735e7faa6c9fbba977f87b810b64f2183
767,No immediate action,xn--i1b5bzbybhfo5c8b4bxh.xn--11b7cb3a6a.xn--h2brj9c,https://xn--i1b5bzbybhfo5c8b4bxh.xn--11b7cb3a6a.xn--h2brj9c/en/commoncontent/individuals-terrorists-listed-fourth-schedule-of-unlawful-activities-prevention-act,Likely India jurisdiction + hosted in India,Included because India was inferred from currency text Rs.; resolved IP also geolocated to India.,Not found on reviewed page,evidence_snapshots/00767_xn--i1b5bzbybhfo5c8b4bxh.xn--11b7cb3a6a_388afb0df9.html,388afb0df974e90d3588bed0fb6456ead4f6b593a2b2fb25beff0b327581cfa8
775,No immediate action,www.opensanctions.org,https://www.opensanctions.org/articles/2025-review/,Likely India jurisdiction,Included because India was inferred from country mention: india.,Not found on reviewed page,evidence_snapshots/00775_www.opensanctions.org_76902c2634.html,76902c26341aa3ab14c1643b60180ceddbbf2675ed0eab783fe0b0d01fa8525d
777,No immediate action,www.opensanctions.org,https://www.opensanctions.org/docs/delisting/,Likely India jurisdiction,Included because India was inferred from currency text Rs..,Not found on reviewed page,evidence_snapshots/00777_www.opensanctions.org_a32b5e03d7.html,a32b5e03d71aee28a381c6bd23d5d5095f594dd6a444c569629af62f08827ad7
778,No immediate action,www.britannica.com,https://www.britannica.com/science/narcotic,Likely India jurisdiction,Included because India was inferred from search market en-IN.,Not found on reviewed page,evidence_snapshots/00778_www.britannica.com_93e14fa234.html,93e14fa234f0a1e69ecda20920b76a4208bb1790d37f4c3437f0c83ede5e4871
779,No immediate action,www.drugs.com,https://www.drugs.com/drug-class/narcotic-analgesics.html,Hosted in India only,Included because the resolved IP geolocated to India (ip-api.com host geolocation); confirm business relevance manually.,Not found on reviewed page,evidence_snapshots/00779_www.drugs.com_b8b1fdf03d.html,b8b1fdf03d8faecdc29f6b000e46922894d8b8e6654e02e771cb357207ba8951
780,Reference/news - lower priority,narcoticsindia.nic.in,https://narcoticsindia.nic.in/,Likely India jurisdiction + hosted in India,Included because India was inferred from country mention: india; resolved IP also geolocated to India.,Not found on reviewed page,evidence_snapshots/00780_narcoticsindia.nic.in_c68bdcd695.html,c68bdcd6956cec0addc30ece0f3ace351750e187e99d10fea6bd4ddfb2fd824d
782,No immediate action,www.merriam-webster.com,https://www.merriam-webster.com/dictionary/narcotic,Likely India jurisdiction,Included because India was inferred from currency text Rs..,Not found on reviewed page,evidence_snapshots/00782_www.merriam-webster.com_80477a2f1e.html,80477a2f1e5be6083be3220b4d4da828f1dbb1b76ddea0b2732aa6c705a24307
783,No immediate action,www.healthline.com,https://www.healthline.com/health/what-are-narcotics,Likely India jurisdiction + hosted in India,Included because India was inferred from currency text Rs.; resolved IP also geolocated to India.,Not found on reviewed page,evidence_snapshots/00783_www.healthline.com_583c7f1cf2.html,583c7f1cf2e17003ae5c38094dc76d86043b60ca0a72b12d16333548e292a951
784,No immediate action,www.scribd.com,https://www.scribd.com/document/58888127/List-of-Narciotic-Drugs,Likely India jurisdiction + hosted in India,Included because India was inferred from currency text Rs.; resolved IP also geolocated to India.,Not found on reviewed page,evidence_snapshots/00784_www.scribd.com_2fb9984485.html,2fb9984485cf49ea23f4443a4f4ead570c06610e165419958f5f4b1f442a0453
788,Activity found - AmEx not visible,www.healthline.com,https://www.healthline.com/health/examples-of-narcotics,Hosted in India only,Included because the resolved IP geolocated to India (ip-api.com host geolocation); confirm business relevance manually.,Not found on reviewed page,evidence_snapshots/00788_www.healthline.com_5215b92351.html,5215b9235161c6797388abf301feaafdc5ca937edffdc3da920c6ab4cd6f1356
794,No immediate action,www.britannica.com,https://www.britannica.com/question,Likely India jurisdiction,Included because India was inferred from currency text Rs..,Not found on reviewed page,evidence_snapshots/00794_www.britannica.com_d51719059b.html,d51719059beb7bec365ee05246963e28d95cfd4bab71542ce31fe885ed749abb
797,No immediate action,www.britannica.com,https://www.britannica.com/facts/narcotic,Likely India jurisdiction,Included because India was inferred from search market en-IN.,Not found on reviewed page,evidence_snapshots/00797_www.britannica.com_cae0766d43.html,cae0766d43d2fda39bfb01569bc30ea0404e8a063a854828e1c261ae087bdb6c
798,No immediate action,www.britannica.com,https://www.britannica.com/science/narcotic/images-videos,Likely India jurisdiction,Included because India was inferred from currency text Rs..,Not found on reviewed page,evidence_snapshots/00798_www.britannica.com_14da99cc40.html,14da99cc40243189d9b9550d6bcfdeae55ecfc353860ec9cc9459c3914a81f53
799,No immediate action,www.britannica.com,https://www.britannica.com/summary/narcotic,Likely India jurisdiction,Included because India was inferred from search market en-IN.,Not found on reviewed page,evidence_snapshots/00799_www.britannica.com_a2c5a03cb4.html,a2c5a03cb4d142e728001dd834e5fa6750f10fa246f98c72bfa25bf997027289
800,No immediate action,privacy.truste.com,https://privacy.truste.com/privacy-seal/validation?rid=d18cba4a-afc4-4863-af81-8262bb120271,Likely India jurisdiction,Included because India was inferred from search market en-IN.,Not found on reviewed page,evidence_snapshots/00800_privacy.truste.com_9d0b1e6db4.html,9d0b1e6db4d5dadfdb5637a9347211f2d0bcb1736803070779a840eee325e063
802,No immediate action,www.drugs.com,https://www.drugs.com/account/register/,Hosted in India only,Included because the resolved IP geolocated to India (ip-api.com host geolocation); confirm business relevance manually.,Not found on reviewed page,evidence_snapshots/00802_www.drugs.com_fef5e77056.html,fef5e770563967d219ca0da09c38850a832ee5b40ec03bfd783c966daffe21b7
803,No immediate action,www.drugs.com,https://www.drugs.com/account/login/,Hosted in India only,Included because the resolved IP geolocated to India (ip-api.com host geolocation); confirm business relevance manually.,Not found on reviewed page,evidence_snapshots/00803_www.drugs.com_3c2d76090e.html,3c2d76090ed043af65e1d5d475bd6f2d94868ae71f84287b23ed904ccc6f24cb
804,No immediate action,www.drugs.com,https://www.drugs.com/account/plan/?launch=ddc-tier-plus,Hosted in India only,Included because the resolved IP geolocated to India (ip-api.com host geolocation); confirm business relevance manually.,Not found on reviewed page,evidence_snapshots/00804_www.drugs.com_84095777c6.html,84095777c63e80944c7aaa0b6b31b04c3fef94dfe8febe8615015333361a20f2
805,No immediate action,www.drugs.com,https://www.drugs.com/support/,Hosted in India only,Included because the resolved IP geolocated to India (ip-api.com host geolocation); confirm business relevance manually.,Not found on reviewed page,evidence_snapshots/00805_www.drugs.com_71265c3539.html,71265c35399f83b858cbb4b06cfad4dcc83c8a6e7588847f743a31784a49daf9
806,No immediate action,www.drugs.com,https://www.drugs.com/support/terms.html,Hosted in India only,Included because the resolved IP geolocated to India (ip-api.com host geolocation); confirm business relevance manually.,Not found on reviewed page,evidence_snapshots/00806_www.drugs.com_54da845cee.html,54da845ceeccfb678227eb6de9bc2c2e250499feae8dc65dfad8b80d7624d38d
807,No immediate action,www.drugs.com,https://www.drugs.com/news.html,Hosted in India only,Included because the resolved IP geolocated to India (ip-api.com host geolocation); confirm business relevance manually.,Not found on reviewed page,evidence_snapshots/00807_www.drugs.com_21d7ed67a4.html,21d7ed67a4fd996c0eff44141d4ccd05e5c20861ecb10ae899b94d60b4030657
808,No immediate action,www.drugs.com,https://www.drugs.com/health-guide/cancer.html,Hosted in India only,Included because the resolved IP geolocated to India (ip-api.com host geolocation); confirm business relevance manually.,Not found on reviewed page,evidence_snapshots/00808_www.drugs.com_a8ddcac8b2.html,a8ddcac8b2db8839484dff8186a17e894c32c6780f814708d03b3ef874971dc0
809,No immediate action,www.drugs.com,https://www.drugs.com/health-guide/rash.html,Hosted in India only,Included because the resolved IP geolocated to India (ip-api.com host geolocation); confirm business relevance manually.,Not found on reviewed page,evidence_snapshots/00809_www.drugs.com_42647d6e2f.html,42647d6e2ff6bcc8c9071059fc90d270af5e142d12eb8d658ba1c40c04e0babc
810,No immediate action,www.drugs.com,https://www.drugs.com/health-guide/nausea.html,Hosted in India only,Included because the resolved IP geolocated to India (ip-api.com host geolocation); confirm business relevance manually.,Not found on reviewed page,evidence_snapshots/00810_www.drugs.com_8971ae581f.html,8971ae581ffcb6839b34b937550e59921c1645de5aadcd5f8ec0011c8886e2d9
811,No immediate action,www.drugs.com,https://www.drugs.com/health-guide/diarrhea.html,Hosted in India only,Included because the resolved IP geolocated to India (ip-api.com host geolocation); confirm business relevance manually.,Not found on reviewed page,evidence_snapshots/00811_www.drugs.com_cb6acf12b7.html,cb6acf12b7affb61c41b834f0cbd66da8e82721deabfe66a2b1ea91cb3afd08a
812,No immediate action,www.drugs.com,https://www.drugs.com/drug-class/narcotic-analgesics.html?condition_id=0&generic=0&sort=reviews&order=desc#filterSection,Hosted in India only,Included because the resolved IP geolocated to India (ip-api.com host geolocation); confirm business relevance manually.,Not found on reviewed page,evidence_snapshots/00812_www.drugs.com_bfcd9859dc.html,bfcd9859dc32e253a1b3bc9be9a394ca6b26541e81a353a84b760d79b11884c9
817,No immediate action,www.nglish.com,http://www.nglish.com/spanish/narcotic,Likely India jurisdiction + hosted in India,Included because India was inferred from currency text Rs.; resolved IP also geolocated to India.,Not found on reviewed page,evidence_snapshots/00817_www.nglish.com_1914520adf.html,1914520adfcb58395084f3c4bb1ac486dd1577cebd350aa158706bcfb6e81aab
818,No immediate action,www.britannica.com,https://www.britannica.com/EBchecked/topic/403484/narcotic,Likely India jurisdiction,Included because India was inferred from search market en-IN.,Not found on reviewed page,evidence_snapshots/00818_www.britannica.com_f9fc1db3ec.html,f9fc1db3eceb2f6405ed01e99edc2a0ea2ce9bef81b166f895b949266dc69315
822,No immediate action,www.merriam-webster.com,https://www.merriam-webster.com/newsletters,Likely India jurisdiction,Included because India was inferred from currency text Rs..,Not found on reviewed page,evidence_snapshots/00822_www.merriam-webster.com_9fc6c22e0f.html,9fc6c22e0f7669a134dd684cc4a2e580db4658e87d930001d1a782af1cb2e942
824,No immediate action,www.merriam-webster.com,https://www.merriam-webster.com/dictionary/narcotic?pronunciation=&lang=en_us&dir=n&file=narcot01,Likely India jurisdiction,Included because India was inferred from currency text Rs..,Not found on reviewed page,evidence_snapshots/00824_www.merriam-webster.com_3265f51a2a.html,3265f51a2af8edd33388143f7791022d3f333832d6f920d9854734e2fdbb788d
825,No immediate action,www.merriam-webster.com,https://www.merriam-webster.com/thesaurus/narcotic,Likely India jurisdiction,Included because India was inferred from currency text Rs..,Not found on reviewed page,evidence_snapshots/00825_www.merriam-webster.com_8c75842a18.html,8c75842a18049efca513c857da6caf0acafcb027c5904a6e2a6e1420dfb55963
828,No immediate action,www.merriam-webster.com,https://www.merriam-webster.com/rhymes/perfect/narcotic,Likely India jurisdiction,Included because India was inferred from search market en-IN.,Not found on reviewed page,evidence_snapshots/00828_www.merriam-webster.com_d091069c01.html,d091069c019ec870455286209c27230bf3ebc49e921ce2800b54c43d6919e46c
829,No immediate action,www.merriam-webster.com,https://www.merriam-webster.com/dictionary/narcotically,Likely India jurisdiction,Included because India was inferred from currency text Rs..,Not found on reviewed page,evidence_snapshots/00829_www.merriam-webster.com_3f3b40076f.html,3f3b40076fd9f846a8e998a869a895cf70c5abb5a64c829b3156e726195e0630
831,No immediate action,www.healthline.com,https://www.healthline.com/reviews,Hosted in India only,Included because the resolved IP geolocated to India (ip-api.com host geolocation); confirm business relevance manually.,Not found on reviewed page,evidence_snapshots/00831_www.healthline.com_3cb66b2aa5.html,3cb66b2aa5fc36203620a8f984d2703968377828e3144fa195870736429f52cd
832,No immediate action,www.healthline.com,https://www.healthline.com/reviews/at-home-tests,Hosted in India only,Included because the resolved IP geolocated to India (ip-api.com host geolocation); confirm business relevance manually.,Not found on reviewed page,evidence_snapshots/00832_www.healthline.com_fe6ab372a6.html,fe6ab372a6318e966932d9810169cc377724351e9be44e928d340b226ee4d63f
833,No immediate action,www.healthline.com,https://www.healthline.com/reviews/mens-health-products,Hosted in India only,Included because the resolved IP geolocated to India (ip-api.com host geolocation); confirm business relevance manually.,Not found on reviewed page,evidence_snapshots/00833_www.healthline.com_ac76a008fe.html,ac76a008fe2e15625a7c1a0541313145331b4a3485812815f61f505ec24a5008
834,No immediate action,www.healthline.com,https://www.healthline.com/reviews/mental-health-services-and-products,Hosted in India only,Included because the resolved IP geolocated to India (ip-api.com host geolocation); confirm business relevance manually.,Not found on reviewed page,evidence_snapshots/00834_www.healthline.com_df74961440.html,df749614403b973e4e08a2da6838a0ad06994ced8ac6ae9c7309b3fa031a0362
835,No immediate action,www.healthline.com,https://www.healthline.com/reviews/nutrition-products,Hosted in India only,Included because the resolved IP geolocated to India (ip-api.com host geolocation); confirm business relevance manually.,Not found on reviewed page,evidence_snapshots/00835_www.healthline.com_8aae37faf4.html,8aae37faf4bad5a06212a4a7921792c57b0e0a88ff87ece3af17215d36d74fb2
836,No immediate action,www.healthline.com,https://www.healthline.com/reviews/sleep-products,Likely India jurisdiction + hosted in India,Included because India was inferred from search market en-IN; resolved IP also geolocated to India.,Not found on reviewed page,evidence_snapshots/00836_www.healthline.com_311531734a.html,311531734a617089da26f33a00b04c59f7f43ec730022c19fb7dbb1c0c86e551
837,No immediate action,www.healthline.com,https://www.healthline.com/reviews/vitamin-and-supplement-products,Likely India jurisdiction + hosted in India,Included because India was inferred from currency text Rs.; resolved IP also geolocated to India.,Not found on reviewed page,evidence_snapshots/00837_www.healthline.com_02ecea092d.html,02ecea092d3cf5fca0cf86f8d0e8a2bd0b54e8d4c57137b273c45dd5d21267da
838,No immediate action,www.healthline.com,https://www.healthline.com/reviews/womens-health-products,Hosted in India only,Included because the resolved IP geolocated to India (ip-api.com host geolocation); confirm business relevance manually.,Not found on reviewed page,evidence_snapshots/00838_www.healthline.com_9c5e846e3d.html,9c5e846e3d7c1e8bc904defde3802f80b467ce2543f6b4d88746373e2f695a8e
841,No immediate action,www.healthline.com,https://www.healthline.com/health-news/666-walking-trend-weight-loss,Hosted in India only,Included because the resolved IP geolocated to India (ip-api.com host geolocation); confirm business relevance manually.,Not found on reviewed page,evidence_snapshots/00841_www.healthline.com_2849c21f09.html,2849c21f09b703e9da8b00d13a73a9229f8b819404de7dbfe423ad44e2c030e4
842,No immediate action,www.healthline.com,https://www.healthline.com/health-news/morning-coffee-heart-health-benefits,Likely India jurisdiction + hosted in India,Included because India was inferred from currency text Rs.; resolved IP also geolocated to India.,Not found on reviewed page,evidence_snapshots/00842_www.healthline.com_53f84ca854.html,53f84ca8541912c9cc01ad48d186c59ff942da4e8033a8ba692ba53340f04153
843,No immediate action,www.healthline.com,https://www.healthline.com/directory/topics,Hosted in India only,Included because the resolved IP geolocated to India (ip-api.com host geolocation); confirm business relevance manually.,Not found on reviewed page,evidence_snapshots/00843_www.healthline.com_93ba6979ab.html,93ba6979aba0add310ab5ec11bce850f27f55186c2cd60177cac7e9c1ce2dee9
844,No immediate action,www.healthline.com,https://www.healthline.com/sponsored-topics,Likely India jurisdiction + hosted in India,Included because India was inferred from currency text Rs.; resolved IP also geolocated to India.,Not found on reviewed page,evidence_snapshots/00844_www.healthline.com_4e030968aa.html,4e030968aafecb3579574f9bbd4eb51a6db8c57914b278b89a65f7d560a0ef33
845,No immediate action,www.scribdinc.com,https://www.scribdinc.com/about,Likely India jurisdiction,Included because India was inferred from currency text Rs..,Not found on reviewed page,evidence_snapshots/00845_www.scribdinc.com_1661573ed7.html,1661573ed73c92baf89470eb16c2d5496b1e3f0d0f584459975f199f75269f72
846,No immediate action,www.slideshare.net,https://www.slideshare.net/,Likely India jurisdiction + hosted in India,Included because India was inferred from currency symbol INR; resolved IP also geolocated to India.,Not found on reviewed page,evidence_snapshots/00846_www.slideshare.net_99234fdfd8.html,99234fdfd8011418ca8f1e673fc3f51aac7b8abd9761286f6d7b787c5603ceb8
850,No immediate action,www.scribd.com,https://www.scribd.com/oauth/signup?doc_id=58888127,Likely India jurisdiction + hosted in India,Included because India was inferred from search market en-IN; resolved IP also geolocated to India.,Not found on reviewed page,evidence_snapshots/00850_www.scribd.com_e3b0c44298.html,e3b0c44298fc1c149afbf4c8996fb92427ae41e4649b934ca495991b7852b855
851,No immediate action,g.co,https://g.co/kgs/yQQyH1W,Likely India jurisdiction,Included because India was inferred from page metadata: IN.,Not found on reviewed page,evidence_snapshots/00851_www.google.com_e1c9df37eb.html,e1c9df37eb283c86e648cc3a9ae95eb345ba2f8d00a219d9f9c56495a60b7f4d
854,No immediate action,medium.com,https://medium.com/@californiaprimerecovery,Likely India jurisdiction,Included because India was inferred from search market en-IN.,Not found on reviewed page,evidence_snapshots/00854_medium.com_bd0894ea9c.html,bd0894ea9cd49359e15726a0f246b70283777958b322153d43cbc9434584e966
858,No immediate action,www.cdc.gov,https://www.cdc.gov/overdose-prevention/treatment/index.html,Likely India jurisdiction + hosted in India,Included because India was inferred from currency text Rs.; resolved IP also geolocated to India.,Not found on reviewed page,evidence_snapshots/00858_www.cdc.gov_7776e5c806.html,7776e5c80696ba895d137a92cdc2450dea722e550016a5dcb8926a5ad2e9e30c
860,No immediate action,www.ochealthinfo.com,https://www.ochealthinfo.com/services-programs/mental-health-crisis-recovery/alcohol-substance-use-services,Likely India jurisdiction,Included because India was inferred from search market en-IN.,Not found on reviewed page,evidence_snapshots/00860_www.ochealthinfo.com_4a7ecf37da.html,4a7ecf37da54b2ca8f2c4bfc8e2f923a05c92b532bde5472bd83d691fb9c1d2e
877,No immediate action,www.fso.com.au,http://www.fso.com.au,Likely India jurisdiction,Included because India was inferred from currency text Rs..,Not found on reviewed page,evidence_snapshots/00877_fso.com.au_862bad224b.html,862bad224bab0eca8177c0d277001f3c14408dd7f99cbe555c62c68699e7de9a
879,No immediate action,www.apfna.org,https://www.apfna.org/newsletter,Likely India jurisdiction,Included because India was inferred from currency text Rs..,Not found on reviewed page,evidence_snapshots/00879_www.apfna.org_e20658e475.html,e20658e47530d6d00df299857e9dba2b8e75947b5d73c53e31535e0f1b604b54
881,No immediate action,outlook.office365.com,https://outlook.office365.com,Hosted in India only,Included because the resolved IP geolocated to India (ip-api.com host geolocation); confirm business relevance manually.,Not found on reviewed page,evidence_snapshots/00881_outlook.office365.com_e3b0c44298.html,e3b0c44298fc1c149afbf4c8996fb92427ae41e4649b934ca495991b7852b855
893,Manual AmEx evidence review,corporate.britannica.com,https://corporate.britannica.com/termsofuse.html,Likely India jurisdiction,Included because India was inferred from currency text Rs..,Possible - AmEx logo/token or mixed signal,evidence_snapshots/00893_corporate.britannica.com_afb0ed0831.html,afb0ed0831929e52658c748b4b0238b5b6047e5691bc1e9f2572e3f40f6515f8
894,No immediate action,cam.britannica.com,https://cam.britannica.com/subscribe/bp-monthly-free-trial,Likely India jurisdiction,Included because India was inferred from search market en-IN.,Not found on reviewed page,evidence_snapshots/00894_cam.britannica.com_77fc9c4bc7.html,77fc9c4bc7f6033904b271d10a3d5c2a8e0d026624004ee3b2b26041b6260dbc
895,No immediate action,cam.britannica.com,https://cam.britannica.com/subscribe/bp-annual-free-trial?partnerCode=default_partner&_gl=1%2A1n99y1s%2A_ga%2AMTQzMDEyNDg1OC4xNzgyNDkyMTUx%2A_ga_821K16B669%2AczE3ODMzNjIzNzUkbzEwJGcxJHQxNzgzMzY0ODI0JGoyNSRsMCRoMA..,Likely India jurisdiction,Included because India was inferred from search market en-IN.,Not found on reviewed page,evidence_snapshots/00895_cam.britannica.com_81d86309c0.html,81d86309c02ecd6eb15e19a1246e0bd3da2b6515fa0b26596c09d67852039ad0
896,No immediate action,cam.britannica.com,https://cam.britannica.com/subscribe/fam-annual?partnerCode=default_partner&_gl=1%2Ar70u9a%2A_ga%2AMTQzMDEyNDg1OC4xNzgyNDkyMTUx%2A_ga_821K16B669%2AczE3ODMzNjIzNzUkbzEwJGcxJHQxNzgzMzY0MDg4JGo1OCRsMCRoMA..,Likely India jurisdiction,Included because India was inferred from search market en-IN.,Not found on reviewed page,evidence_snapshots/00896_cam.britannica.com_8fb04e9e37.html,8fb04e9e3770018df1fa8a5061d22a5f9fc5bbcc717f0e0269e6e5cd5953d8ae
897,Manual AmEx evidence review,corporate.britannica.com,https://corporate.britannica.com/termsofuse.html?abExternalOpen=true&abExternalOpen=true,Likely India jurisdiction,Included because India was inferred from currency text Rs..,Possible - AmEx logo/token or mixed signal,evidence_snapshots/00897_corporate.britannica.com_f5d766098a.html,f5d766098a2f59d44877d251c2e2d948a7d48a117048d4446be239414ba01b1d
898,No immediate action,www.britannica.com,https://www.britannica.com/list/10-iconic-churches-in-spain,Likely India jurisdiction,Included because India was inferred from currency text Rs..,Not found on reviewed page,evidence_snapshots/00898_www.britannica.com_6d7f5752a5.html,6d7f5752a5b92b43aa69a1f835dc7ac7e91e02e2af5b7d9b4254624361920948
899,No immediate action,www.britannica.com,https://www.britannica.com/list/10-important-dates-in-mars-history,Likely India jurisdiction,Included because India was inferred from currency text Rs..,Not found on reviewed page,evidence_snapshots/00899_www.britannica.com_2be420d40e.html,2be420d40e7dd5fcaa966a5730b93285b40e70b5c0f657b988ee74fdaa337d92
900,No immediate action,www.britannica.com,https://www.britannica.com/list/10-important-dates-in-pluto-history,Likely India jurisdiction,Included because India was inferred from currency text Rs..,Not found on reviewed page,evidence_snapshots/00900_www.britannica.com_5722e9d502.html,5722e9d5020a08ae367ec206d7840efc7f87218b6ad2affffd100a60552dd29a
902,No immediate action,www.britannica.com,https://www.britannica.com/list/10-inventions-that-changed-your-world,Likely India jurisdiction,Included because India was inferred from currency text Rs..,Not found on reviewed page,evidence_snapshots/00902_www.britannica.com_5e3f87866e.html,5e3f87866e5848d28cd48dff19bcc4e133df6f80114c78cd1db6c8e46ae38d9b
904,No immediate action,www.drugs.com,https://www.drugs.com/account/authorize?provider=facebook&referrer=%2Faccount%2F,Likely India jurisdiction + hosted in India,Included because India was inferred from search market en-IN; resolved IP also geolocated to India.,Not found on reviewed page,evidence_snapshots/00904_www.facebook.com_578404bc55.html,578404bc5571c1db95bc4ba12fef1632cdd420ba4406b4d18b6de778bf33cc99
906,No immediate action,www.drugs.com,https://www.drugs.com/account/login/?referrer=%2Faccount%2F,Hosted in India only,Included because the resolved IP geolocated to India (ip-api.com host geolocation); confirm business relevance manually.,Not found on reviewed page,evidence_snapshots/00906_www.drugs.com_c13b45a58a.html,c13b45a58a5b6ccf4f3f1d53afa7d128aef236eea07fdeddc965a1f6ad0d1d67
907,No immediate action,www.drugs.com,https://www.drugs.com/newsletters/,Hosted in India only,Included because the resolved IP geolocated to India (ip-api.com host geolocation); confirm business relevance manually.,Not found on reviewed page,evidence_snapshots/00907_www.drugs.com_8960230434.html,8960230434b9e77f366efeb4f6d01fa795f74561d38e836fc371f46c3fbfb907
909,No immediate action,www.drugs.com,https://www.drugs.com/account/authorize?provider=facebook&referrer=%2Faccount%2Fplan%2F%3Flaunch%3Dddc-tier-plus,Likely India jurisdiction + hosted in India,Included because India was inferred from search market en-IN; resolved IP also geolocated to India.,Not found on reviewed page,evidence_snapshots/00909_www.facebook.com_f651b73071.html,f651b730717d8ab4899051602039e86174ce93eb6af282b75e0de8b8306f9782
911,No immediate action,www.drugs.com,https://www.drugs.com/account/login/?referrer=%2Faccount%2Fplan%2F%3Flaunch%3Dddc-tier-plus,Hosted in India only,Included because the resolved IP geolocated to India (ip-api.com host geolocation); confirm business relevance manually.,Not found on reviewed page,evidence_snapshots/00911_www.drugs.com_5437c92200.html,5437c9220083eff6298dfdcbadb5bc1ad5be228268ed2243574e519f6f494fb8
912,No immediate action,www.drugs.com,https://www.drugs.com/drug_interactions.html#interaction-faqs,Hosted in India only,Included because the resolved IP geolocated to India (ip-api.com host geolocation); confirm business relevance manually.,Not found on reviewed page,evidence_snapshots/00912_www.drugs.com_12514410a8.html,12514410a81eefcfc7b214f5e31fab1df3de2dc61bfa3b477ef70ed1fa15db19
913,No immediate action,www.drugs.com,https://www.drugs.com/support/faq.html#signin,Hosted in India only,Included because the resolved IP geolocated to India (ip-api.com host geolocation); confirm business relevance manually.,Not found on reviewed page,evidence_snapshots/00913_www.drugs.com_e8a1c00370.html,e8a1c00370618815fece14ebf29367fce84296a7da39588b958f0197fe2a0f12
914,No immediate action,www.drugs.com,https://www.drugs.com/support/email-faq.html,Hosted in India only,Included because the resolved IP geolocated to India (ip-api.com host geolocation); confirm business relevance manually.,Not found on reviewed page,evidence_snapshots/00914_www.drugs.com_a9de6de3be.html,a9de6de3be61705abd47b556efbb5c6fea9a81630089b2949a63efee23f02b3b
915,No immediate action,www.drugs.com,https://www.drugs.com/article/imprint-codes.html,Hosted in India only,Included because the resolved IP geolocated to India (ip-api.com host geolocation); confirm business relevance manually.,Not found on reviewed page,evidence_snapshots/00915_www.drugs.com_2798af159b.html,2798af159b65f6f6e8ff810a6b8935b86c61d24203c06d495bf88d32952e312d
916,No immediate action,www.drugs.com,https://www.drugs.com/support/contact-form.html?topic=problem,Hosted in India only,Included because the resolved IP geolocated to India (ip-api.com host geolocation); confirm business relevance manually.,Not found on reviewed page,evidence_snapshots/00916_www.drugs.com_09d9555620.html,09d9555620d8dd3dd175128d02180ab968051c2d71ff786b37fc4bb4be5fbd39
917,No immediate action,www.drugs.com,https://www.drugs.com/fda-consumer/your-guide-to-reporting-problems-to-fda-71.html,Hosted in India only,Included because the resolved IP geolocated to India (ip-api.com host geolocation); confirm business relevance manually.,Not found on reviewed page,evidence_snapshots/00917_www.drugs.com_6e28ef70a6.html,6e28ef70a6181f93dd57543d3389e919daf5bb205a320d842244fa5328a03829
918,No immediate action,www.drugs.com,https://www.drugs.com/support/citations.html,Hosted in India only,Included because the resolved IP geolocated to India (ip-api.com host geolocation); confirm business relevance manually.,Not found on reviewed page,evidence_snapshots/00918_www.drugs.com_e2a97e5e10.html,e2a97e5e108b8afba074f69b83aee718d6bd967dee94858e3f699fb9015552ed
919,No immediate action,open.spotify.com,https://open.spotify.com/show/02yW1XGnIfeu2Z7XHUkuzO,Likely India jurisdiction + hosted in India,Included because India was inferred from currency code INR; resolved IP also geolocated to India.,Not found on reviewed page,evidence_snapshots/00919_open.spotify.com_3b97b6d5b9.html,3b97b6d5b973886e29d13b169c19edb6c8a76d6c2cbc2b9ab8b994b1e75ed827
920,No immediate action,feeds.transistor.fm,https://feeds.transistor.fm/drugs-com-monthly-update,Likely India jurisdiction,Included because India was inferred from currency text Rs..,Not found on reviewed page,evidence_snapshots/00920_feeds.transistor.fm_84226103fd.html,84226103fddebd8b83d7c4b71a9170783b572057814cff89b9d5c657533fc8c4
921,No immediate action,www.drugs.com,https://www.drugs.com/account/notifications/,Hosted in India only,Included because the resolved IP geolocated to India (ip-api.com host geolocation); confirm business relevance manually.,Not found on reviewed page,evidence_snapshots/00921_www.drugs.com_559bb7af08.html,559bb7af089bb38ed0187bfd5936f1282900abb8b2c6fade2c67040d93474022
922,No immediate action,www.drugs.com,https://www.drugs.com/medical-news.html,Hosted in India only,Included because the resolved IP geolocated to India (ip-api.com host geolocation); confirm business relevance manually.,Not found on reviewed page,evidence_snapshots/00922_www.drugs.com_a31e51b29e.html,a31e51b29eca39cdf3b89bfa7ded2996a1e7836a739b16b671c2bebc827c81bf
923,No immediate action,www.drugs.com,https://www.drugs.com/pharmanews.html,Hosted in India only,Included because the resolved IP geolocated to India (ip-api.com host geolocation); confirm business relevance manually.,Not found on reviewed page,evidence_snapshots/00923_www.drugs.com_707763ebe9.html,707763ebe91865191321f9d974b71829d9db1970c2ebdf7a095a26689df5c29f
924,No immediate action,www.drugs.com,https://www.drugs.com/news/study-reveals-silicosis-rates-among-workers-fabricating-stone-countertops-131019.html,Hosted in India only,Included because the resolved IP geolocated to India (ip-api.com host geolocation); confirm business relevance manually.,Not found on reviewed page,evidence_snapshots/00924_www.drugs.com_1f7c0f65b0.html,1f7c0f65b000670b4d341ce3af4225430d29ee09298ad2a41515533b24557b5b
925,No immediate action,www.drugs.com,https://www.drugs.com/news/dependent-link-seen-clomiphene-citrate-adverse-perinatal-outcomes-131013.html,Hosted in India only,Included because the resolved IP geolocated to India (ip-api.com host geolocation); confirm business relevance manually.,Not found on reviewed page,evidence_snapshots/00925_www.drugs.com_68fde0836a.html,68fde0836a5a3d59a557678f44e4cc083cf2335f4629ea13f779286f0e161951
926,No immediate action,www.drugs.com,https://www.drugs.com/news/central-adiposity-reclassifies-cardiovascular-risk-across-bmi-spectrum-131014.html,Hosted in India only,Included because the resolved IP geolocated to India (ip-api.com host geolocation); confirm business relevance manually.,Not found on reviewed page,evidence_snapshots/00926_www.drugs.com_3dce7a4456.html,3dce7a445601ebb10be32d73c30acf9bb964e2363debdba88ab473f2dd811403
927,No immediate action,www.drugs.com,https://www.drugs.com/news/jalape-o-recalls-keep-growing-salmonella-outbreak-investigation-continues-131011.html,Hosted in India only,Included because the resolved IP geolocated to India (ip-api.com host geolocation); confirm business relevance manually.,Not found on reviewed page,evidence_snapshots/00927_www.drugs.com_4f2d061d3d.html,4f2d061d3da4566c1965df0828a1ad5b84dffe0e5b83b8d041fc43fa86dad27a
928,No immediate action,www.nci.nih.gov,http://www.nci.nih.gov/,Likely India jurisdiction + hosted in India,Included because India was inferred from currency text Rs.; resolved IP also geolocated to India.,Not found on reviewed page,evidence_snapshots/00928_www.cancer.gov_19908b0861.html,19908b0861fc32dff4403642c7378522c65172c75d155af39d7089fc81524779
929,No immediate action,www.cancer.org,http://www.cancer.org/,Hosted in India only,Included because the resolved IP geolocated to India (ip-api.com host geolocation); confirm business relevance manually.,Not found on reviewed page,evidence_snapshots/00929_www.cancer.org_23791c55c9.html,23791c55c9b97ee3442a8f9f4d131f7f04ebb75c9d4ffad771005f410e07516c
930,No immediate action,www.drugs.com,https://www.drugs.com/health-guide/,Hosted in India only,Included because the resolved IP geolocated to India (ip-api.com host geolocation); confirm business relevance manually.,Not found on reviewed page,evidence_snapshots/00930_www.drugs.com_22e7c8e62d.html,22e7c8e62d5a56475bcdf246c6fe72f61c9ec7514d3b18800222607f5c2e4ae9
931,No immediate action,www.drugs.com,https://www.drugs.com/support/editorial-policy.html#editorial-staff,Hosted in India only,Included because the resolved IP geolocated to India (ip-api.com host geolocation); confirm business relevance manually.,Not found on reviewed page,evidence_snapshots/00931_www.drugs.com_196155caaf.html,196155caaffb1789c8f47a0428d74b8685ce1a0f9dd3dfefdf644c0714bfd866
932,No immediate action,www.drugs.com,https://www.drugs.com/health-guide/leukemia.html,Hosted in India only,Included because the resolved IP geolocated to India (ip-api.com host geolocation); confirm business relevance manually.,Not found on reviewed page,evidence_snapshots/00932_www.drugs.com_7bf98a257a.html,7bf98a257a8fc8df442cca36b73de4df3a40b4f5b2b2861849018b4017c9982c
933,No immediate action,www.drugs.com,https://www.drugs.com/comments/chlorambucil/leukeran.html,Hosted in India only,Included because the resolved IP geolocated to India (ip-api.com host geolocation); confirm business relevance manually.,Not found on reviewed page,evidence_snapshots/00933_www.drugs.com_c7390b9738.html,c7390b97382e7dbd07cb1aa04046ba243926310035596d415b320584b32020f2
934,No immediate action,www.drugs.com,https://www.drugs.com/members_comments_add/?ddc_id=774&brand_name_id=401&condition_id=0,Hosted in India only,Included because the resolved IP geolocated to India (ip-api.com host geolocation); confirm business relevance manually.,Not found on reviewed page,evidence_snapshots/00934_www.drugs.com_bf44fe1812.html,bf44fe181235ed167b19d3161f67c7ade94c79925d867de23465721557ff5d16
936,No immediate action,www.aad.org,https://www.aad.org/,Likely India jurisdiction + hosted in India,Included because India was inferred from currency text Rs.; resolved IP also geolocated to India.,Not found on reviewed page,evidence_snapshots/00936_www.aad.org_0be2e183bd.html,0be2e183bd02a375e5721f28e6cb19749ab3075875aeb3ed3ae6f52c418a2948
938,No immediate action,www.foodallergy.org,https://www.foodallergy.org/,Hosted in India only,Included because the resolved IP geolocated to India (ip-api.com host geolocation); confirm business relevance manually.,Not found on reviewed page,evidence_snapshots/00938_www.foodallergy.org_12a8207cab.html,12a8207cabf9312ddd959fba97cd9e78186d3a5d4868a400b4119109061446ed
939,No immediate action,www.drugs.com,https://www.drugs.com/comments/hydrocortisone-topical/cortizone-10.html,Hosted in India only,Included because the resolved IP geolocated to India (ip-api.com host geolocation); confirm business relevance manually.,Not found on reviewed page,evidence_snapshots/00939_www.drugs.com_0821e28694.html,0821e28694b5f1053fa9297fd93b377e31e2e3980787505b18d3d00a0be2be22
940,No immediate action,www.drugs.com,https://www.drugs.com/members_comments_add/?ddc_id=2378&brand_name_id=11900&condition_id=0,Hosted in India only,Included because the resolved IP geolocated to India (ip-api.com host geolocation); confirm business relevance manually.,Not found on reviewed page,evidence_snapshots/00940_www.drugs.com_5581beb537.html,5581beb537075d5f87b421af00c753371336ddcf6a15d3f6714e8b0838926750
941,No immediate action,www.drugs.com,https://www.drugs.com/comments/orforglipron/foundayo.html,Hosted in India only,Included because the resolved IP geolocated to India (ip-api.com host geolocation); confirm business relevance manually.,Not found on reviewed page,evidence_snapshots/00941_www.drugs.com_4cd3ce09f6.html,4cd3ce09f6b58e5e37164ea4f4bbff97122dcd5835ea2c7993347a65aa897e3b
942,No immediate action,www.cdc.gov,https://www.cdc.gov/,Likely India jurisdiction + hosted in India,Included because India was inferred from currency text Rs.; resolved IP also geolocated to India.,Not found on reviewed page,evidence_snapshots/00942_www.cdc.gov_25181467ad.html,25181467ad19c4e262bfb4bae7b19741478690388e07328be3bd80dfb24abb1e
943,No immediate action,medicine.com,https://medicine.com/condition/nausea-vomiting,Likely India jurisdiction + hosted in India,Included because India was inferred from currency text Rs.; resolved IP also geolocated to India.,Not found on reviewed page,evidence_snapshots/00943_medicine.com_1492695898.html,1492695898ecca674c81809fcb2ffb4d33a9b527c211ea5fc2d6c16b762e1581
944,No immediate action,www.drugs.com,https://www.drugs.com/health-guide/meningitis.html,Hosted in India only,Included because the resolved IP geolocated to India (ip-api.com host geolocation); confirm business relevance manually.,Not found on reviewed page,evidence_snapshots/00944_www.drugs.com_4d4139d4a5.html,4d4139d4a5b628255e6e7634c6b51e697a493e1c824ab764f7318d277d0e629d
945,No immediate action,www.drugs.com,https://www.drugs.com/health-guide/hypoglycemia.html,Hosted in India only,Included because the resolved IP geolocated to India (ip-api.com host geolocation); confirm business relevance manually.,Not found on reviewed page,evidence_snapshots/00945_www.drugs.com_89567d3111.html,89567d3111a91cd90ee6339d000f7b46d666fe81fcf6dc156ea9deb0c393ed59
946,No immediate action,www.drugs.com,https://www.drugs.com/comments/metoclopramide/reglan.html,Hosted in India only,Included because the resolved IP geolocated to India (ip-api.com host geolocation); confirm business relevance manually.,Not found on reviewed page,evidence_snapshots/00946_www.drugs.com_d00b8a72e5.html,d00b8a72e59ed0db3ba00e7c28d0a2c3a488a13a956795173821b4d000307975
947,No immediate action,www.cdc.gov,http://www.cdc.gov,Likely India jurisdiction + hosted in India,Included because India was inferred from currency text Rs.; resolved IP also geolocated to India.,Not found on reviewed page,evidence_snapshots/00947_www.cdc.gov_12dfcbd576.html,12dfcbd576e0a0f22c26d4baa74b9dc8a9cc65451466fee0e794c0e92f5f2b51
948,No immediate action,www.drugs.com,https://www.drugs.com/health-guide/crohn-s-disease.html,Hosted in India only,Included because the resolved IP geolocated to India (ip-api.com host geolocation); confirm business relevance manually.,Not found on reviewed page,evidence_snapshots/00948_www.drugs.com_4e6ebd2eeb.html,4e6ebd2eebea36cd06439e5c350b63002bdc439676a8e8ffd1bced0a3bb6b362
949,No immediate action,www.drugs.com,https://www.drugs.com/health-guide/fever.html,Hosted in India only,Included because the resolved IP geolocated to India (ip-api.com host geolocation); confirm business relevance manually.,Not found on reviewed page,evidence_snapshots/00949_www.drugs.com_dca1d0ef01.html,dca1d0ef01d6a65bd831205cd2fca24c7c8e46fc6eb21e7b64fc51badeed8873
950,No immediate action,www.drugs.com,https://www.drugs.com/drug-class/narcotic-analgesics.html?condition_id=0&generic=1&sort=reviews&order=desc#filterSection,Hosted in India only,Included because the resolved IP geolocated to India (ip-api.com host geolocation); confirm business relevance manually.,Not found on reviewed page,evidence_snapshots/00950_www.drugs.com_02e0d515c0.html,02e0d515c044dc601b3f87bcb009c71e44d87f408080eeadd9018cc79892facc
951,No immediate action,www.cbssports.com,https://www.cbssports.com/,Likely India jurisdiction,Included because India was inferred from search market en-IN.,Not found on reviewed page,evidence_snapshots/00951_www.cbssports.com_f34b1e6a25.html,f34b1e6a25aab47a3e8f6754f4b75e4ccf92d8f746e42a2194a22539b2ffefc7
953,No immediate action,www.paramountplus.com,https://www.paramountplus.com/news/?ftag=PPM-06-10ahi1b,Likely India jurisdiction + hosted in India,Included because India was inferred from search market en-IN; resolved IP also geolocated to India.,Not found on reviewed page,evidence_snapshots/00953_www.paramountplus.com_3385c214bb.html,3385c214bb192971a9f6575e0f0275eb3db9dec22063c610fc2234e74ecc15d7
954,No immediate action,pages.beamery.com,https://pages.beamery.com/paramount/page/cbsnewsstations,Likely India jurisdiction,Included because India was inferred from search market en-IN.,Not found on reviewed page,evidence_snapshots/00954_pages.beamery.com_fe6e880ce3.html,fe6e880ce36967dc341a20202861a90da4ce0ec56956550c9d9a1411e06ea9de
955,No immediate action,www.8newsnow.com,https://www.8newsnow.com/news/tupac-murder-trial/keffe-d-says-he-didnt-kill-tupac-or-biggie-but-knows-who-did/,Likely India jurisdiction,Included because India was inferred from currency text Rs..,Not found on reviewed page,evidence_snapshots/00955_www.8newsnow.com_f26c8016cb.html,f26c8016cb94015561da569e0adbf6a2ca1671c5386360fd897e106819bfe7f7
956,No immediate action,www.viacomcbsprivacy.com,https://www.viacomcbsprivacy.com/policy,Likely India jurisdiction + hosted in India,Included because India was inferred from search market en-IN; resolved IP also geolocated to India.,Not found on reviewed page,evidence_snapshots/00956_www.viacomcbsprivacy.com_51e916f4d5.html,51e916f4d58743fb8a73a9c086d98fda71ad48ebc1978b5b286b6ddbea6094d7
957,No immediate action,privacy.paramount.com,https://privacy.paramount.com/en/policy#additional-information-us-states,Hosted in India only,Included because the resolved IP geolocated to India (ip-api.com host geolocation); confirm business relevance manually.,Not found on reviewed page,evidence_snapshots/00957_privacy.paramount.com_5a3b9b6c98.html,5a3b9b6c98d485735776bd737072659eb147a7813e10e06b131f8fd917f7a07b
958,Hosted-only India signal - check relevance,www.cbs.com,https://www.cbs.com/showfeedback/,Hosted in India only,Included because the resolved IP geolocated to India (ip-api.com host geolocation); confirm business relevance manually.,Possible - AmEx logo/token or mixed signal,evidence_snapshots/00958_www.cbs.com_56bea383c9.html,56bea383c99e668e41233ecf464e0a0ac718cf1d07682200bc9af0840cf8cabf
960,No immediate action,www.cbsnews.com,https://www.cbsnews.com/us/,Likely India jurisdiction,Included because India was inferred from search market en-IN.,Not found on reviewed page,evidence_snapshots/00960_www.cbsnews.com_e3b0c44298.html,e3b0c44298fc1c149afbf4c8996fb92427ae41e4649b934ca495991b7852b855
963,No immediate action,www.cbsnews.com,https://www.cbsnews.com/world/,Likely India jurisdiction,Included because India was inferred from search market en-IN.,Not found on reviewed page,evidence_snapshots/00963_www.cbsnews.com_e3b0c44298.html,e3b0c44298fc1c149afbf4c8996fb92427ae41e4649b934ca495991b7852b855
964,No immediate action,www.cbsnews.com,https://www.cbsnews.com/politics/,Likely India jurisdiction,Included because India was inferred from search market en-IN.,Not found on reviewed page,evidence_snapshots/00964_www.cbsnews.com_e3b0c44298.html,e3b0c44298fc1c149afbf4c8996fb92427ae41e4649b934ca495991b7852b855
965,No immediate action,www.cbsnews.com,https://www.cbsnews.com/entertainment/,Likely India jurisdiction,Included because India was inferred from search market en-IN.,Not found on reviewed page,evidence_snapshots/00965_www.cbsnews.com_e3b0c44298.html,e3b0c44298fc1c149afbf4c8996fb92427ae41e4649b934ca495991b7852b855
966,No immediate action,www.cbsnews.com,https://www.cbsnews.com/healthwatch/,Likely India jurisdiction,Included because India was inferred from search market en-IN.,Not found on reviewed page,evidence_snapshots/00966_www.cbsnews.com_e3b0c44298.html,e3b0c44298fc1c149afbf4c8996fb92427ae41e4649b934ca495991b7852b855
967,No immediate action,www.cbsnews.com,https://www.cbsnews.com/moneywatch/,Likely India jurisdiction,Included because India was inferred from search market en-IN.,Not found on reviewed page,evidence_snapshots/00967_www.cbsnews.com_e3b0c44298.html,e3b0c44298fc1c149afbf4c8996fb92427ae41e4649b934ca495991b7852b855
968,No immediate action,www.cbsnews.com,https://www.cbsnews.com/crime/,Likely India jurisdiction,Included because India was inferred from search market en-IN.,Not found on reviewed page,evidence_snapshots/00968_www.cbsnews.com_e3b0c44298.html,e3b0c44298fc1c149afbf4c8996fb92427ae41e4649b934ca495991b7852b855
969,No immediate action,www.cbsnews.com,https://www.cbsnews.com/space/,Likely India jurisdiction,Included because India was inferred from search market en-IN.,Not found on reviewed page,evidence_snapshots/00969_www.cbsnews.com_e3b0c44298.html,e3b0c44298fc1c149afbf4c8996fb92427ae41e4649b934ca495991b7852b855
970,No immediate action,www.accuweather.com,http://www.accuweather.com/en/us/new-york-ny/10007/current-weather/3697_pc?lang=en-us&partner=mng_50,Likely India jurisdiction + hosted in India,Included because India was inferred from currency text Rs.; resolved IP also geolocated to India.,Not found on reviewed page,evidence_snapshots/00970_www.accuweather.com_21121fd03d.html,21121fd03dea6c8a89f2fd70a0b2763bf79343b780ecae60c31f695294730b1f
973,Reference/news - lower priority,www.justice.gov,https://www.justice.gov/pardon/january-17-2025-commutation-recipients,Hosted in India only,Included because the resolved IP geolocated to India (ip-api.com host geolocation); confirm business relevance manually.,Not found on reviewed page,evidence_snapshots/00973_www.justice.gov_c00da642f1.html,c00da642f15bf5f9525af75ae46f088cd797064c7d0390c0701b927d7ba2e2b9
974,No immediate action,www.nytimes.com,https://www.nytimes.com/2007/10/04/nyregion/04cops.html?eafs_enabled=false,Likely India jurisdiction + hosted in India,Included because India was inferred from search market en-IN; resolved IP also geolocated to India.,Not found on reviewed page,evidence_snapshots/00974_www.nytimes.com_9f5cce31d4.html,9f5cce31d4e6479f2b2afaece55e3974c0682c74f773d12140ce7c77c7069c6e
980,No immediate action,myaccount.nydailynews.com,https://myaccount.nydailynews.com/,Likely India jurisdiction,Included because India was inferred from search market en-IN.,Not found on reviewed page,evidence_snapshots/00980_myaccount.nydailynews.com_ef78ecd22d.html,ef78ecd22d4cc3f4da95da951793947090f78e3aa675556b053aadfa6b193d08
983,No immediate action,mktops.nydailynews.com,https://mktops.nydailynews.com/subscriptions/land-flash-sale-g-new/?market=ny&g2i_or_o=Internet&g2i_or_p=nav&g2i_source=SB&g2i_medium=sub-nav&g2i_campaign=FG24,Likely India jurisdiction + hosted in India,Included because India was inferred from currency text Rs.; resolved IP also geolocated to India.,Not found on reviewed page,evidence_snapshots/00983_mktops.nydailynews.com_236363e508.html,236363e508c53b2657779137ee39904fafdcb0c8a1e5f5cad3262340ff7bad10
991,No immediate action,www.accuweather.com,http://www.accuweather.com/en/us/denver-co/80203/current-weather/35082_pc?lang=en-us&partner=mng_50,Likely India jurisdiction + hosted in India,Included because India was inferred from currency text Rs.; resolved IP also geolocated to India.,Not found on reviewed page,evidence_snapshots/00991_www.accuweather.com_0c37d14b68.html,0c37d14b680ae34c51fb637d895d9ee41e67e308f4d6c6c90a94cd46b57931fb
992,No immediate action,trinityaudio.ai,https://trinityaudio.ai,Likely India jurisdiction,Included because India was inferred from currency text Rs..,Not found on reviewed page,evidence_snapshots/00992_www.trinityaudio.ai_854235fd4f.html,854235fd4f82c516d0978ef5da35fc9cfa136ded6f4f7504cb078c315f0a2ba4
993,No immediate action,dpo.colorado.gov,https://dpo.colorado.gov/Pharmacy,Likely India jurisdiction,Included because India was inferred from search market en-IN.,Not found on reviewed page,evidence_snapshots/00993_dpo.colorado.gov_333b1558b3.html,333b1558b360ce1bb2babda7a2d2fc194cce987d371ab1f5cf6647b5e951f88b
994,No immediate action,www.goodrx.com,https://www.goodrx.com/emverm/what-is?srsltid=AfmBOopB_dLm0l234i3PYA96Z_iAglkRQt36LKeA-M591I4F2Yz9bXTD,Likely India jurisdiction + hosted in India,Included because India was inferred from search market en-IN; resolved IP also geolocated to India.,Not found on reviewed page,evidence_snapshots/00994_www.goodrx.com_625a902f0c.html,625a902f0c1ca51111420bd00aca51d810c0bdafdb806a49358b00bb4f690cac
995,No immediate action,www.amazon.com,https://www.amazon.com/Terramycin-Ointment-oz-tube/dp/B00027DA94,Hosted in India only,Included because the resolved IP geolocated to India (ip-api.com host geolocation); confirm business relevance manually.,Not found on reviewed page,evidence_snapshots/00995_www.amazon.com_04fc8283bb.html,04fc8283bb4cc3537315fa2804e2cd37cd30720deca21d0cc09276517cf62f7f
996,No immediate action,dpo.st,http://dpo.st/alerts,Likely India jurisdiction,Included because India was inferred from search market en-IN.,Not found on reviewed page,evidence_snapshots/00996_myaccount.denverpost.com_08ad11ea28.html,08ad11ea28780a90bdf247abc539b5f87ab6ab7c64fc13a884ef4ec08c21ab68
1002,No immediate action,myaccount.denverpost.com,https://myaccount.denverpost.com/dp/preference,Likely India jurisdiction,Included because India was inferred from search market en-IN.,Not found on reviewed page,evidence_snapshots/01002_myaccount.denverpost.com_c795c3d995.html,c795c3d9959752fb43d34a979c34fde0bf675b29cb9f2946f220ad0857a487fd
1006,No immediate action,myaccount.denverpost.com,https://myaccount.denverpost.com/,Likely India jurisdiction,Included because India was inferred from search market en-IN.,Not found on reviewed page,evidence_snapshots/01006_myaccount.denverpost.com_2b601a4045.html,2b601a4045a7f132a0ea5ea88fe0c261e31a15db0586557708539ede670a8076
1008,No immediate action,enewspaper.denverpost.com,https://enewspaper.denverpost.com/,Likely India jurisdiction,Included because India was inferred from search market en-IN.,Not found on reviewed page,evidence_snapshots/01008_login.npuserlogin.com_7f12f63047.html,7f12f63047e2fbc6c46a07ae467ee26bd2d13ffce757c8e83986414e2b8d99c8
1017,No immediate action,prod.cdn-mw.com,https://prod.cdn-mw.com/assets/mw/static/pdf/help/guide-to-pronunciation.pdf,Hosted in India only,Included because the resolved IP geolocated to India (ip-api.com host geolocation); confirm business relevance manually.,Not found on reviewed page,evidence_snapshots/01017_prod.cdn-mw.com_c9093b554c.html,c9093b554c58cc9960ebb9253fc331f27f7991c01297afd362bf99847b0455b8
1019,No immediate action,www.merriam-webster.com,https://www.merriam-webster.com/help/citing-the-dictionary,Likely India jurisdiction,Included because India was inferred from search market en-IN.,Not found on reviewed page,evidence_snapshots/01019_www.merriam-webster.com_23de251a0c.html,23de251a0ca9fefe436fdaa615a6b74526d016f9b2191eec0c3960da0918fac6
1022,No immediate action,www.merriam-webster.com,https://www.merriam-webster.com/help/pronunciation-key,Likely India jurisdiction,Included because India was inferred from search market en-IN.,Not found on reviewed page,evidence_snapshots/01022_www.merriam-webster.com_aba380304c.html,aba380304c12176f495960bd85048c6eefe2b05acc167ebfa5fb3bb1998b99d7
1029,No immediate action,www.merriam-webster.com,https://www.merriam-webster.com/games/blossom-word-game,Likely India jurisdiction,Included because India was inferred from search market en-IN.,Not found on reviewed page,evidence_snapshots/01029_www.merriam-webster.com_7cbf7ffc79.html,7cbf7ffc791e2b874b0df74cf4df28a55d5965fba280411e6d8aabc64b7f4955
1031,No immediate action,www.cbsnews.com,https://www.cbsnews.com/sanfrancisco/news/santa-rosa-tire-slashings-historic-railroad-square-district-arrest/,Likely India jurisdiction,Included because India was inferred from search market en-IN.,Not found on reviewed page,evidence_snapshots/01031_www.cbsnews.com_e3b0c44298.html,e3b0c44298fc1c149afbf4c8996fb92427ae41e4649b934ca495991b7852b855
1033,No immediate action,www.cntraveler.com,https://www.cntraveler.com/hotels/united-states/auburn/mayflower-inn-washington,Hosted in India only,Included because the resolved IP geolocated to India (ip-api.com host geolocation); confirm business relevance manually.,Not found on reviewed page,evidence_snapshots/01033_www.cntraveler.com_233d58b6ff.html,233d58b6ff75807590d0abf18f818f5fa78c2229d1e47dc11a8cab19755b2239
1034,No immediate action,www.parents.com,https://www.parents.com/these-are-the-most-popular-snacks-to-put-in-your-kids-lunchbox-this-year-12036058,Likely India jurisdiction,Included because India was inferred from currency text Rs..,Not found on reviewed page,evidence_snapshots/01034_www.parents.com_bb4a8a2914.html,bb4a8a2914b1011f7a86289e68a2c3f95796d6256b9d4806c7ac24657cef8114
1039,No immediate action,www.merriam-webster.com,https://www.merriam-webster.com/thesaurus/narcotics,Likely India jurisdiction,Included because India was inferred from currency text Rs..,Not found on reviewed page,evidence_snapshots/01039_www.merriam-webster.com_4c91caf3d7.html,4c91caf3d7ecfd0d3e38af063dd13e5ad7b568a07435bcf65a0b9189268ace3d
1040,No immediate action,www.merriam-webster.com,https://www.merriam-webster.com/wordplay/longest-words-ever,Likely India jurisdiction,Included because India was inferred from currency text Rs..,Not found on reviewed page,evidence_snapshots/01040_www.merriam-webster.com_0a170bc7ab.html,0a170bc7abe7112d49effcb68c92131afbb879479325fe9c0ab58aea1aa7b086
1041,No immediate action,www.merriam-webster.com,https://www.merriam-webster.com/dictionary/narcotically?pronunciation=&lang=en_us&dir=n&file=narcot02,Likely India jurisdiction,Included because India was inferred from currency text Rs..,Not found on reviewed page,evidence_snapshots/01041_www.merriam-webster.com_d96f10dd9c.html,d96f10dd9c6ed92744f26d7935543cd597c66b9a3f637b7b3aff354889f99b7d
1043,No immediate action,www.merriam-webster.com,https://www.merriam-webster.com/dictionary/narcoticness,Likely India jurisdiction,Included because India was inferred from currency text Rs..,Not found on reviewed page,evidence_snapshots/01043_www.merriam-webster.com_b9bfb79adc.html,b9bfb79adca018f58f97a299dd280267364abff3986c2e0f8d5a4c0d676fbdd3
1045,No immediate action,www.healthline.com,https://www.healthline.com/health/healthy-sleep/best-mattress-for-lower-back-pain,Likely India jurisdiction + hosted in India,Included because India was inferred from currency text Rs.; resolved IP also geolocated to India.,Not found on reviewed page,evidence_snapshots/01045_www.healthline.com_281022dddf.html,281022dddf687b03b6d377839ee980ffc3e1592e857b1d3e029cbe58ac17f8ec
1046,No immediate action,www.healthline.com,https://www.healthline.com/health/best-cbd-gummies-for-anxiety,Likely India jurisdiction + hosted in India,Included because India was inferred from currency text Rs.; resolved IP also geolocated to India.,Not found on reviewed page,evidence_snapshots/01046_www.healthline.com_1d02a49621.html,1d02a4962111dc4afd1a5926ef81d2b5c780e34e6f3f91b5783ce7713b7a30ac
1047,No immediate action,www.healthline.com,https://www.healthline.com/health/best-cbd-for-sleep,Likely India jurisdiction + hosted in India,Included because India was inferred from currency text Rs.; resolved IP also geolocated to India.,Not found on reviewed page,evidence_snapshots/01047_www.healthline.com_6faa9c45c5.html,6faa9c45c59c3773849aa5433ad3134bdf3a770744beebcaca27ef05819a5223
1048,No immediate action,www.healthline.com,https://www.healthline.com/health/mental-health/betterhelp-review,Likely India jurisdiction + hosted in India,Included because India was inferred from currency text Rs.; resolved IP also geolocated to India.,Not found on reviewed page,evidence_snapshots/01048_www.healthline.com_db9fa11758.html,db9fa11758cd3d4c9736725d32276200fd05039929d71e4d09515afd5959299b
1049,No immediate action,www.healthline.com,https://www.healthline.com/nutrition/best-meal-delivery-service,Likely India jurisdiction + hosted in India,Included because India was inferred from currency text Rs.; resolved IP also geolocated to India.,Not found on reviewed page,evidence_snapshots/01049_www.healthline.com_db37761a6c.html,db37761a6c7d2c41c2f5ca71bd0aa05372b971bbf41c80b66804f1fdb93ee50c
1050,No immediate action,www.healthline.com,https://www.healthline.com/nutrition/13-acne-remedies,Likely India jurisdiction + hosted in India,Included because India was inferred from search market en-IN; resolved IP also geolocated to India.,Not found on reviewed page,evidence_snapshots/01050_www.healthline.com_7f5dafb163.html,7f5dafb163cf4729741e690e3628e6e54800555852d8c2e2ce1c6522c662137f
1051,No immediate action,www.healthline.com,https://www.healthline.com/health/beauty-skin-care/best-eye-cream-for-dark-circles,Likely India jurisdiction + hosted in India,Included because India was inferred from currency text Rs.; resolved IP also geolocated to India.,Not found on reviewed page,evidence_snapshots/01051_www.healthline.com_e7d2a37445.html,e7d2a374458485a4102bf0106d193b3f9502dd89368ad41ff6739793e03b51af
1052,No immediate action,www.healthline.com,https://www.healthline.com/program/your-guide-to-glucose-health,Likely India jurisdiction + hosted in India,Included because India was inferred from currency text Rs.; resolved IP also geolocated to India.,Not found on reviewed page,evidence_snapshots/01052_www.healthline.com_e750d0fc4f.html,e750d0fc4f8bfe187d6664a16d85e488eb4ec878ee2f31209ca0451b44a3e55f
1053,No immediate action,www.healthline.com,https://www.healthline.com/health/rheumatoid-arthritis/rheumatoid-arthritis-test,Likely India jurisdiction + hosted in India,Included because India was inferred from search market en-IN; resolved IP also geolocated to India.,Not found on reviewed page,evidence_snapshots/01053_www.healthline.com_1285ed6c23.html,1285ed6c236ca5313ec5c0d843f741d5c019bf33c5aeed15626c7ca9f82fb9c1
1054,No immediate action,www.healthline.com,https://www.healthline.com/health/womens-health/when-to-take-an-ovulation-test,Likely India jurisdiction + hosted in India,Included because India was inferred from currency text Rs.; resolved IP also geolocated to India.,Not found on reviewed page,evidence_snapshots/01054_www.healthline.com_22a46a0545.html,22a46a054505ca8bef057750cec7ad57e10b5481816594b5622efe9fa95592aa
1055,No immediate action,www.healthline.com,https://www.healthline.com/health/erectile-dysfunction/giddy-review,Likely India jurisdiction + hosted in India,Included because India was inferred from currency text Rs.; resolved IP also geolocated to India.,Not found on reviewed page,evidence_snapshots/01055_www.healthline.com_d6d6f7e978.html,d6d6f7e978c8985dafda3d9d3b4f89197c7b9f1cd39abfb24296e4fc506c5336
1056,No immediate action,www.healthline.com,https://www.healthline.com/health/roman-swipes-review,Likely India jurisdiction + hosted in India,Included because India was inferred from currency text Rs.; resolved IP also geolocated to India.,Not found on reviewed page,evidence_snapshots/01056_www.healthline.com_fca6e1af5b.html,fca6e1af5b0ed720d415f26fcf3445faa590aacd154594c25c7406c65c33bdb5
1057,No immediate action,www.healthline.com,https://www.healthline.com/health/bluechew-vs-roman,Likely India jurisdiction + hosted in India,Included because India was inferred from currency text Rs.; resolved IP also geolocated to India.,Not found on reviewed page,evidence_snapshots/01057_www.healthline.com_b7b2d5f10b.html,b7b2d5f10b781c7c72dcb9359d13739119ef0ee36003c5ef8a9d9aa54e8e0a53
1058,No immediate action,www.healthline.com,https://www.healthline.com/health/best-dht-blocking-shampoo,Likely India jurisdiction + hosted in India,Included because India was inferred from currency text Rs.; resolved IP also geolocated to India.,Not found on reviewed page,evidence_snapshots/01058_www.healthline.com_593b6c08f4.html,593b6c08f4f68ad090212afff5516c69384887bc566fa9349c69d67c83ee466e
1059,No immediate action,www.healthline.com,https://www.healthline.com/health/mental-health/online-sex-therapy,Likely India jurisdiction + hosted in India,Included because India was inferred from currency text Rs.; resolved IP also geolocated to India.,Not found on reviewed page,evidence_snapshots/01059_www.healthline.com_c912b04411.html,c912b044118d16f97158273b49472fceac6e8776cf9fb20780554eb6762601c3
1060,No immediate action,www.healthline.com,https://www.healthline.com/health/mental-health/online-therapist-for-free,Likely India jurisdiction + hosted in India,Included because India was inferred from currency text Rs.; resolved IP also geolocated to India.,Not found on reviewed page,evidence_snapshots/01060_www.healthline.com_cfc6ff7bdf.html,cfc6ff7bdff81646d85ef6dfeeeb9a6467ea800b6ead29e7eba305cee374c203
1061,No immediate action,www.healthline.com,https://www.healthline.com/health/mental-health/mental-health-apps,Likely India jurisdiction + hosted in India,Included because India was inferred from currency text Rs.; resolved IP also geolocated to India.,Not found on reviewed page,evidence_snapshots/01061_www.healthline.com_d1ebc129ed.html,d1ebc129edb5fa328add2c35c8d80a6367dc0ec141693b1cff34b0f53edda671
1062,No immediate action,www.healthline.com,https://www.healthline.com/health/anxiety/best-anxiety-books,Likely India jurisdiction + hosted in India,Included because India was inferred from currency text Rs.; resolved IP also geolocated to India.,Not found on reviewed page,evidence_snapshots/01062_www.healthline.com_29ad82a7e3.html,29ad82a7e33b3d5c136d837fe3e8ef62ddaa54ae3312c01aa34f4e76a96b4d98
1063,No immediate action,www.healthline.com,https://www.healthline.com/healthy/self-help-books,Likely India jurisdiction + hosted in India,Included because India was inferred from currency text Rs.; resolved IP also geolocated to India.,Not found on reviewed page,evidence_snapshots/01063_www.healthline.com_9ddd451af3.html,9ddd451af3622e968e41e025475c94f82e26ada9aa96f9fe277bbe8c8ff69ee9
1064,No immediate action,www.healthline.com,https://www.healthline.com/healthy/self-help-books-for-women,Likely India jurisdiction + hosted in India,Included because India was inferred from currency text Rs.; resolved IP also geolocated to India.,Not found on reviewed page,evidence_snapshots/01064_www.healthline.com_e26fb62640.html,e26fb62640020b3d9b6a78b07dc99833979d85d4a253a2154df6306e9c7c0c99
1065,No immediate action,www.healthline.com,https://www.healthline.com/health/mental-health/online-grief-support-groups,Hosted in India only,Included because the resolved IP geolocated to India (ip-api.com host geolocation); confirm business relevance manually.,Not found on reviewed page,evidence_snapshots/01065_www.healthline.com_62e160386a.html,62e160386a0758e105e0a28e3a4de810761ada3f66ee329d12dc9430b9c7a0b0
1066,No immediate action,www.healthline.com,https://www.healthline.com/nutrition/best-meal-planning-apps,Likely India jurisdiction + hosted in India,Included because India was inferred from currency text Rs.; resolved IP also geolocated to India.,Not found on reviewed page,evidence_snapshots/01066_www.healthline.com_74e64d487d.html,74e64d487d82ae7e19b8ec9710fa72f7116c5d7c7724abc4049a8d4c9151a404
1067,No immediate action,www.healthline.com,https://www.healthline.com/nutrition/trifecta-meals,Likely India jurisdiction + hosted in India,Included because India was inferred from currency text Rs.; resolved IP also geolocated to India.,Not found on reviewed page,evidence_snapshots/01067_www.healthline.com_25f96c2959.html,25f96c2959baadf8f3deba7386eb4988201f41c16c5103a8d40e743ce59fe5a2
1068,No immediate action,www.healthline.com,https://www.healthline.com/healthy/weight-watchers-vs-atkins,Likely India jurisdiction + hosted in India,Included because India was inferred from search market en-IN; resolved IP also geolocated to India.,Not found on reviewed page,evidence_snapshots/01068_www.healthline.com_651c56be6b.html,651c56be6b10e913228a2419a16410e0903a05766a142107846c5336e8ec5b0b
1069,No immediate action,www.healthline.com,https://www.healthline.com/nutrition/vitamins-for-stress,Likely India jurisdiction + hosted in India,Included because India was inferred from currency text Rs.; resolved IP also geolocated to India.,Not found on reviewed page,evidence_snapshots/01069_www.healthline.com_151a834d5b.html,151a834d5b3c03162447d3e08cb41a8985d229720078290646b4ea4afa1acf2e
1070,No immediate action,www.healthline.com,https://www.healthline.com/nutrition/best-collagen-for-skin,Likely India jurisdiction + hosted in India,Included because India was inferred from currency text Rs.; resolved IP also geolocated to India.,Not found on reviewed page,evidence_snapshots/01070_www.healthline.com_d302196c1c.html,d302196c1cd7a27876d950d8a0db72826818688cb5fdf52de3ae2d03843d19f3
1071,No immediate action,www.healthline.com,https://www.healthline.com/health/beauty-skin-care/supplements-for-better-skin,Likely India jurisdiction + hosted in India,Included because India was inferred from currency text Rs.; resolved IP also geolocated to India.,Not found on reviewed page,evidence_snapshots/01071_www.healthline.com_345fd81743.html,345fd81743c1b14644b05cf74723cf10df57d5510dad4ee525a385496b59d799
1072,No immediate action,www.healthline.com,https://www.healthline.com/health/birth-control/best-birth-control-for-pcos,Likely India jurisdiction + hosted in India,Included because India was inferred from currency text Rs.; resolved IP also geolocated to India.,Not found on reviewed page,evidence_snapshots/01072_www.healthline.com_4eb8587c22.html,4eb8587c22f35ed46561f889fbb00fa5fb2a9ca6267fa0c4a898f4a02f47eb6a
1073,No immediate action,www.healthline.com,https://www.healthline.com/health/best-birth-control-for-acne,Likely India jurisdiction + hosted in India,Included because India was inferred from currency text Rs.; resolved IP also geolocated to India.,Not found on reviewed page,evidence_snapshots/01073_www.healthline.com_4bb40e549b.html,4bb40e549bad496d1b007e797b59d9d52683ad0f1de01daddab263de8f1fdb14
1074,No immediate action,www.healthline.com,https://www.healthline.com/health/food-nutrition/best-multivitamins-menopause,Likely India jurisdiction + hosted in India,Included because India was inferred from currency text Rs.; resolved IP also geolocated to India.,Not found on reviewed page,evidence_snapshots/01074_www.healthline.com_252d905ed7.html,252d905ed70ecfd420fc7b2a37426a1afefe1630bbdb6e8b0bd84eb5c5e4d6b9
1075,No immediate action,www.healthline.com,https://www.healthline.com/health/womens-health/heating-pad-for-cramps,Likely India jurisdiction + hosted in India,Included because India was inferred from currency text Rs.; resolved IP also geolocated to India.,Not found on reviewed page,evidence_snapshots/01075_www.healthline.com_fe2f91b03f.html,fe2f91b03ffc7020ec0e8b506110ea1f2418fd03af49b176b26b5a27317006ae
1076,No immediate action,www.bezzybc.com,https://www.bezzybc.com,Likely India jurisdiction,Included because India was inferred from currency text Rs..,Not found on reviewed page,evidence_snapshots/01076_www.bezzybc.com_0e6ae65156.html,0e6ae65156fede870378c89307d8f83cb088cc09c2f30f5388499a1b1d89af2b
1079,Reference/news - lower priority,www.britannica.com,https://www.britannica.com/topic/gambling,Likely India jurisdiction,Included because India was inferred from currency text Rs..,Not found on reviewed page,evidence_snapshots/01079_www.britannica.com_55f78d49a6.html,55f78d49a6b7803b8f1777d56c14793637a0807d2c3438169cdfb2c0ccd2c2bb
1080,Activity found - AmEx not visible,justgamblers.com,https://justgamblers.com/in/,Likely India jurisdiction,Included because India was inferred from page metadata: IN.,Not found on reviewed page,evidence_snapshots/01080_justgamblers.com_f372128277.html,f3721282774a8d708a4cb6949844b55b3f1a085b1b8d3e30dd88b5ff9ddab018
1081,Activity found - AmEx not visible,bettingguide.com,https://bettingguide.com/in/,Likely India jurisdiction,Included because India was inferred from page metadata: in.,Not found on reviewed page,evidence_snapshots/01081_bettingguide.com_f78a082313.html,f78a0823138db6f4329acc7eaf3d40e2f1b8bddb482d1e9b6e18cf1b03043ccd
1086,Activity found - AmEx not visible,www.gambling.com,https://www.gambling.com/,Likely India jurisdiction,Included because India was inferred from currency text Rs..,Not found on reviewed page,evidence_snapshots/01086_www.gambling.com_9386381016.html,9386381016c6f7efb96f1199912ccf9e0cf0d2cda5166da853e698e758285a7e
1087,No immediate action,www.merriam-webster.com,https://www.merriam-webster.com/dictionary/gambling,Likely India jurisdiction,Included because India was inferred from currency text Rs..,Not found on reviewed page,evidence_snapshots/01087_www.merriam-webster.com_bb6a529763.html,bb6a5297634945a594cf449535cfd00f7dd3fc9f0e7459d09df50bcdc9c27a15
1090,No immediate action,www.britannica.com,https://www.britannica.com/topic/gambling/History,Likely India jurisdiction,Included because India was inferred from currency text Rs..,Not found on reviewed page,evidence_snapshots/01090_www.britannica.com_c98a2af19d.html,c98a2af19d6e6697c10cb2c00eba0288ec4a7c27977ac2753af2f0f981040207
1111,Activity found - AmEx not visible,www.sportytrader.com,https://www.sportytrader.com/en/betting-sites/,Likely India jurisdiction,Included because India was inferred from page metadata: IN.,Not found on reviewed page,evidence_snapshots/01111_www.sportytrader.com_ae2b7166bd.html,ae2b7166bdac46f4fe8772afc59587fc580c534af598b7a54576b4b5902eacf1
1115,No immediate action,www.sportsbookreview.com,https://www.sportsbookreview.com/betting-odds/,Hosted in India only,Included because the resolved IP geolocated to India (ip-api.com host geolocation); confirm business relevance manually.,Not found on reviewed page,evidence_snapshots/01115_www.sportsbookreview.com_d0b61010e8.html,d0b61010e8a7242ff80c0c9f51cd3b44d3aecaba6a18f578749deb423523d27c
1141,Activity found - AmEx not visible,www.casino.com,https://www.casino.com/in/,Likely India jurisdiction + hosted in India,Included because India was inferred from page metadata: in; resolved IP also geolocated to India.,Not found on reviewed page,evidence_snapshots/01141_www.casino.com_d2d4ec2dce.html,d2d4ec2dcee7ce97fb12413f7e32b7c2e306d982ab720e9d052f2fcd3923f093
1142,Activity found - AmEx not visible,justgamblers.com,https://justgamblers.com/in/online-casinos/,Likely India jurisdiction,Included because India was inferred from page metadata: IN.,Not found on reviewed page,evidence_snapshots/01142_justgamblers.com_65a70ae66e.html,65a70ae66e70a95039b3359296c7cb6964ba263a587c69c1c2434287fc03da8b
1143,Activity found - AmEx not visible,www.casino.com,https://www.casino.com/in/casino-games/,Likely India jurisdiction + hosted in India,Included because India was inferred from page metadata: in; resolved IP also geolocated to India.,Not found on reviewed page,evidence_snapshots/01143_www.casino.com_f9eb68a129.html,f9eb68a129eeb0b81caa5633f78960a3b9e7fde8c2811bd69057c4af3ae49601
1147,Manual AmEx evidence review,in.casino.org,https://in.casino.org/india/,Likely India jurisdiction,Included because India was inferred from page metadata: IN.,Possible - AmEx logo/token or mixed signal,evidence_snapshots/01147_www.casinoorg-india.com_adb6153caa.html,adb6153caa55d42f940a9bec09fc9349e2cfb52264b92b9c533568bcc58e2532
1156,Activity found - AmEx not visible,www.casino.com,https://www.casino.com/,Hosted in India only,Included because the resolved IP geolocated to India (ip-api.com host geolocation); confirm business relevance manually.,Not found on reviewed page,evidence_snapshots/01156_www.casino.com_df8918f230.html,df8918f230d14944a291499511633c834058946046e0b1492a3e7dc08a19351b
1160,No immediate action,www.merriam-webster.com,https://www.merriam-webster.com/dictionary/wager,Likely India jurisdiction,Included because India was inferred from currency text Rs..,Not found on reviewed page,evidence_snapshots/01160_www.merriam-webster.com_a372dbff26.html,a372dbff26cabdb5c8da929d96bad6643999f44a50d38bd1491d5786c1bbfc37
1164,No immediate action,www.davidgrann.com,https://www.davidgrann.com/book/the-wager/,Likely India jurisdiction,Included because India was inferred from currency text Rs..,Not found on reviewed page,evidence_snapshots/01164_www.davidgrann.com_869a8efbf6.html,869a8efbf6711cfb386e0e2cdea1e54602f99ff6beac8abc49a6e7b338fcdf9e
1165,No immediate action,wagerindia.com,https://wagerindia.com/,Likely India jurisdiction + hosted in India,Included because India was inferred from currency text Rs.; resolved IP also geolocated to India.,Not found on reviewed page,evidence_snapshots/01165_wagerindia.com_ff53411eca.html,ff53411ecaf369243ce85ecc8a20e1d110f9b803616df36631b605e73c7a6620
1168,Activity found - AmEx not visible,www.wagercasino.io,https://www.wagercasino.io/,Likely India jurisdiction,Included because India was inferred from search market en-IN.,Not found on reviewed page,evidence_snapshots/01168_www.wagercasino.io_4010d04b81.html,4010d04b8185def99969c6744bd71bd598bb8fe514f57c83b7723087d50a74be
1174,No immediate action,doi.org,https://doi.org/10.1016/S2468-2667(24)00167-1,Likely India jurisdiction,Included because India was inferred from search market en-IN.,Not found on reviewed page,evidence_snapshots/01174_linkinghub.elsevier.com_c571013bc0.html,c571013bc0bea17461cd6316d46907aafc2bf8ecfd5fec57f6ad713999b9b3ab
1176,No immediate action,www.snapchat.com,https://www.snapchat.com/add/who,Likely India jurisdiction,Included because India was inferred from page metadata: IN.,Not found on reviewed page,evidence_snapshots/01176_www.snapchat.com_db3367de32.html,db3367de3264f3419726d1811b678e1c9fc56387945c7a7a19dda4a2d7b714c1
1195,Activity found - AmEx not visible,justgamblers.com,https://justgamblers.com/in/online-casinos/new/,Likely India jurisdiction,Included because India was inferred from page metadata: IN.,Not found on reviewed page,evidence_snapshots/01195_justgamblers.com_a65128c644.html,a65128c6444fd9725b6948623982785fa927e7461c4bdfbc45cd054fcaa34223
1196,Activity found - AmEx not visible,justgamblers.com,https://justgamblers.com/in/reviews/rajabets/,Likely India jurisdiction,Included because India was inferred from page metadata: IN.,Not found on reviewed page,evidence_snapshots/01196_justgamblers.com_9bfb77af38.html,9bfb77af38ff524f3252c05062d32aeec7aefa49638cedab0c9e80ecce99d398
1197,Activity found - AmEx not visible,justgamblers.com,https://justgamblers.com/in/reviews/casino-khajana/,Likely India jurisdiction,Included because India was inferred from page metadata: IN.,Not found on reviewed page,evidence_snapshots/01197_justgamblers.com_cf5e0dd8c3.html,cf5e0dd8c3e47e97125121cadeaf9ed90ba090fc016fb74cc1e5bb7a245c982d
1198,Activity found - AmEx not visible,justgamblers.com,https://justgamblers.com/in/reviews/bettilt/,Likely India jurisdiction,Included because India was inferred from page metadata: IN.,Not found on reviewed page,evidence_snapshots/01198_justgamblers.com_3f4653bc25.html,3f4653bc252236c2761610c87c0f50f0b80ebc88034d80f76463689618426816
1199,Activity found - AmEx not visible,justgamblers.com,https://justgamblers.com/in/reviews/pin-up-casino/,Likely India jurisdiction,Included because India was inferred from page metadata: IN.,Not found on reviewed page,evidence_snapshots/01199_justgamblers.com_0b5ecca2a1.html,0b5ecca2a1f1d750ba1ce2c4fe72b4b005001b673f568632c39922ffbf2bc5e1
1200,Activity found - AmEx not visible,justgamblers.com,https://justgamblers.com/in/reviews/parimatch/,Likely India jurisdiction,Included because India was inferred from page metadata: IN.,Not found on reviewed page,evidence_snapshots/01200_justgamblers.com_bc9d545d78.html,bc9d545d78e8d2eac507837fa14c242d11ffed3e4c170e2467eac5b5ee1cb9c8
1201,Activity found - AmEx not visible,justgamblers.com,https://justgamblers.com/in/reviews/,Likely India jurisdiction,Included because India was inferred from page metadata: IN.,Not found on reviewed page,evidence_snapshots/01201_justgamblers.com_8c0ed79034.html,8c0ed79034e153af4c6c87b243b284cdacb1f91c9a96583782771c7e8dbc74d7
1203,Activity found - AmEx not visible,justgamblers.com,https://justgamblers.com/in/go/22bet/,Likely India jurisdiction,Included because India was inferred from currency code INR.,Not found on reviewed page,evidence_snapshots/01203_22match.com_a4b4444371.html,a4b4444371f5c7b7a73e5ae271a01154ff5fcfe07ac62e5c4e8b4e99e1135fd9
1204,No immediate action,justgamblers.com,https://justgamblers.com/in/go/batery/,Likely India jurisdiction,Included because India was inferred from search market en-IN.,Not found on reviewed page,evidence_snapshots/01204_india-batery.com_3703a604a6.html,3703a604a65316529b506ae2b465b8f1faf05b7238338a65c5ad88ad888e4a7b
1206,Activity found - AmEx not visible,bettingguide.com,https://bettingguide.com/in/casino/,Likely India jurisdiction,Included because India was inferred from page metadata: in.,Not found on reviewed page,evidence_snapshots/01206_bettingguide.com_0829a995af.html,0829a995af282631157aa16374def9d1f036adcfa119fb07cacc3268a8cf8a26
1207,Activity found - AmEx not visible,bettingguide.com,https://bettingguide.com/in/casino/new-casinos/,Likely India jurisdiction,Included because India was inferred from page metadata: in.,Not found on reviewed page,evidence_snapshots/01207_bettingguide.com_c6f5621a15.html,c6f5621a15e4f93b2cf8a8c729cfa144853428bba03c9bcdb34a0c77f8317286
1208,Activity found - AmEx not visible,bettingguide.com,https://bettingguide.com/in/casino/casino-bonuses/,Likely India jurisdiction,Included because India was inferred from page metadata: in.,Not found on reviewed page,evidence_snapshots/01208_bettingguide.com_a2d4b32ba9.html,a2d4b32ba993c76aa95ebb802390383ab301d016722ad1bf2b13b4bacd408eb0
1209,Activity found - AmEx not visible,bettingguide.com,https://bettingguide.com/in/casino/casino-bonuses/free-spins/,Likely India jurisdiction,Included because India was inferred from page metadata: in.,Not found on reviewed page,evidence_snapshots/01209_bettingguide.com_096776ee57.html,096776ee57eb2a69fc0c72fc432128fb34c220c216c242a88cfdbbfdec329dcf
1210,Activity found - AmEx not visible,bettingguide.com,https://bettingguide.com/in/casino/blackjack/,Likely India jurisdiction,Included because India was inferred from page metadata: in.,Not found on reviewed page,evidence_snapshots/01210_bettingguide.com_6e73e16de6.html,6e73e16de6d565bee7ae0437cbf91c43f2fb0cb70dc7bdb7a63747ed651540c0
1211,Activity found - AmEx not visible,bettingguide.com,https://bettingguide.com/in/casino/baccarat/,Likely India jurisdiction,Included because India was inferred from page metadata: in.,Not found on reviewed page,evidence_snapshots/01211_bettingguide.com_36a9db133d.html,36a9db133d3ee2fd31a9f1b91479745311f9a7e91c6cb9e4988e0697b2a089f6
1212,Activity found - AmEx not visible,bettingguide.com,https://bettingguide.com/in/casino/teen-patti/,Likely India jurisdiction,Included because India was inferred from page metadata: in.,Not found on reviewed page,evidence_snapshots/01212_bettingguide.com_5f6052da53.html,5f6052da53be45f5b1bc0d506501982391d1be4758a35fe37e8fe595f48fae92
1213,Activity found - AmEx not visible,bettingguide.com,https://bettingguide.com/in/casino/andar-bahar/,Likely India jurisdiction,Included because India was inferred from page metadata: in.,Not found on reviewed page,evidence_snapshots/01213_bettingguide.com_9f11258d4c.html,9f11258d4c2b60a2fa378e1cebb90d4753a4696ceb77985dccc2275d4c42d7e6
1214,Activity found - AmEx not visible,bettingguide.com,https://bettingguide.com/in/casino/jhandi-munda/,Likely India jurisdiction,Included because India was inferred from page metadata: in.,Not found on reviewed page,evidence_snapshots/01214_bettingguide.com_04bc96c178.html,04bc96c1788e371c274464f18806b47182818e85cb3eb0f638303f6e7f21379f
1215,Activity found - AmEx not visible,bettingguide.com,https://bettingguide.com/in/casino/dragon-tiger/,Likely India jurisdiction,Included because India was inferred from page metadata: in.,Not found on reviewed page,evidence_snapshots/01215_bettingguide.com_b90f0ada50.html,b90f0ada502ce2b0023b328578ce29fe78a46a1b069669e0f8360693e252dcfe
1216,Activity found - AmEx not visible,bettingguide.com,https://bettingguide.com/in/betting/free-bets/free-bet-no-deposit/,Likely India jurisdiction,Included because India was inferred from page metadata: in.,Not found on reviewed page,evidence_snapshots/01216_bettingguide.com_75e4a92160.html,75e4a92160242872d7a56c82771efb2465696511dbea0ac2926e6e1cb4aeb9c7
1217,Activity found - AmEx not visible,bettingguide.com,https://bettingguide.com/in/betting/best-betting-sites/low-deposit/,Likely India jurisdiction,Included because India was inferred from page metadata: in.,Not found on reviewed page,evidence_snapshots/01217_bettingguide.com_8cdd7ec9e3.html,8cdd7ec9e38659801e176ae67f79ed1ea859804b5b038c45697a7ad56fc37e48
1218,Activity found - AmEx not visible,bettingguide.com,https://bettingguide.com/in/payment-methods/,Likely India jurisdiction,Included because India was inferred from page metadata: in.,Not found on reviewed page,evidence_snapshots/01218_bettingguide.com_0157a53172.html,0157a531721e5b0b17fcb7c9ac918bf55b3a5a77c014885007fc58ba73a56981
1219,Activity found - AmEx not visible,bettingguide.com,https://bettingguide.com/in/payment-methods/neteller-india/,Likely India jurisdiction,Included because India was inferred from page metadata: in.,Not found on reviewed page,evidence_snapshots/01219_bettingguide.com_1a891b7421.html,1a891b742105ef409d20be663572f244e1dd7c4e549961258ca6bcb6e06c15df
1220,Activity found - AmEx not visible,bettingguide.com,https://bettingguide.com/in/betting/best-betting-sites/,Likely India jurisdiction,Included because India was inferred from page metadata: in.,Not found on reviewed page,evidence_snapshots/01220_bettingguide.com_3f8dcc6f70.html,3f8dcc6f70c9541cbd213a4db4f6528744772cfee8a820a5af13733f697bffaa
1221,Activity found - AmEx not visible,bettingguide.com,https://bettingguide.com/in/betting/new-betting-sites/,Likely India jurisdiction,Included because India was inferred from page metadata: in.,Not found on reviewed page,evidence_snapshots/01221_bettingguide.com_544951148b.html,544951148b4d02365c9e4476b952dd1d44a6bab5f601301d7afc1fb19a3e183c
1222,Activity found - AmEx not visible,bettingguide.com,https://bettingguide.com/in/betting/best-betting-sites/horse-racing/,Likely India jurisdiction,Included because India was inferred from page metadata: in.,Not found on reviewed page,evidence_snapshots/01222_bettingguide.com_55bcf3b2dd.html,55bcf3b2dd8b53dabc6606071ec327de44b7f44dc86325a06b61e2d2b2d443b4
1223,Activity found - AmEx not visible,bettingguide.com,https://bettingguide.com/in/betting/best-betting-sites/esports/,Likely India jurisdiction,Included because India was inferred from page metadata: in.,Not found on reviewed page,evidence_snapshots/01223_bettingguide.com_c0f101868c.html,c0f101868c1b7352d0e9ca379f9f46dc282a4424bade0003cba04b71572e1c2f
1224,Activity found - AmEx not visible,bettingguide.com,https://bettingguide.com/in/betting/best-betting-sites/badminton/,Likely India jurisdiction,Included because India was inferred from page metadata: in.,Not found on reviewed page,evidence_snapshots/01224_bettingguide.com_e4b28fa992.html,e4b28fa99278a50ee670be5d405197d471500fc2a470b7a6b23ec69a29a0d151
1225,Activity found - AmEx not visible,bettingguide.com,https://bettingguide.com/in/betting/best-betting-sites/fast-withdrawal/,Likely India jurisdiction,Included because India was inferred from page metadata: in.,Not found on reviewed page,evidence_snapshots/01225_bettingguide.com_3f08bbda1f.html,3f08bbda1f9574bbca750ffb337fd2fe0f30effe4e2470b6c90874bf9272f01f
1226,Activity found - AmEx not visible,bettingguide.com,https://bettingguide.com/in/betting/betting-exchanges/,Likely India jurisdiction,Included because India was inferred from page metadata: in.,Not found on reviewed page,evidence_snapshots/01226_bettingguide.com_96355d442d.html,96355d442da18f6d66c9f904bdfc144ec390a81bc141e48baa8c25645ec776db
1227,Activity found - AmEx not visible,bettingguide.com,https://bettingguide.com/in/betting/best-betting-sites/ufc-mma/,Likely India jurisdiction,Included because India was inferred from page metadata: in.,Not found on reviewed page,evidence_snapshots/01227_bettingguide.com_98a4127ca9.html,98a4127ca9afbf820afcc6f940538ca0cf3722efebd624290358cd903f7a253e
1228,Activity found - AmEx not visible,bettingguide.com,https://bettingguide.com/in/promotions/,Likely India jurisdiction,Included because India was inferred from page metadata: in.,Not found on reviewed page,evidence_snapshots/01228_bettingguide.com_4ad2bf148a.html,4ad2bf148a3a529285604b073b6c13dc4e4a839455f83cd31247ebfc6f9f81a0
1229,Activity found - AmEx not visible,bettingguide.com,https://bettingguide.com/in/betting/free-bets/,Likely India jurisdiction,Included because India was inferred from page metadata: in.,Not found on reviewed page,evidence_snapshots/01229_bettingguide.com_f439bfcc35.html,f439bfcc358ad5fdb7e8f45729018e29951101f9f7bcfe794551548cfb1f989b
1258,Activity found - AmEx not visible,gamblingmeter.net,https://gamblingmeter.net/terms-of-use/,Likely India jurisdiction,Included because India was inferred from currency text Rs..,Not found on reviewed page,evidence_snapshots/01258_gamblingmeter.net_910d2963a3.html,910d2963a314a0ad411e4bf4d6855988e2608c54bfe2826392457896aa602699
1260,Activity found - AmEx not visible,gamblingmeter.net,https://gamblingmeter.net/slots/,Likely India jurisdiction,Included because India was inferred from currency text Rs..,Not found on reviewed page,evidence_snapshots/01260_gamblingmeter.net_615ac90ff2.html,615ac90ff23f78ac672f23aa794d7b732b6ef5303f5da9f9cd97e2c82e793150
1261,Activity found - AmEx not visible,gamblingmeter.net,https://gamblingmeter.net/crypto-casinos/,Likely India jurisdiction,Included because India was inferred from currency text Rs..,Not found on reviewed page,evidence_snapshots/01261_gamblingmeter.net_777a0d7d90.html,777a0d7d902d115ae17f938c78106f936b873c76618ac10bcedf1eb4da6a2277
1263,Activity found - AmEx not visible,gamblingmeter.net,https://gamblingmeter.net/about-us/,Likely India jurisdiction,Included because India was inferred from currency text Rs..,Not found on reviewed page,evidence_snapshots/01263_gamblingmeter.net_a2514f2bc5.html,a2514f2bc520a1ab50a25c4af7a7a74b99feaf1d8f085c637a3fae48df721ce2
1264,Activity found - AmEx not visible,gamblingmeter.net,https://gamblingmeter.net/responsible-gambling/,Likely India jurisdiction,Included because India was inferred from currency text Rs..,Not found on reviewed page,evidence_snapshots/01264_gamblingmeter.net_4a0b1b5103.html,4a0b1b51031b84226c99b4601a2d137a4873a1d7e99b73c4c4ea59a0c8bab3a2
1287,No immediate action,www.gambling.com,https://www.gambling.com/games/cosmo-spins,Likely India jurisdiction,Included because India was inferred from currency text Rs..,Not found on reviewed page,evidence_snapshots/01287_www.gambling.com_6671e16c11.html,6671e16c11f33c41391ced82cdb3e56c3712a01d2f1cfd29452987944ca80165
1295,Activity found - AmEx not visible,www.gambling.com,https://www.gambling.com/editorial-guidelines,Likely India jurisdiction,Included because India was inferred from currency text Rs..,Not found on reviewed page,evidence_snapshots/01295_www.gambling.com_4f15251758.html,4f152517587a6517011beb864c40411ff81bd582ae083c4c0b3a07a57dc13f2c
1299,No immediate action,fortune.com,https://fortune.com/2026/08/11/kalshi-ceo-tarek-mansour-slams-founders-trash-business-advice-take-risks-instead-self-made-billioniare-prediction-markets/,Likely India jurisdiction + hosted in India,Included because India was inferred from currency text Rs.; resolved IP also geolocated to India.,Not found on reviewed page,evidence_snapshots/01299_fortune.com_637b8a6c7a.html,637b8a6c7a6f94faf0f7589de0a5c4de96e4e62e2470a120f5db3d35393da32e
1300,No immediate action,www.vulture.com,https://www.vulture.com/article/drake-live-stream-dating-show.html,Hosted in India only,Included because the resolved IP geolocated to India (ip-api.com host geolocation); confirm business relevance manually.,Not found on reviewed page,evidence_snapshots/01300_www.vulture.com_bdd5e48909.html,bdd5e48909798dd30e6d88e763fe3f7d3baf3edbc96700b258adbc25c6cea022
1301,No immediate action,www.nglish.com,http://www.nglish.com/spanish/gambling,Likely India jurisdiction + hosted in India,Included because India was inferred from currency text Rs.; resolved IP also geolocated to India.,Not found on reviewed page,evidence_snapshots/01301_www.nglish.com_a2cc30c22f.html,a2cc30c22f2c2bcf1b5586bbd6dfce4dad7f59f465623902977c7997c88b2fa5
1306,No immediate action,www.merriam-webster.com,https://www.merriam-webster.com/newsletters,Likely India jurisdiction,Included because India was inferred from currency text Rs..,Not found on reviewed page,evidence_snapshots/01306_www.merriam-webster.com_c20ef90790.html,c20ef90790ca44fc086322d976599ebe60591b93fe2a596f4c08f43827380154
1308,No immediate action,www.merriam-webster.com,https://www.merriam-webster.com/dictionary/gambling?pronunciation=&lang=en_us&dir=g&file=gamble02,Likely India jurisdiction,Included because India was inferred from currency text Rs..,Not found on reviewed page,evidence_snapshots/01308_www.merriam-webster.com_f7e915a5bf.html,f7e915a5bf16de3e1d6dc7ec56338e4390a8278b46490123fd502ffbea9fca6d
1309,No immediate action,www.merriam-webster.com,https://www.merriam-webster.com/thesaurus/gambling,Likely India jurisdiction,Included because India was inferred from currency text Rs..,Not found on reviewed page,evidence_snapshots/01309_www.merriam-webster.com_c1e6bdaed3.html,c1e6bdaed37f9ca5695d25326c9adfaf94521bd1fefc36fa46d75b7bbe18cb1a
1310,No immediate action,www.merriam-webster.com,https://www.merriam-webster.com/sentences/gambling,Likely India jurisdiction,Included because India was inferred from currency text Rs..,Not found on reviewed page,evidence_snapshots/01310_www.merriam-webster.com_a84fcd4a30.html,a84fcd4a301911120fb16530bb92b58147eacba6913831633eb618be6f31232b
1311,No immediate action,www.merriam-webster.com,https://www.merriam-webster.com/dictionary/anti-gambling,Likely India jurisdiction,Included because India was inferred from currency text Rs..,Not found on reviewed page,evidence_snapshots/01311_www.merriam-webster.com_7fba047134.html,7fba0471341721c9254bedb0e75a183e12e5d125769b9061876160915e3e29b7
1313,No immediate action,www.merriam-webster.com,https://www.merriam-webster.com/dictionary/gambling%20device,Likely India jurisdiction,Included because India was inferred from currency text Rs..,Not found on reviewed page,evidence_snapshots/01313_www.merriam-webster.com_fedfe24c65.html,fedfe24c6525cde702ca6585e17e3841d94cf88be293d2878212c0c85b72d336
1323,No immediate action,gamblingchooser.com,https://gamblingchooser.com/explore/wildcasino.html,Likely India jurisdiction + hosted in India,Included because India was inferred from currency code INR; resolved IP also geolocated to India.,Not found on reviewed page,evidence_snapshots/01323_www.wildcasino.ag_116825cb18.html,116825cb18ddfcfd9221225e046e598d5fe48f6da989982f7a924afc5d4b3592
1324,No immediate action,gamblingchooser.com,https://gamblingchooser.com/explore/ignitioncasino.html,Hosted in India only,Included because the resolved IP geolocated to India (ip-api.com host geolocation); confirm business relevance manually.,Not found on reviewed page,evidence_snapshots/01324_www.ignitioncasino.eu_e831d0dca6.html,e831d0dca6f8f2567904e4a9ac1d93cccce439d43422ef5d545fa726e178925d
1327,No immediate action,www.memphis.edu,https://www.memphis.edu/,Likely India jurisdiction,Included because India was inferred from currency text Rs..,Not found on reviewed page,evidence_snapshots/01327_www.memphis.edu_c3a58b308c.html,c3a58b308cbb8c405736a6bee2ddb7806c68ed7bddf61eec60a28028d02ae779
1345,No immediate action,www.bbc.com,https://www.bbc.com/audio/play/w3ct2d2k,Hosted in India only,Included because the resolved IP geolocated to India (ip-api.com host geolocation); confirm business relevance manually.,Not found on reviewed page,evidence_snapshots/01345_www.bbc.com_061b5aa636.html,061b5aa6363a9a8313bcfcb10e46b4cfa1561702d256c546f94e69eab8ac4f42
1346,No immediate action,www.law.cornell.edu,https://www.law.cornell.edu/wex/gambling,Likely India jurisdiction,Included because India was inferred from currency text Rs..,Not found on reviewed page,evidence_snapshots/01346_www.law.cornell.edu_b5da150331.html,b5da15033129b11333a357e1bfa220d08cb86a00915c7235266a8bb4014e70f6
1348,No immediate action,www.nprillinois.org,https://www.nprillinois.org/2026-03-19/gambling-addiction-is-on-the-rise-how-can-you-cope-with-it,Likely India jurisdiction + hosted in India,Included because India was inferred from currency text Rs.; resolved IP also geolocated to India.,Not found on reviewed page,evidence_snapshots/01348_www.nprillinois.org_9ebca6d8ce.html,9ebca6d8ce83f6c3e16f1fc26a8aaa1c67da62eafbfaa24d64b7c4ed3740df1c
1349,Activity found - AmEx not visible,pmc.ncbi.nlm.nih.gov,https://pmc.ncbi.nlm.nih.gov/articles/PMC1495100/,Likely India jurisdiction,Included because India was inferred from currency text Rs..,Not found on reviewed page,evidence_snapshots/01349_pmc.ncbi.nlm.nih.gov_decac11270.html,decac112707347929987c64ecb5e3789ea9e3f8bd3895d16cd0d982660f78294
1350,No immediate action,biz.libretexts.org,https://biz.libretexts.org/Bookshelves/Criminal_Law/Alaska_Criminal_Law_2022_%28Henderson%29/13%3A_Crimes_Against_Morality/13.02%3A_Gambling,Hosted in India only,Included because the resolved IP geolocated to India (ip-api.com host geolocation); confirm business relevance manually.,Not found on reviewed page,evidence_snapshots/01350_biz.libretexts.org_d19d72507e.html,d19d72507eff3255b4ed301e70f823c451b687c2613d017c2ea5a0108861565f
1351,No immediate action,www.merriam-webster.com,https://www.merriam-webster.com/dictionary/benevolence,Likely India jurisdiction,Included because India was inferred from currency text Rs..,Not found on reviewed page,evidence_snapshots/01351_www.merriam-webster.com_10f6c95ed5.html,10f6c95ed555f76c84477ee91b8fc7b2f92cd500d9d75858fe791cf5e6e01208
1356,No immediate action,www.britannica.com,https://www.britannica.com/question,Likely India jurisdiction,Included because India was inferred from currency text Rs..,Not found on reviewed page,evidence_snapshots/01356_www.britannica.com_529e555fdd.html,529e555fdd3592d167179b0af31211345f2995cec349cf9e7a30d2b77cd2d694
1358,Reference/news - lower priority,www.britannica.com,https://www.britannica.com/topic/gambling/Chances-probabilities-and-odds,Likely India jurisdiction,Included because India was inferred from currency text Rs..,Not found on reviewed page,evidence_snapshots/01358_www.britannica.com_2eb38b714f.html,2eb38b714f847aa03038193ccec17d4b47841dfe35c85b380d31e3a558c93396
1359,No immediate action,www.britannica.com,https://www.britannica.com/topic/gambling/additional-info,Likely India jurisdiction,Included because India was inferred from currency text Rs..,Not found on reviewed page,evidence_snapshots/01359_www.britannica.com_9a18b19a13.html,9a18b19a13791e4ef12a815b5e2eec45781bd9bad8e1fe1d1eb9e3688ba8415b
1361,No immediate action,gogambling.uk,https://gogambling.uk/bonus/1red-casino-uk/,Likely India jurisdiction,Included because India was inferred from currency text Rs..,Not found on reviewed page,evidence_snapshots/01361_1rrdrct.com_aeda7fb446.html,aeda7fb446d19121b879cf27c2569a442d3bfc24251a7c5099f6bc558e297143
1362,No immediate action,gogambling.uk,https://gogambling.uk/reviews/1red-casino-uk/,Likely India jurisdiction,Included because India was inferred from currency text Rs..,Not found on reviewed page,evidence_snapshots/01362_1rrdrct.com_7b0448e0cb.html,7b0448e0cb14a324e2bee1f36ae157135c657621fd0005783e217edd2a2f4ed4
1365,No immediate action,gogambling.uk,https://gogambling.uk/bonus/loki-casino-uk/,Likely India jurisdiction,Included because India was inferred from currency text Rs..,Not found on reviewed page,evidence_snapshots/01365_lordrct.com_a07b5a0a51.html,a07b5a0a510377f9280be2ca1a1d4a81ee545275e0c0241d2f67fec768f21099
1366,No immediate action,gogambling.uk,https://gogambling.uk/reviews/loki-casino-uk/,Likely India jurisdiction,Included because India was inferred from currency text Rs..,Not found on reviewed page,evidence_snapshots/01366_lordrct.com_8ae6f60c24.html,8ae6f60c249acf0be2549358f4209c56a355c19f06d3e122fbbf6e1311b0e5b0
1368,No immediate action,gogambling.uk,https://gogambling.uk/reviews/uk-onluck/,Likely India jurisdiction,Included because India was inferred from currency text Rs..,Not found on reviewed page,evidence_snapshots/01368_onrdrct.com_e6935a97f6.html,e6935a97f6ccd35e080df8ff773219def218bf31a36a0cbf9027ef39178e1462
1369,No immediate action,gogambling.uk,https://gogambling.uk/bonus/uk-betsson-casino/,Hosted in India only,Included because the resolved IP geolocated to India (ip-api.com host geolocation); confirm business relevance manually.,Not found on reviewed page,evidence_snapshots/01369_www.betsson.com_b20a3cc964.html,b20a3cc964b99bbca8f38bf3d9537012a613f0595cddb6d58dbbd6a4d87a9568
1370,No immediate action,gogambling.uk,https://gogambling.uk/reviews/uk-betsson-casino/,Hosted in India only,Included because the resolved IP geolocated to India (ip-api.com host geolocation); confirm business relevance manually.,Not found on reviewed page,evidence_snapshots/01370_www.betsson.com_b20a3cc964.html,b20a3cc964b99bbca8f38bf3d9537012a613f0595cddb6d58dbbd6a4d87a9568
1379,No immediate action,www.dearlotteries.com,https://www.dearlotteries.com/,Likely India jurisdiction,Included because India was inferred from country mention: india.,Not found on reviewed page,evidence_snapshots/01379_www.dearlotteries.com_b2578ef595.html,b2578ef59597141c3ca873859ea76a0d07034b0d0fd2cab9068e364add360c1a
1384,No immediate action,www.kaanoon.com,https://www.kaanoon.com/303683/is-buying-lottery-tickets-and-winning-prizes-in-international-lotteries-illegal-in-india,Likely India jurisdiction,Included because India was inferred from currency text Rs..,Not found on reviewed page,evidence_snapshots/01384_www.kaanoon.com_45db87217d.html,45db87217d33a5c323baf486a6c0c521c9a6c965ffe629a45cdf0d0982972c94
1401,No immediate action,www.buyonlinelottery.com,https://www.buyonlinelottery.com/visit/bovadacasinoscratchcards.php,Hosted in India only,Included because the resolved IP geolocated to India (ip-api.com host geolocation); confirm business relevance manually.,Not found on reviewed page,evidence_snapshots/01401_www.bovada.lv_32015d9dc8.html,32015d9dc8b9bee75cd0fc3b1f3c252c19eec1767c0957ae6870fb8e80bdcf0d
1402,No immediate action,www.buyonlinelottery.com,https://www.buyonlinelottery.com/visit/ignitioncasino.php,Hosted in India only,Included because the resolved IP geolocated to India (ip-api.com host geolocation); confirm business relevance manually.,Not found on reviewed page,evidence_snapshots/01402_www.ignitioncasino.eu_2b38525ebc.html,2b38525ebcae7657aec6e7cf46ec1bb3b83ec5c1e1020d14488c18aab0a1cafc
1403,No immediate action,www.buyonlinelottery.com,https://www.buyonlinelottery.com/visit/cafecasino.php,Hosted in India only,Included because the resolved IP geolocated to India (ip-api.com host geolocation); confirm business relevance manually.,Not found on reviewed page,evidence_snapshots/01403_www.cafecasino.lv_a3acd711dc.html,a3acd711dc56ad84b6f5a9b2706ddf7a130be24588bdc2fffb50004f7bc9ad6c
1405,No immediate action,www.threads.net,https://www.threads.net/@moneysavingexp,Likely India jurisdiction + hosted in India,Included because India was inferred from search market en-IN; resolved IP also geolocated to India.,Not found on reviewed page,evidence_snapshots/01405_www.threads.com_906abd6f17.html,906abd6f17ab88cd9751c0d09a28a0d6155f24407411552b421b86e3817b7a50
1418,No immediate action,forums.moneysavingexpert.com,https://forums.moneysavingexpert.com/start,Likely India jurisdiction,Included because India was inferred from currency text Rs..,Not found on reviewed page,evidence_snapshots/01418_forums.moneysavingexpert.com_850a23bf48.html,850a23bf48df64d7c4cf12366629c96a4685c72ff837db2a678472f0e666075d
1420,Activity found - AmEx not visible,www.welovelotto.com,https://www.welovelotto.com/terms-of-use,Likely India jurisdiction,Included because India was inferred from currency text Rs..,Not found on reviewed page,evidence_snapshots/01420_www.welovelotto.com_28605c67d8.html,28605c67d8cfcd54bac98afc37586f6a9ca97e7e8f78cd18f50c4d51c9efd848
1421,No immediate action,www.welovelotto.com,https://www.welovelotto.com/faq,Likely India jurisdiction,Included because India was inferred from currency text Rs..,Not found on reviewed page,evidence_snapshots/01421_www.welovelotto.com_37647860a7.html,37647860a77d2175043ed0cfd6e08864eab02227e3aac2dbac30c30f99ed3bcf
1427,No immediate action,www.kaanoon.com,https://www.kaanoon.com/terms,Likely India jurisdiction,Included because India was inferred from currency text Rs..,Not found on reviewed page,evidence_snapshots/01427_www.kaanoon.com_9ad588653e.html,9ad588653e71e3b13b9be209473ae48f01f2721f6305375541ec11722eee5b9a
1428,No immediate action,www.kaanoon.com,https://www.kaanoon.com/for-lawyers,Likely India jurisdiction,Included because India was inferred from currency text Rs..,Not found on reviewed page,evidence_snapshots/01428_www.kaanoon.com_a531feb39e.html,a531feb39e92a7cb160a37dbdc66a432a870ad8f374af6c039f6db093bd5fd3c
1439,No immediate action,www.lotterypros.com,https://www.lotterypros.com/visit/oz-lotteries/,Likely India jurisdiction,Included because India was inferred from search market en-IN.,Not found on reviewed page,evidence_snapshots/01439_giantlottos.com_482dc81023.html,482dc8102363a35723f2d4f97bd753e3443e7c2eaee02803b5f4c37a5b952674
1440,No immediate action,www.lotterypros.com,https://www.lotterypros.com/visit/exclusive-offer,Likely India jurisdiction,Included because India was inferred from currency text Rs..,Not found on reviewed page,evidence_snapshots/01440_www.24lottos.com_ef0d6d7a52.html,ef0d6d7a52d3a9d20b887c5846fd5f7a47a3bb1b948590687ebc8701aa5a0648
1442,No immediate action,www.lotterypros.com,https://www.lotterypros.com/visit/france-lotto/,Likely India jurisdiction,Included because India was inferred from search market en-IN.,Not found on reviewed page,evidence_snapshots/01442_giantlottos.com_69a0bf3430.html,69a0bf3430503aeaec0e3d301b4a8f4d00324b84bf1d5dc187d414bec13e3c8c
1443,No immediate action,lotterypros.com,https://lotterypros.com/visit/france-lotto/,Likely India jurisdiction,Included because India was inferred from search market en-IN.,Not found on reviewed page,evidence_snapshots/01443_giantlottos.com_5fc2f69603.html,5fc2f69603e28d2b6b5087a15f5d88f1124674b961cb96a8b9a38b1338efedb9
1463,No immediate action,www.ignitioncasino.eu,https://www.ignitioncasino.eu/casino/slots/5-reel/leprechaun-s-golden-trail#quickplay,Likely India jurisdiction + hosted in India,Included because India was inferred from search market en-IN; resolved IP also geolocated to India.,Not found on reviewed page,evidence_snapshots/01463_www.ignitioncasino.eu_34ab64aa88.html,34ab64aa88a81645213c0686371283401c4a93803765a81884607ebabd84c13b
1464,No immediate action,www.ignitioncasino.eu,https://www.ignitioncasino.eu/casino/slots/5-reel/joker-s-super-wins#quickplay,Likely India jurisdiction + hosted in India,Included because India was inferred from currency text Rs.; resolved IP also geolocated to India.,Not found on reviewed page,evidence_snapshots/01464_www.ignitioncasino.eu_f7572ea941.html,f7572ea941c74b77f49fedc33d41f37c2759b70e369bf1f55e3cd2d9545e3621
1465,No immediate action,www.ignitioncasino.eu,https://www.ignitioncasino.eu/casino/slots/5-reel/lair-of-the-white-tiger#quickplay,Likely India jurisdiction + hosted in India,Included because India was inferred from search market en-IN; resolved IP also geolocated to India.,Not found on reviewed page,evidence_snapshots/01465_www.ignitioncasino.eu_c62e59e70c.html,c62e59e70c79aecf3298c0fde01de1873ef3988b75bc3943c7bcf5b72c56b401
1466,No immediate action,www.ignitioncasino.eu,https://www.ignitioncasino.eu/casino/slots/5-reel/god-of-wealth-hold-and-win#quickplay,Likely India jurisdiction + hosted in India,Included because India was inferred from search market en-IN; resolved IP also geolocated to India.,Not found on reviewed page,evidence_snapshots/01466_www.ignitioncasino.eu_439068637f.html,439068637f2e8bc8b1b72a904daafdb2eceb7ec05ba973317285dd0299294d4a
1467,No immediate action,www.ignitioncasino.eu,https://www.ignitioncasino.eu/casino/slots/5-reel/rise-of-triton#quickplay,Likely India jurisdiction + hosted in India,Included because India was inferred from search market en-IN; resolved IP also geolocated to India.,Not found on reviewed page,evidence_snapshots/01467_www.ignitioncasino.eu_139da713bb.html,139da713bb7be7a573cb85457d78de1741d928575cc78fb2a04691c664bcdf20
1468,No immediate action,www.ignitioncasino.eu,https://www.ignitioncasino.eu/casino/slots/5-reel/pearl-pursuit#quickplay,Likely India jurisdiction + hosted in India,Included because India was inferred from currency text Rs.; resolved IP also geolocated to India.,Not found on reviewed page,evidence_snapshots/01468_www.ignitioncasino.eu_138ee641b0.html,138ee641b01c2348b2f740d52b2c3f5ecde38266146520a76b581fce39ec09dc
1469,No immediate action,www.ignitioncasino.eu,https://www.ignitioncasino.eu/casino/slots/progressive-jackpot/night-cleo#quickplay,Likely India jurisdiction + hosted in India,Included because India was inferred from currency text Rs.; resolved IP also geolocated to India.,Not found on reviewed page,evidence_snapshots/01469_www.ignitioncasino.eu_2dda8b8868.html,2dda8b88685d2b61eeba96e066c690e67183de283af33602cf78342511854352
1470,No immediate action,www.ignitioncasino.eu,https://www.ignitioncasino.eu/casino/slots/5-reel/fury-of-zeus#quickplay,Likely India jurisdiction + hosted in India,Included because India was inferred from search market en-IN; resolved IP also geolocated to India.,Not found on reviewed page,evidence_snapshots/01470_www.ignitioncasino.eu_4e280d8951.html,4e280d89519c0436b7a98be1a8a8bca3bc9eb6a63d9874160ec1f85bd9c23170
1471,No immediate action,www.ignitioncasino.eu,https://www.ignitioncasino.eu/casino/slots/6-reel/rock-star-world-tour#quickplay,Likely India jurisdiction + hosted in India,Included because India was inferred from search market en-IN; resolved IP also geolocated to India.,Not found on reviewed page,evidence_snapshots/01471_www.ignitioncasino.eu_ae15bf3e86.html,ae15bf3e861e632377162daf04586af35c654940c0241f3240b3fd7974e9431f
1472,No immediate action,www.ignitioncasino.eu,https://www.ignitioncasino.eu/casino/arcade/arcade-games/plinko-rush#quickplay,Hosted in India only,Included because the resolved IP geolocated to India (ip-api.com host geolocation); confirm business relevance manually.,Not found on reviewed page,evidence_snapshots/01472_www.ignitioncasino.eu_4224f7ec31.html,4224f7ec31df12c395d0c3a7f7d284cb12596530bc24370a29b1978828f9f996
1473,No immediate action,www.ignitioncasino.eu,https://www.ignitioncasino.eu/help,Likely India jurisdiction + hosted in India,Included because India was inferred from search market en-IN; resolved IP also geolocated to India.,Not found on reviewed page,evidence_snapshots/01473_www.ignitioncasino.eu_a7a105b950.html,a7a105b9502d116e929a03e0f8ef3a3e477bf774b3134dadd4cc7ff007661fc9
1474,No immediate action,www.ignitioncasino.eu,https://www.ignitioncasino.eu/terms-of-service,Hosted in India only,Included because the resolved IP geolocated to India (ip-api.com host geolocation); confirm business relevance manually.,Not found on reviewed page,evidence_snapshots/01474_www.ignitioncasino.eu_09e97ab069.html,09e97ab069a947104c09ac59a5ea8fdf5911fe239a38e0d698999cd4b432a792
1475,No immediate action,www.ignitioncasino.eu,https://www.ignitioncasino.eu/promotions/weekly-crypto-depositors-freeroll,Likely India jurisdiction + hosted in India,Included because India was inferred from currency text Rs.; resolved IP also geolocated to India.,Not found on reviewed page,evidence_snapshots/01475_www.ignitioncasino.eu_d98be978c7.html,d98be978c773f6806bc3350d53a06b65c61c4202a803b96854a769e1729880a7
1476,No immediate action,www.ignitioncasino.eu,https://www.ignitioncasino.eu/terms-of-use,Hosted in India only,Included because the resolved IP geolocated to India (ip-api.com host geolocation); confirm business relevance manually.,Not found on reviewed page,evidence_snapshots/01476_www.ignitioncasino.eu_47b37d594d.html,47b37d594de79e75995944234537923c9c39c1b75a3f839e2e1153796c9e14cd
1481,No immediate action,forums.moneysavingexpert.com,https://forums.moneysavingexpert.com/categories/banking-borrowing,Likely India jurisdiction,Included because India was inferred from currency text Rs..,Not found on reviewed page,evidence_snapshots/01481_forums.moneysavingexpert.com_e867691bc2.html,e867691bc20b6c6f10a7f904123f0f01a709b8e05f6b21407d3d0c6967014a0f
1483,No immediate action,forums.moneysavingexpert.com,https://forums.moneysavingexpert.com/profile/account-privacy,Likely India jurisdiction,Included because India was inferred from search market en-IN.,Not found on reviewed page,evidence_snapshots/01483_forums.moneysavingexpert.com_117de504d1.html,117de504d1f1f5b2ef01e7b5057fda6415d77c52e0daa6b8aba3054e7030cc0c
1509,No immediate action,lottery.sambad.com,https://lottery.sambad.com/,Likely India jurisdiction,Included because India was inferred from page metadata: IN.,Not found on reviewed page,evidence_snapshots/01509_lottery.sambad.com_c8846327cd.html,c8846327cd8a93b8855846aff210ca9cd875f24024dddd18d1db6918c6b570aa
1512,No immediate action,ndal-alis.gov.in,https://ndal-alis.gov.in/armslicence/,Likely India jurisdiction + hosted in India,Included because India was inferred from page metadata: IN; resolved IP also geolocated to India.,Not found on reviewed page,evidence_snapshots/01512_ndal-alis.gov.in_165a0d9720.html,165a0d97202d8804ac16e43c4b337d80ebb738268e738f77d72a65438a054c4a
1513,No immediate action,stallionguns.com,https://stallionguns.com/,Likely India jurisdiction,Included because India was inferred from page metadata: IN.,Not found on reviewed page,evidence_snapshots/01513_stallionguns.com_a3d73d7471.html,a3d73d747141c58b495032bf7accb513819c9b7509ef213bb18d3c8236808eb2
1514,No immediate action,camstarsports.com,https://camstarsports.com/gun-price-in-india,Likely India jurisdiction,Included because India was inferred from currency symbol INR.,Not found on reviewed page,evidence_snapshots/01514_camstarsports.com_0fbe97b6ac.html,0fbe97b6ac5ef163eb73f5d04269e907f9a1bfc6779b527c59ef8b0b33799e58
1515,Reference/news - lower priority,lawrato.com,https://lawrato.com/indian-kanoon/documentation-law/how-to-apply-for-arms-licence-in-india-578,Likely India jurisdiction,Included because India was inferred from currency text Rs..,Not found on reviewed page,evidence_snapshots/01515_lawrato.com_d416483d62.html,d416483d6287aee72656cd596b3906555e1a29651fdc8678e60872f72caf0e3b
1516,No immediate action,www.justdial.com,https://www.justdial.com/Jodhpur/Gun-Dealers/nct-10238988,Likely India jurisdiction + hosted in India,Included because India was inferred from search market en-IN; resolved IP also geolocated to India.,Not found on reviewed page,evidence_snapshots/01516_www.justdial.com_ba4203a1a3.html,ba4203a1a34d11be30dcc996219440d1c7529d95664088c8c89a84d1d9c4ff6f
1517,No immediate action,globalvisionlawfirm.com,https://globalvisionlawfirm.com/how-to-get-a-gun-license-in-india-complete-legal-guide-2026/,Hosted in India only,Included because the resolved IP geolocated to India (ip-api.com host geolocation); confirm business relevance manually.,Not found on reviewed page,evidence_snapshots/01517_globalvisionlawfirm.com_3cca689f00.html,3cca689f00f3fca7347d55421713d72520796fdaac3fe184c53f0b4860866aea
1520,No immediate action,imperialarmoury.com,https://imperialarmoury.com/ammunition/,Hosted in India only,Included because the resolved IP geolocated to India (ip-api.com host geolocation); confirm business relevance manually.,Not found on reviewed page,evidence_snapshots/01520_imperialarmoury.com_ff01a86132.html,ff01a861329449bc55d5a2d1f4ba9be7c6795c086d40d0f1369263f3078c8919
1523,Activity found - AmEx not visible,ensun.io,https://ensun.io/search/ammunition/india,Likely India jurisdiction,Included because India was inferred from currency text Rs..,Not found on reviewed page,evidence_snapshots/01523_ensun.io_b9b4b5af5b.html,b9b4b5af5bd15a678085a181abfbe25d21a38448e240a4f17b36a6710a002cf8
1524,No immediate action,www.opticsplanet.com,https://www.opticsplanet.com/ammunition.html,Likely India jurisdiction + hosted in India,Included because India was inferred from search market en-IN; resolved IP also geolocated to India.,Not found on reviewed page,evidence_snapshots/01524_www.opticsplanet.com_ac781fdf2e.html,ac781fdf2e0770d94f1b52ad83cc6a58e6e734557d5de581fcffcf08d9df9543
1527,No immediate action,www.cabelas.com,https://www.cabelas.com/l/ammunition?msockid=341e8f99d9f96f4201469820d87e6ea1,Hosted in India only,Included because the resolved IP geolocated to India (ip-api.com host geolocation); confirm business relevance manually.,Not found on reviewed page,evidence_snapshots/01527_www.cabelas.com_4bcffbe654.html,4bcffbe654bc798b0010afc24c809417c32f3d4f7526b554cb673437035bbbc9
1531,No immediate action,www.tractorsupply.com,https://www.tractorsupply.com/tsc/catalog/ammunition?msockid=341e8f99d9f96f4201469820d87e6ea1,Hosted in India only,Included because the resolved IP geolocated to India (ip-api.com host geolocation); confirm business relevance manually.,Not found on reviewed page,evidence_snapshots/01531_www.tractorsupply.com_638f81274c.html,638f81274cbf07e80fcb6609def977517222b4686a0d3cf029e3f92c914215e0
1532,No immediate action,winchester.com,https://winchester.com/,Likely India jurisdiction,Included because India was inferred from currency text Rs..,Not found on reviewed page,evidence_snapshots/01532_winchester.com_7be0db5317.html,7be0db53179f4ed933a50ac9fcce3223cfdf7754bd485003ca594ec15b010b13
1535,No immediate action,www.cabelas.com,https://www.cabelas.com/l/ammunition?msockid=3c719d1b2ea26a3b05d08aa22fae6ba9,Hosted in India only,Included because the resolved IP geolocated to India (ip-api.com host geolocation); confirm business relevance manually.,Not found on reviewed page,evidence_snapshots/01535_www.cabelas.com_49281bebe1.html,49281bebe131f245259efebd0e883b19d6809ad160d9d5f7a7ae193453999bab
1536,No immediate action,www.tractorsupply.com,https://www.tractorsupply.com/tsc/catalog/ammunition?msockid=3c719d1b2ea26a3b05d08aa22fae6ba9,Hosted in India only,Included because the resolved IP geolocated to India (ip-api.com host geolocation); confirm business relevance manually.,Not found on reviewed page,evidence_snapshots/01536_www.tractorsupply.com_638f81274c.html,638f81274cbf07e80fcb6609def977517222b4686a0d3cf029e3f92c914215e0
1537,Activity found - AmEx not visible,www.sportsmans.com,https://www.sportsmans.com/shooting-gear-gun-supplies/ammunition-ammo-for-hunting-shooting-sports/c/cat100112?msockid=1137e07a26066ec40db1f7c3270a6f44,Likely India jurisdiction,Included because India was inferred from search market en-IN.,Not found on reviewed page,evidence_snapshots/01537_www.sportsmans.com_5971b2fdf6.html,5971b2fdf609d288a1023d41aadbb2c49a3290821ac1f81db74353e5b015ab7a
1540,No immediate action,www.cabelas.com,https://www.cabelas.com/l/ammunition?msockid=1e72a31542c862650dc8b4ac43f26397,Hosted in India only,Included because the resolved IP geolocated to India (ip-api.com host geolocation); confirm business relevance manually.,Not found on reviewed page,evidence_snapshots/01540_www.cabelas.com_cec7220917.html,cec7220917b98bca694826eaa8f93d3eefad309008b294745c0f0b576387ec14
1541,No immediate action,www.tractorsupply.com,https://www.tractorsupply.com/tsc/catalog/ammunition?msockid=1e72a31542c862650dc8b4ac43f26397,Hosted in India only,Included because the resolved IP geolocated to India (ip-api.com host geolocation); confirm business relevance manually.,Not found on reviewed page,evidence_snapshots/01541_www.tractorsupply.com_638f81274c.html,638f81274cbf07e80fcb6609def977517222b4686a0d3cf029e3f92c914215e0
1543,No immediate action,www.cabelas.com,https://www.cabelas.com/l/ammunition?msockid=2ed2fb69a48965641bb7ecd0a55664c1,Hosted in India only,Included because the resolved IP geolocated to India (ip-api.com host geolocation); confirm business relevance manually.,Not found on reviewed page,evidence_snapshots/01543_www.cabelas.com_94fe9df134.html,94fe9df134f2468950180d2345b8f321e0f48069c15d681a098d9b519874b458
1544,No immediate action,www.tractorsupply.com,https://www.tractorsupply.com/tsc/catalog/ammunition?msockid=2ed2fb69a48965641bb7ecd0a55664c1,Hosted in India only,Included because the resolved IP geolocated to India (ip-api.com host geolocation); confirm business relevance manually.,Not found on reviewed page,evidence_snapshots/01544_www.tractorsupply.com_638f81274c.html,638f81274cbf07e80fcb6609def977517222b4686a0d3cf029e3f92c914215e0
1545,Activity found - AmEx not visible,www.sportsmans.com,https://www.sportsmans.com/shooting-gear-gun-supplies/ammunition-ammo-for-hunting-shooting-sports/c/cat100112?msockid=120106407aa267bd3a9811f97b7466bf,Likely India jurisdiction,Included because India was inferred from search market en-IN.,Not found on reviewed page,evidence_snapshots/01545_www.sportsmans.com_2c39ef57d2.html,2c39ef57d258e2b64c87532d5eb876d04e5aefc256ab93e01a021b758edee718
1546,Activity found - AmEx not visible,www.sportsmans.com,https://www.sportsmans.com/shooting-gear-gun-supplies/ammunition-ammo-for-hunting-shooting-sports/c/cat100112?msockid=1a1f9058e8de6542131587e1e9da6435,Likely India jurisdiction,Included because India was inferred from search market en-IN.,Not found on reviewed page,evidence_snapshots/01546_www.sportsmans.com_24789c72b2.html,24789c72b2a9e68c778057b0d9ed6f77d7d4a870c0be78cc2ea22df0527c6d84
1548,No immediate action,www.cabelas.com,https://www.cabelas.com/l/ammunition?msockid=37d841b5d91d6f4020b8560cd8b06ee0,Hosted in India only,Included because the resolved IP geolocated to India (ip-api.com host geolocation); confirm business relevance manually.,Not found on reviewed page,evidence_snapshots/01548_www.cabelas.com_84f1576adc.html,84f1576adc370215c13e0d59f3588cfb54b90bb073a88a49520f8a4ea3544b62
1549,No immediate action,www.tractorsupply.com,https://www.tractorsupply.com/tsc/catalog/ammunition?msockid=37d841b5d91d6f4020b8560cd8b06ee0,Hosted in India only,Included because the resolved IP geolocated to India (ip-api.com host geolocation); confirm business relevance manually.,Not found on reviewed page,evidence_snapshots/01549_www.tractorsupply.com_638f81274c.html,638f81274cbf07e80fcb6609def977517222b4686a0d3cf029e3f92c914215e0
1551,No immediate action,www.cabelas.com,https://www.cabelas.com/l/ammunition?msockid=0a9c8d1479d769c232bb9aad78396823,Hosted in India only,Included because the resolved IP geolocated to India (ip-api.com host geolocation); confirm business relevance manually.,Not found on reviewed page,evidence_snapshots/01551_www.cabelas.com_96d794f970.html,96d794f970cfd2826014b9da5243110077e9ba2d11cd23646e6ba268f2f977c0
1552,No immediate action,www.tractorsupply.com,https://www.tractorsupply.com/tsc/catalog/ammunition?msockid=0a9c8d1479d769c232bb9aad78396823,Hosted in India only,Included because the resolved IP geolocated to India (ip-api.com host geolocation); confirm business relevance manually.,Not found on reviewed page,evidence_snapshots/01552_www.tractorsupply.com_638f81274c.html,638f81274cbf07e80fcb6609def977517222b4686a0d3cf029e3f92c914215e0
1553,Activity found - AmEx not visible,www.sportsmans.com,https://www.sportsmans.com/shooting-gear-gun-supplies/ammunition-ammo-for-hunting-shooting-sports/c/cat100112?msockid=07eb5c648c936a501a614bdd8d226be5,Likely India jurisdiction,Included because India was inferred from search market en-IN.,Not found on reviewed page,evidence_snapshots/01553_www.sportsmans.com_f36318c78e.html,f36318c78efb0a2b446eea104764d33425f14fcbcd8a21c19b3e566ad5e05977
1554,Activity found - AmEx not visible,www.sportsmans.com,https://www.sportsmans.com/shooting-gear-gun-supplies/ammunition-ammo-for-hunting-shooting-sports/c/cat100112?msockid=376cda0d3eee6e090671cdb43fd56f81,Likely India jurisdiction,Included because India was inferred from search market en-IN.,Not found on reviewed page,evidence_snapshots/01554_www.sportsmans.com_f43d84c769.html,f43d84c7699beb6ef8cd25f00de1a8027ee8f61903bdb9a93f76442beec9ac05
1556,No immediate action,www.cabelas.com,https://www.cabelas.com/l/ammunition?msockid=0c0dd9dacf9462c51af8ce63ce996385,Hosted in India only,Included because the resolved IP geolocated to India (ip-api.com host geolocation); confirm business relevance manually.,Not found on reviewed page,evidence_snapshots/01556_www.cabelas.com_656284d09c.html,656284d09c99c28ffadcca300cf4d42e2452eeb03c55136ce920ede6259d3929
1557,No immediate action,www.tractorsupply.com,https://www.tractorsupply.com/tsc/catalog/ammunition?msockid=0c0dd9dacf9462c51af8ce63ce996385,Hosted in India only,Included because the resolved IP geolocated to India (ip-api.com host geolocation); confirm business relevance manually.,Not found on reviewed page,evidence_snapshots/01557_www.tractorsupply.com_638f81274c.html,638f81274cbf07e80fcb6609def977517222b4686a0d3cf029e3f92c914215e0
1559,No immediate action,www.cabelas.com,https://www.cabelas.com/l/ammunition?msockid=236c4437aa5368dd0920538eab496973,Hosted in India only,Included because the resolved IP geolocated to India (ip-api.com host geolocation); confirm business relevance manually.,Not found on reviewed page,evidence_snapshots/01559_www.cabelas.com_1d3220c8b2.html,1d3220c8b2ba7753a6870092adab96a64337fac0c5891e37199d7fce14473043
1560,No immediate action,www.tractorsupply.com,https://www.tractorsupply.com/tsc/catalog/ammunition?msockid=236c4437aa5368dd0920538eab496973,Hosted in India only,Included because the resolved IP geolocated to India (ip-api.com host geolocation); confirm business relevance manually.,Not found on reviewed page,evidence_snapshots/01560_www.tractorsupply.com_638f81274c.html,638f81274cbf07e80fcb6609def977517222b4686a0d3cf029e3f92c914215e0
1561,Activity found - AmEx not visible,www.sportsmans.com,https://www.sportsmans.com/shooting-gear-gun-supplies/ammunition-ammo-for-hunting-shooting-sports/c/cat100112?msockid=1ccb622a61d86d090e36759360546c86,Likely India jurisdiction,Included because India was inferred from search market en-IN.,Not found on reviewed page,evidence_snapshots/01561_www.sportsmans.com_51323ea181.html,51323ea181866b771a322efebf28fb43c0465e7ff37bae7b08814d9e0e55d177
1562,Activity found - AmEx not visible,www.sportsmans.com,https://www.sportsmans.com/shooting-gear-gun-supplies/ammunition-ammo-for-hunting-shooting-sports/c/cat100112?msockid=351422185c9a63ee1d3235a15d886212,Likely India jurisdiction,Included because India was inferred from search market en-IN.,Not found on reviewed page,evidence_snapshots/01562_www.sportsmans.com_e22ebc1680.html,e22ebc1680ad54118e6bfd7ddd1df97dca40fcc936018443c487c146331d3d26
1564,No immediate action,www.cabelas.com,https://www.cabelas.com/l/ammunition?msockid=18bddd548a216c9a16f9caed8b666db8,Hosted in India only,Included because the resolved IP geolocated to India (ip-api.com host geolocation); confirm business relevance manually.,Not found on reviewed page,evidence_snapshots/01564_www.cabelas.com_f5794f6300.html,f5794f630025a58f5a1cfaf97cc8f0f8987cf6ebc84400589cd95768f0ece1fd
1565,No immediate action,www.tractorsupply.com,https://www.tractorsupply.com/tsc/catalog/ammunition?msockid=18bddd548a216c9a16f9caed8b666db8,Hosted in India only,Included because the resolved IP geolocated to India (ip-api.com host geolocation); confirm business relevance manually.,Not found on reviewed page,evidence_snapshots/01565_www.tractorsupply.com_638f81274c.html,638f81274cbf07e80fcb6609def977517222b4686a0d3cf029e3f92c914215e0
1567,No immediate action,www.cabelas.com,https://www.cabelas.com/l/ammunition?msockid=048ebbdc3582630e3fb7ac65347d6298,Hosted in India only,Included because the resolved IP geolocated to India (ip-api.com host geolocation); confirm business relevance manually.,Not found on reviewed page,evidence_snapshots/01567_www.cabelas.com_9af63fc977.html,9af63fc97795cda1ce73df1214399a6ad0081860fb7a762f2a3fb2666a0c2731
1568,No immediate action,www.tractorsupply.com,https://www.tractorsupply.com/tsc/catalog/ammunition?msockid=048ebbdc3582630e3fb7ac65347d6298,Hosted in India only,Included because the resolved IP geolocated to India (ip-api.com host geolocation); confirm business relevance manually.,Not found on reviewed page,evidence_snapshots/01568_www.tractorsupply.com_638f81274c.html,638f81274cbf07e80fcb6609def977517222b4686a0d3cf029e3f92c914215e0
1569,Activity found - AmEx not visible,www.sportsmans.com,https://www.sportsmans.com/shooting-gear-gun-supplies/ammunition-ammo-for-hunting-shooting-sports/c/cat100112?msockid=15cd0ec4306961263a46197d31e560ca,Likely India jurisdiction,Included because India was inferred from search market en-IN.,Not found on reviewed page,evidence_snapshots/01569_www.sportsmans.com_c7404578c2.html,c7404578c2e23145612000a6e24e2e1201bf9c10ee952b329990de917645473d
1572,No immediate action,www.cabelas.com,https://www.cabelas.com/l/ammunition?msockid=2a3baeef7a246a8d0589b9567b716b12,Hosted in India only,Included because the resolved IP geolocated to India (ip-api.com host geolocation); confirm business relevance manually.,Not found on reviewed page,evidence_snapshots/01572_www.cabelas.com_d9377eb307.html,d9377eb307888ad48d9dba2fa9dc9a14373741c1c4e39666eaf212c21c997af8
1573,No immediate action,www.tractorsupply.com,https://www.tractorsupply.com/tsc/catalog/ammunition?msockid=2a3baeef7a246a8d0589b9567b716b12,Hosted in India only,Included because the resolved IP geolocated to India (ip-api.com host geolocation); confirm business relevance manually.,Not found on reviewed page,evidence_snapshots/01573_www.tractorsupply.com_638f81274c.html,638f81274cbf07e80fcb6609def977517222b4686a0d3cf029e3f92c914215e0
1575,No immediate action,www.cabelas.com,https://www.cabelas.com/l/ammunition?msockid=3cfd67f760df6a3a0856704e610f6bc1,Hosted in India only,Included because the resolved IP geolocated to India (ip-api.com host geolocation); confirm business relevance manually.,Not found on reviewed page,evidence_snapshots/01575_www.cabelas.com_0893207d2a.html,0893207d2a1abfc2d71fb207aff8ddd446d7d2072481a41e7b703a1e57d6eb67
1576,No immediate action,www.tractorsupply.com,https://www.tractorsupply.com/tsc/catalog/ammunition?msockid=3cfd67f760df6a3a0856704e610f6bc1,Hosted in India only,Included because the resolved IP geolocated to India (ip-api.com host geolocation); confirm business relevance manually.,Not found on reviewed page,evidence_snapshots/01576_www.tractorsupply.com_638f81274c.html,638f81274cbf07e80fcb6609def977517222b4686a0d3cf029e3f92c914215e0
1578,Activity found - AmEx not visible,www.sportsmans.com,https://www.sportsmans.com/shooting-gear-gun-supplies/ammunition-ammo-for-hunting-shooting-sports/c/cat100112?msockid=23b75cbc98b361c433554b0599e760be,Likely India jurisdiction,Included because India was inferred from search market en-IN.,Not found on reviewed page,evidence_snapshots/01578_www.sportsmans.com_16b1047c42.html,16b1047c42b87db63bcdaf10700874f6552d1b1b9b496829a3ebfc6c33cd3d0d
1580,No immediate action,www.cabelas.com,https://www.cabelas.com/l/ammunition?msockid=0331fb3089176d4f13d7ec8988136cc8,Hosted in India only,Included because the resolved IP geolocated to India (ip-api.com host geolocation); confirm business relevance manually.,Not found on reviewed page,evidence_snapshots/01580_www.cabelas.com_559b55f31b.html,559b55f31ba75b2cd5626ede3393e7fffed686cc15fc80eef32408a22e48013c
1581,No immediate action,www.tractorsupply.com,https://www.tractorsupply.com/tsc/catalog/ammunition?msockid=0331fb3089176d4f13d7ec8988136cc8,Hosted in India only,Included because the resolved IP geolocated to India (ip-api.com host geolocation); confirm business relevance manually.,Not found on reviewed page,evidence_snapshots/01581_www.tractorsupply.com_638f81274c.html,638f81274cbf07e80fcb6609def977517222b4686a0d3cf029e3f92c914215e0
1583,No immediate action,www.cabelas.com,https://www.cabelas.com/l/ammunition?msockid=32f182a366526ac9178a951a67ec6baa,Hosted in India only,Included because the resolved IP geolocated to India (ip-api.com host geolocation); confirm business relevance manually.,Not found on reviewed page,evidence_snapshots/01583_www.cabelas.com_48a98927db.html,48a98927dba48b78e0606b84f713c5d3c143e97cbe71ac2955c6696293187c13
1584,No immediate action,www.tractorsupply.com,https://www.tractorsupply.com/tsc/catalog/ammunition?msockid=32f182a366526ac9178a951a67ec6baa,Hosted in India only,Included because the resolved IP geolocated to India (ip-api.com host geolocation); confirm business relevance manually.,Not found on reviewed page,evidence_snapshots/01584_www.tractorsupply.com_638f81274c.html,638f81274cbf07e80fcb6609def977517222b4686a0d3cf029e3f92c914215e0
1585,Activity found - AmEx not visible,www.sportsmans.com,https://www.sportsmans.com/shooting-gear-gun-supplies/ammunition-ammo-for-hunting-shooting-sports/c/cat100112?msockid=276724f7777d64ce3000334e763a65a8,Likely India jurisdiction,Included because India was inferred from search market en-IN.,Not found on reviewed page,evidence_snapshots/01585_www.sportsmans.com_becfc847a3.html,becfc847a3164c92e7e13ef17642f9d72873ff72d95b0356eafaf974113696fe
1586,Activity found - AmEx not visible,www.sportsmans.com,https://www.sportsmans.com/shooting-gear-gun-supplies/ammunition-ammo-for-hunting-shooting-sports/c/cat100112?msockid=3b99e316e1856e4c3f16f4afe00e6f91,Likely India jurisdiction,Included because India was inferred from search market en-IN.,Not found on reviewed page,evidence_snapshots/01586_www.sportsmans.com_e35cb54ef5.html,e35cb54ef53eee7a1031c8d2bf42cfc2787f3d804ccfde4c54c23778484c8178
1588,No immediate action,www.cabelas.com,https://www.cabelas.com/l/ammunition?msockid=3c4d48632fd8696d1c235fda2e9c68d8,Hosted in India only,Included because the resolved IP geolocated to India (ip-api.com host geolocation); confirm business relevance manually.,Not found on reviewed page,evidence_snapshots/01588_www.cabelas.com_a477ec7205.html,a477ec7205dc0d13692afa7aa8afd76aa6f47d7af6074f09f8d6651c1697faa6
1589,No immediate action,www.tractorsupply.com,https://www.tractorsupply.com/tsc/catalog/ammunition?msockid=3c4d48632fd8696d1c235fda2e9c68d8,Hosted in India only,Included because the resolved IP geolocated to India (ip-api.com host geolocation); confirm business relevance manually.,Not found on reviewed page,evidence_snapshots/01589_www.tractorsupply.com_638f81274c.html,638f81274cbf07e80fcb6609def977517222b4686a0d3cf029e3f92c914215e0
1591,No immediate action,www.cabelas.com,https://www.cabelas.com/l/ammunition?msockid=3343cc3708fe6ed43e6bdb8e09886fea,Hosted in India only,Included because the resolved IP geolocated to India (ip-api.com host geolocation); confirm business relevance manually.,Not found on reviewed page,evidence_snapshots/01591_www.cabelas.com_bbf4992b1a.html,bbf4992b1a7fd4ca38acc51af1c3b5e47bab787ca56081d0b48f8e4224136326
1592,No immediate action,www.tractorsupply.com,https://www.tractorsupply.com/tsc/catalog/ammunition?msockid=3343cc3708fe6ed43e6bdb8e09886fea,Hosted in India only,Included because the resolved IP geolocated to India (ip-api.com host geolocation); confirm business relevance manually.,Not found on reviewed page,evidence_snapshots/01592_www.tractorsupply.com_638f81274c.html,638f81274cbf07e80fcb6609def977517222b4686a0d3cf029e3f92c914215e0
1593,Activity found - AmEx not visible,www.sportsmans.com,https://www.sportsmans.com/shooting-gear-gun-supplies/ammunition-ammo-for-hunting-shooting-sports/c/cat100112?msockid=3a3bed3d7a7160fb1064fa847b8661cc,Likely India jurisdiction,Included because India was inferred from search market en-IN.,Not found on reviewed page,evidence_snapshots/01593_www.sportsmans.com_6cbd2b6859.html,6cbd2b6859fcf9c4e7cac2fc86765eebee1133434f794fb92e81613fc06035d5
1596,No immediate action,www.cabelas.com,https://www.cabelas.com/l/ammunition?msockid=0ebbac5888a76b081d9cbbe189a36a77,Hosted in India only,Included because the resolved IP geolocated to India (ip-api.com host geolocation); confirm business relevance manually.,Not found on reviewed page,evidence_snapshots/01596_www.cabelas.com_8811dac2c5.html,8811dac2c596f5ea13a56bdc7d9035d97e83a34fc1e2184aca82e7add474892e
1597,No immediate action,www.tractorsupply.com,https://www.tractorsupply.com/tsc/catalog/ammunition?msockid=0ebbac5888a76b081d9cbbe189a36a77,Hosted in India only,Included because the resolved IP geolocated to India (ip-api.com host geolocation); confirm business relevance manually.,Not found on reviewed page,evidence_snapshots/01597_www.tractorsupply.com_638f81274c.html,638f81274cbf07e80fcb6609def977517222b4686a0d3cf029e3f92c914215e0
1599,No immediate action,www.cabelas.com,https://www.cabelas.com/l/ammunition?msockid=0bfaf3dc20f36e910ee7e46521e46f60,Hosted in India only,Included because the resolved IP geolocated to India (ip-api.com host geolocation); confirm business relevance manually.,Not found on reviewed page,evidence_snapshots/01599_www.cabelas.com_60dcaf4432.html,60dcaf4432dcb984be9f21eef4a28ce4978709bcc5fd2ffd0bb7d03f7f407f6c
1600,No immediate action,www.tractorsupply.com,https://www.tractorsupply.com/tsc/catalog/ammunition?msockid=0bfaf3dc20f36e910ee7e46521e46f60,Hosted in India only,Included because the resolved IP geolocated to India (ip-api.com host geolocation); confirm business relevance manually.,Not found on reviewed page,evidence_snapshots/01600_www.tractorsupply.com_638f81274c.html,638f81274cbf07e80fcb6609def977517222b4686a0d3cf029e3f92c914215e0
1601,Reference/news - lower priority,www.vocabineer.com,https://www.vocabineer.com/different-types-of-weapons/,Hosted in India only,Included because the resolved IP geolocated to India (ip-api.com host geolocation); confirm business relevance manually.,Not found on reviewed page,evidence_snapshots/01601_www.vocabineer.com_ae985b1782.html,ae985b1782693ece9a9fe14a396dbcf18c62791499b1bba84cd6f8d44866f7c2
1602,No immediate action,www.imdb.com,https://www.imdb.com/title/tt26581740/,Likely India jurisdiction + hosted in India,Included because India was inferred from search market en-IN; resolved IP also geolocated to India.,Not found on reviewed page,evidence_snapshots/01602_www.imdb.com_f75104042b.html,f75104042b2db0ebf4b9bda967f82217ed03d318191a9333632c9219ce322f3a
1603,No immediate action,www.merriam-webster.com,https://www.merriam-webster.com/dictionary/weapon,Likely India jurisdiction,Included because India was inferred from currency text Rs..,Not found on reviewed page,evidence_snapshots/01603_www.merriam-webster.com_856905181a.html,856905181a6b84f6261ccd9a7858fcc1f68aa489ae50bc5419c187a90bb29d05
1605,No immediate action,www.britannica.com,https://www.britannica.com/technology/weapon,Likely India jurisdiction,Included because India was inferred from search market en-IN.,Not found on reviewed page,evidence_snapshots/01605_www.britannica.com_8dbd44522b.html,8dbd44522b38d883cc59591c7737018e10df1c225a6eebfb19cd26da282cbd75
1607,No immediate action,www.sciencedaily.com,https://www.sciencedaily.com/terms/weapon.htm,Likely India jurisdiction,Included because India was inferred from search market en-IN.,Not found on reviewed page,evidence_snapshots/01607_www.sciencedaily.com_4e02f8072a.html,4e02f8072a5540dbd431dd8aace50f01470283d219dd7008178638e8d7cb7342
1609,No immediate action,www.wikiwand.com,https://www.wikiwand.com/en/Weapon,Likely India jurisdiction,Included because India was inferred from currency text Rs..,Not found on reviewed page,evidence_snapshots/01609_www.wikiwand.com_8371ebee14.html,8371ebee14ce7a51428e8b462cb6142b172dab1de594c2f745d9976a9fe35a31
1610,No immediate action,ndal-alis.gov.in,http://ndal-alis.gov.in/armslicence/,Likely India jurisdiction + hosted in India,Included because India was inferred from page metadata: IN; resolved IP also geolocated to India.,Not found on reviewed page,evidence_snapshots/01610_ndal-alis.gov.in_cf45a50508.html,cf45a50508fc48aecbd355de790f1bfc9955ff9d431024a3993ce85ab40b28e6
1618,No immediate action,www.paganfirearms.com.au,https://www.paganfirearms.com.au/,Likely India jurisdiction,Included because India was inferred from currency text Rs..,Not found on reviewed page,evidence_snapshots/01618_www.paganfirearms.com.au_c82f299d9b.html,c82f299d9b9fa726156cdadcacf7ffba857fdf9cfb0acc430d155cada39dba40
1619,Reference/news - lower priority,www.britannica.com,https://www.britannica.com/technology/gun-weapon,Likely India jurisdiction,Included because India was inferred from search market en-IN.,Not found on reviewed page,evidence_snapshots/01619_www.britannica.com_e867250f2e.html,e867250f2e3f0d858cd5d641974ca7c81a46d37cbd34d828a11bc5fb5a04712b
1623,No immediate action,india.gov.in,https://india.gov.in/hi,Likely India jurisdiction + hosted in India,Included because India was inferred from currency symbol INR; resolved IP also geolocated to India.,Not found on reviewed page,evidence_snapshots/01623_xn--i1bj3fqcyde.xn--11b7cb3a6a.xn--h2brj_2dcee7dd94.html,2dcee7dd94a6a4d13b0aea7b60e85e29727522867dc850e09185b3b121943198
1624,No immediate action,mha.gov.in,https://mha.gov.in/,Likely India jurisdiction + hosted in India,Included because India was inferred from search market en-IN; resolved IP also geolocated to India.,Not found on reviewed page,evidence_snapshots/01624_xn--i1b5bzbybhfo5c8b4bxh.xn--11b7cb3a6a_fc73340eda.html,fc73340eda6feb568541db47e9cfeadcded5f32771ca2cbee4e64b6188498860
1625,No immediate action,swachhbharatmission.ddws.gov.in,https://swachhbharatmission.ddws.gov.in/,Likely India jurisdiction + hosted in India,Included because India was inferred from currency text Rs.; resolved IP also geolocated to India.,Not found on reviewed page,evidence_snapshots/01625_swachhbharatmission.ddws.gov.in_577f18f08d.html,577f18f08d20b634ee63c380f4a329c0f88181d01688c618964a7555f977e501
1626,No immediate action,www.nsws.gov.in,https://www.nsws.gov.in,Likely India jurisdiction + hosted in India,Included because India was inferred from currency text Rs.; resolved IP also geolocated to India.,Not found on reviewed page,evidence_snapshots/01626_www.nsws.gov.in_6a370943fd.html,6a370943fdaa2c669e2e89d30e27cb1629fe769a57217173c88a858605bbb2a3
1627,No immediate action,www.digitalindia.gov.in,https://www.digitalindia.gov.in/,Hosted in India only,Included because the resolved IP geolocated to India (ip-api.com host geolocation); confirm business relevance manually.,Not found on reviewed page,evidence_snapshots/01627_www.digitalindia.gov.in_6db8c1f5ff.html,6db8c1f5ffe274342a5f3e7714518673e9d83b027954a4d3c685501df1685ca8
1628,No immediate action,www.makeinindia.com,https://www.makeinindia.com/,Likely India jurisdiction + hosted in India,Included because India was inferred from currency code INR; resolved IP also geolocated to India.,Not found on reviewed page,evidence_snapshots/01628_www.makeinindia.com_12d2f32b9f.html,12d2f32b9f689b0a0f1b488657fde81f562922324e6c831c78df3c00169e6ba7
1629,No immediate action,www.mygov.in,https://www.mygov.in/,Likely India jurisdiction + hosted in India,Included because India was inferred from currency text Rs.; resolved IP also geolocated to India.,Not found on reviewed page,evidence_snapshots/01629_www.mygov.in_3890c1ca13.html,3890c1ca13949f1d6cd6d6519fb3e955ce879d2777baa886c884366833394466
1630,No immediate action,www.nic.in,https://www.nic.in,Hosted in India only,Included because the resolved IP geolocated to India (ip-api.com host geolocation); confirm business relevance manually.,Not found on reviewed page,evidence_snapshots/01630_www.nic.gov.in_594e35bc6f.html,594e35bc6f09e01ae3b0e01dbce083d5c6f921bdc6930d60d074b385eb37b5d6
1631,No immediate action,ndal-alis.gov.in,https://ndal-alis.gov.in/armslicence/helpMe,Likely India jurisdiction + hosted in India,Included because India was inferred from page metadata: IN; resolved IP also geolocated to India.,Not found on reviewed page,evidence_snapshots/01631_ndal-alis.gov.in_050292c415.html,050292c4150af7cc5c7887316bc4375cafb1c1ed84c8d84fc1f40bd07d5e2c12
1632,No immediate action,ndal-alis.gov.in,https://ndal-alis.gov.in/armslicence/faq,Likely India jurisdiction + hosted in India,Included because India was inferred from page metadata: IN; resolved IP also geolocated to India.,Not found on reviewed page,evidence_snapshots/01632_ndal-alis.gov.in_6233214150.html,6233214150ed0e074494d6b2686c8857fb4dcc3a766c1d2ff60b1701619deafc
1633,No immediate action,ndal-alis.gov.in,https://ndal-alis.gov.in/armslicence/registration,Likely India jurisdiction + hosted in India,Included because India was inferred from page metadata: IN; resolved IP also geolocated to India.,Not found on reviewed page,evidence_snapshots/01633_ndal-alis.gov.in_5692552ce1.html,5692552ce1b19023b41fc59e5d42d7c13632f91a40d3fadd42e6704645070feb
1634,No immediate action,ndal-alis.gov.in,https://ndal-alis.gov.in/armslicence/servicess,Likely India jurisdiction + hosted in India,Included because India was inferred from page metadata: IN; resolved IP also geolocated to India.,Not found on reviewed page,evidence_snapshots/01634_ndal-alis.gov.in_142c2b6ead.html,142c2b6eada0d83ca5f0e6cc65707874ec2db663a527738bc47c8922208af611
1635,No immediate action,wa.me,https://wa.me/918329618409?text=Hi+Camstar+Sports%21+I+have+a+question+about+your+airguns.,Hosted in India only,Included because the resolved IP geolocated to India (ip-api.com host geolocation); confirm business relevance manually.,Not found on reviewed page,evidence_snapshots/01635_api.whatsapp.com_23d0f3ba6b.html,23d0f3ba6b2f49581fcd52fbbbe94a591f02953c9078a29cfec4921f6ae735f9
1636,No immediate action,growwstack.in,https://growwstack.in,Likely India jurisdiction,Included because India was inferred from page metadata: IN.,Not found on reviewed page,evidence_snapshots/01636_growwstack.in_bfa14daae0.html,bfa14daae0b33fa000aa8aeb0ca620a1b8f45268469362041844380849f03b91
1637,No immediate action,camstarsports.com,https://camstarsports.com/blog,Likely India jurisdiction,Included because India was inferred from currency symbol INR.,Not found on reviewed page,evidence_snapshots/01637_camstarsports.com_072ca6a369.html,072ca6a36931d864aaecb2cfad6830b2eaabedd5a01aaf9a3ab6b1be8f3f11b1
1638,No immediate action,camstarsports.com,https://camstarsports.com/products,Likely India jurisdiction,Included because India was inferred from currency symbol INR.,Not found on reviewed page,evidence_snapshots/01638_camstarsports.com_4e9b982b76.html,4e9b982b7664dadbac410f7c796de7deb0e713b772730374f03b8696698572cb
1639,No immediate action,camstarsports.com,https://camstarsports.com/best-air-rifle-in-india,Likely India jurisdiction,Included because India was inferred from currency symbol INR.,Not found on reviewed page,evidence_snapshots/01639_camstarsports.com_6ec6078c9b.html,6ec6078c9b06a2ea7871bde652a54a87b176c763a523f4661b1ea63169b9c7f3
1640,No immediate action,globalvisionlawfirm.com,https://globalvisionlawfirm.com/delayed-payment-2/,Hosted in India only,Included because the resolved IP geolocated to India (ip-api.com host geolocation); confirm business relevance manually.,Not found on reviewed page,evidence_snapshots/01640_globalvisionlawfirm.com_ed8ea96523.html,ed8ea96523a0b402cffc26d810a87bd65b0fd61a0e98a72b7fcc544168d957e6
1641,No immediate action,globalvisionlawfirm.com,https://globalvisionlawfirm.com/late-payment-interest/,Hosted in India only,Included because the resolved IP geolocated to India (ip-api.com host geolocation); confirm business relevance manually.,Not found on reviewed page,evidence_snapshots/01641_globalvisionlawfirm.com_a529925cd7.html,a529925cd7e73084df9fa0bef1cb4e70b272fa1222898ff4936f4667d3f9deda
1642,No immediate action,globalvisionlawfirm.com,https://globalvisionlawfirm.com/cyber-fraud-legal-help-bank-account-freeze-lawyer-delhi-global-vision-law-firm/,Hosted in India only,Included because the resolved IP geolocated to India (ip-api.com host geolocation); confirm business relevance manually.,Not found on reviewed page,evidence_snapshots/01642_globalvisionlawfirm.com_ac879c5816.html,ac879c581637d605316179187a52f28cc9ca1fbb7e3c034af365cdc70acca925
1643,No immediate action,globalvisionlawfirm.com,https://globalvisionlawfirm.com/legal-expertise-in-finance-lending-infrastructure/,Hosted in India only,Included because the resolved IP geolocated to India (ip-api.com host geolocation); confirm business relevance manually.,Not found on reviewed page,evidence_snapshots/01643_globalvisionlawfirm.com_ea5316a469.html,ea5316a46934d4ae6dd4c39724199cde868c9f3346e3114de33311dd83223ae2
1644,No immediate action,globalvisionlawfirm.com,https://globalvisionlawfirm.com/faq/,Hosted in India only,Included because the resolved IP geolocated to India (ip-api.com host geolocation); confirm business relevance manually.,Not found on reviewed page,evidence_snapshots/01644_globalvisionlawfirm.com_32f4424c44.html,32f4424c447e8a6732121fe55da719f43525ddb5b716f7a716c956d4ed85dfb3
1645,No immediate action,globalvisionlawfirm.com,https://globalvisionlawfirm.com/bank-account-frozen-due-to-a-money-mule-scam-how-to-unfreeze-it-fast-2026/,Hosted in India only,Included because the resolved IP geolocated to India (ip-api.com host geolocation); confirm business relevance manually.,Not found on reviewed page,evidence_snapshots/01645_globalvisionlawfirm.com_11751511ce.html,11751511cef704830f5b9e3dacd654e76edb4d5801f27252078eece94fe3211b
1646,No immediate action,globalvisionlawfirm.com,https://globalvisionlawfirm.com/bank-account-freeze-unfreeze-lawyer-delhi-ncr/,Hosted in India only,Included because the resolved IP geolocated to India (ip-api.com host geolocation); confirm business relevance manually.,Not found on reviewed page,evidence_snapshots/01646_globalvisionlawfirm.com_3d230be36e.html,3d230be36eac7ef3cd902ebede4c3257dc1acce065f375db42e70f071185ea38
1647,No immediate action,globalvisionlawfirm.com,https://globalvisionlawfirm.com/,Hosted in India only,Included because the resolved IP geolocated to India (ip-api.com host geolocation); confirm business relevance manually.,Not found on reviewed page,evidence_snapshots/01647_globalvisionlawfirm.com_2c7e28b410.html,2c7e28b4109bb442efc65e097bec98aef5540b676219d8859906c6080138c795
1648,No immediate action,globalvisionlawfirm.com,https://globalvisionlawfirm.com/blog-by-global-vision-law-firm-latest-law-updates-insights/,Hosted in India only,Included because the resolved IP geolocated to India (ip-api.com host geolocation); confirm business relevance manually.,Not found on reviewed page,evidence_snapshots/01648_globalvisionlawfirm.com_5b88f2a51a.html,5b88f2a51a64c2718d57083a651a0b9b2a6c77db1e2f8527ee9161ec3ab664ff
1649,No immediate action,globalvisionlawfirm.com,https://globalvisionlawfirm.com/how-to-register-a-cyber-crime-complaint-with-the-cyber-cell-of-police-online-complaint-procedure-2026/,Hosted in India only,Included because the resolved IP geolocated to India (ip-api.com host geolocation); confirm business relevance manually.,Not found on reviewed page,evidence_snapshots/01649_globalvisionlawfirm.com_50b54bcc6e.html,50b54bcc6e13b492e9389ffd3f063e5149bac40b1889e10432b18fc263c9e93b
1650,No immediate action,globalvisionlawfirm.com,https://globalvisionlawfirm.com/corporate-lawyer-in-delhi-for-district-court-high-court-and-term-sheet-review-2026/,Hosted in India only,Included because the resolved IP geolocated to India (ip-api.com host geolocation); confirm business relevance manually.,Not found on reviewed page,evidence_snapshots/01650_globalvisionlawfirm.com_8b5945f11a.html,8b5945f11af232556293e7facac501ff9cabeabae22021f20727c87314363d13
1656,No immediate action,www.britannica.com,https://www.britannica.com/question,Likely India jurisdiction,Included because India was inferred from currency text Rs..,Not found on reviewed page,evidence_snapshots/01656_www.britannica.com_d065fcde1f.html,d065fcde1fa467090aa2a1d3dd37b47a3d234359dee8a2adfb09bea6a276a977
1658,No immediate action,www.britannica.com,https://www.britannica.com/technology/ammunition/additional-info,Likely India jurisdiction,Included because India was inferred from currency text Rs..,Not found on reviewed page,evidence_snapshots/01658_www.britannica.com_5a0d960f4f.html,5a0d960f4f864e8ad4176bdb0c7d6221fd3c2b87382a4d097cf642ca7472bd0f
1659,No immediate action,www.britannica.com,https://www.britannica.com/facts/ammunition,Likely India jurisdiction,Included because India was inferred from search market en-IN.,Not found on reviewed page,evidence_snapshots/01659_www.britannica.com_813dd97a8f.html,813dd97a8f5b9c107254c983635bc2d5755659c98b34356c148e6c269a1c664d
1660,No immediate action,www.britannica.com,https://www.britannica.com/technology/ammunition/images-videos,Likely India jurisdiction,Included because India was inferred from search market en-IN.,Not found on reviewed page,evidence_snapshots/01660_www.britannica.com_d3b5beac01.html,d3b5beac019310644158fc6c16da1698413ad9e9e8ea9d1ceb6f576c79b6c8ae
1662,No immediate action,imperialarmoury.com,https://imperialarmoury.com/weapon/,Hosted in India only,Included because the resolved IP geolocated to India (ip-api.com host geolocation); confirm business relevance manually.,Not found on reviewed page,evidence_snapshots/01662_imperialarmoury.com_cc3ae7f0e2.html,cc3ae7f0e241c36b5cd39aff9c04fd21fdde308e78e44635f962d0035e49575c
1663,No immediate action,imperialarmoury.com,https://imperialarmoury.com/weapon/dsr-1-sniper-rifle/,Hosted in India only,Included because the resolved IP geolocated to India (ip-api.com host geolocation); confirm business relevance manually.,Not found on reviewed page,evidence_snapshots/01663_imperialarmoury.com_dd52caecab.html,dd52caecab51f7890744834e13aae02dcbaea245ae83ff8985e6881cb58ec17f
1664,No immediate action,imperialarmoury.com,https://imperialarmoury.com/weapon/viper-small-arm/,Hosted in India only,Included because the resolved IP geolocated to India (ip-api.com host geolocation); confirm business relevance manually.,Not found on reviewed page,evidence_snapshots/01664_imperialarmoury.com_ea4a52320e.html,ea4a52320e77fef6a660af52b3a44ba88b8710a23c88847da3bd27efdc5b4632
1668,No immediate action,app.ensun.io,https://app.ensun.io/register/claim,Likely India jurisdiction,Included because India was inferred from search market en-IN.,Not found on reviewed page,evidence_snapshots/01668_app.ensun.io_341e6b80e7.html,341e6b80e797cf0f7d2ceeb9211a6282c4e76892e533f96f288f87a35f0b7be4
1669,Activity found - AmEx not visible,ensun.io,https://ensun.io/search/ammunition,Likely India jurisdiction,Included because India was inferred from currency text Rs..,Not found on reviewed page,evidence_snapshots/01669_ensun.io_bb3e3ce988.html,bb3e3ce988a85c9f0f53f45ed63c537c5ca6105c8b675d06c2e9407e0c52c2cf
1670,No immediate action,ensun.io,https://ensun.io/search/firearm,Likely India jurisdiction,Included because India was inferred from currency text Rs..,Not found on reviewed page,evidence_snapshots/01670_ensun.io_99706ef0db.html,99706ef0db513216e30a87c74f7236c78865c3e2d2b9b33d0647298c9dfa06af
1671,No immediate action,ensun.io,https://ensun.io/search/brass-cartridge,Likely India jurisdiction,Included because India was inferred from currency text Rs..,Not found on reviewed page,evidence_snapshots/01671_ensun.io_01770c12d7.html,01770c12d719a30abe183a6499df3224c6929b51f87cfccbbca3f87d8733d7e8
1674,No immediate action,ensun.io,https://ensun.io/search/ammunition/canada,Likely India jurisdiction,Included because India was inferred from currency text Rs..,Not found on reviewed page,evidence_snapshots/01674_ensun.io_d05491b547.html,d05491b547187e46caa32d3ad16ec084584d59f5d0698f200281c1406741f93d
1675,No immediate action,ensun.io,https://ensun.io/search/ammunition/australia,Likely India jurisdiction,Included because India was inferred from currency text Rs..,Not found on reviewed page,evidence_snapshots/01675_ensun.io_85cc88d74c.html,85cc88d74ccfda61e56c2e1d3f6820734eefa2718119e51f119b6413573cad33
1677,No immediate action,ensun.io,https://ensun.io/search/ammunition/south-korea,Likely India jurisdiction,Included because India was inferred from search market en-IN.,Not found on reviewed page,evidence_snapshots/01677_ensun.io_a83bacbf0a.html,a83bacbf0a43cd116830cd2759941b360f91a9c46768b4c0e0c9c34463f55c7a
1681,Activity found - AmEx not visible,support.sportsmans.com,https://support.sportsmans.com/support/,Likely India jurisdiction,Included because India was inferred from currency text Rs..,Not found on reviewed page,evidence_snapshots/01681_support.sportsmans.com_65c1dc1fe7.html,65c1dc1fe7fa079d94792172c263451b021c7b66d87ba9798ef7bbfc7c48ea74
1693,No immediate action,www.federalpremium.com,https://www.federalpremium.com/rifle/shop-by-caliber/,Likely India jurisdiction,Included because India was inferred from currency text Rs..,Not found on reviewed page,evidence_snapshots/01693_www.federalpremium.com_0291691130.html,0291691130ea3944bdabee1428475ae3b22036d73daef92b2b31de8eef87c1ec
1702,No immediate action,winchesterle.com,https://winchesterle.com,Likely India jurisdiction,Included because India was inferred from currency text Rs..,Not found on reviewed page,evidence_snapshots/01702_winchesterle.com_e9ae26e164.html,e9ae26e164b32aeb3745d2cee2ef7890aae06c113db8b1308eac39900606bbe0
1704,No immediate action,www.winchesterguns.com,https://www.winchesterguns.com/,Hosted in India only,Included because the resolved IP geolocated to India (ip-api.com host geolocation); confirm business relevance manually.,Not found on reviewed page,evidence_snapshots/01704_www.winchesterguns.com_d3240b0d92.html,d3240b0d92a131bcf909997216bf75bcd4c1f82610da6efb9301dde2b41f4378
1705,Manual AmEx evidence review,winchestergear.com,https://winchestergear.com/,Likely India jurisdiction,Included because India was inferred from currency symbol INR.,Possible - AmEx logo/token or mixed signal,evidence_snapshots/01705_winchestergear.com_45359b8a34.html,45359b8a34ac0929a433c225ac4973419e5813f54575adec6410a6aad1860ead
1722,No immediate action,www.nytimes.com,https://www.nytimes.com/athletic/7512413/2026/08/13/ben-shelton-canadian-open-title-repeat-brandon-nakashima/,Likely India jurisdiction + hosted in India,Included because India was inferred from currency text Rs.; resolved IP also geolocated to India.,Not found on reviewed page,evidence_snapshots/01722_www.nytimes.com_3a8b9c128e.html,3a8b9c128efac2d195b90130818112b93ca321960cc4b4f2868baf979724a578
1726,No immediate action,www.nglish.com,http://www.nglish.com/spanish/weapon,Likely India jurisdiction + hosted in India,Included because India was inferred from currency text Rs.; resolved IP also geolocated to India.,Not found on reviewed page,evidence_snapshots/01726_www.nglish.com_e4535aaae8.html,e4535aaae860ccd9568b61369c2593326ed147d42ea9e8bea5fca81d3a33eabe
1728,No immediate action,www.merriam-webster.com,https://www.merriam-webster.com/settings,Likely India jurisdiction,Included because India was inferred from search market en-IN.,Not found on reviewed page,evidence_snapshots/01728_www.merriam-webster.com_10de24a4f6.html,10de24a4f684934faedf6e54e199da3bb808260f332d63e76ad557385d0c654f
1731,No immediate action,www.merriam-webster.com,https://www.merriam-webster.com/newsletters,Likely India jurisdiction,Included because India was inferred from currency text Rs..,Not found on reviewed page,evidence_snapshots/01731_www.merriam-webster.com_e16bb03aa4.html,e16bb03aa41a8946db30eaa5cd2c984163ae499d805e841a18b998028518834e
1733,No immediate action,www.merriam-webster.com,https://www.merriam-webster.com/dictionary/weapon?pronunciation=&lang=en_us&dir=w&file=weapon01,Likely India jurisdiction,Included because India was inferred from currency text Rs..,Not found on reviewed page,evidence_snapshots/01733_www.merriam-webster.com_11c887b2a7.html,11c887b2a7bc142d403fe014bd1e0accddf292bf581d7013703fccfc88f287ee
1734,No immediate action,www.merriam-webster.com,https://www.merriam-webster.com/thesaurus/weapon,Likely India jurisdiction,Included because India was inferred from currency text Rs..,Not found on reviewed page,evidence_snapshots/01734_www.merriam-webster.com_e9242b47b6.html,e9242b47b6d64423966e4a9eb89a1be7ffeac2c6cf3a0526fa3255740cc6e349
1736,No immediate action,www.merriam-webster.com,https://www.merriam-webster.com/dictionary/assault%20weapon,Likely India jurisdiction,Included because India was inferred from currency text Rs..,Not found on reviewed page,evidence_snapshots/01736_www.merriam-webster.com_cb908bec16.html,cb908bec16ad3eeb4e03c832a6b35aa15f897325ee9b05821cfa01ad5ea6b6c7
1738,No immediate action,www.merriam-webster.com,https://www.merriam-webster.com/dictionary/biological%20weapon,Likely India jurisdiction,Included because India was inferred from currency text Rs..,Not found on reviewed page,evidence_snapshots/01738_www.merriam-webster.com_c18e63904e.html,c18e63904ec208765ccec532a489ea2f64a5f7c394209c1f1bcc23ce63990541
1739,No immediate action,www.merriam-webster.com,https://www.merriam-webster.com/dictionary/chemical%20weapon,Likely India jurisdiction,Included because India was inferred from currency text Rs..,Not found on reviewed page,evidence_snapshots/01739_www.merriam-webster.com_9156650b50.html,9156650b50b61d6ee421f877e144b5fe5187074511714932fa0153043a929a29
1741,No immediate action,www.britannica.com,https://www.britannica.com/technology/weapon/additional-info,Likely India jurisdiction,Included because India was inferred from currency text Rs..,Not found on reviewed page,evidence_snapshots/01741_www.britannica.com_4464e66312.html,4464e663126ebd9ba9ec366b74e276ba590c724c3e405168eea3f968faed6fd1
1742,No immediate action,www.britannica.com,https://www.britannica.com/facts/weapon,Likely India jurisdiction,Included because India was inferred from search market en-IN.,Not found on reviewed page,evidence_snapshots/01742_www.britannica.com_a6536647f9.html,a6536647f926d4b458fbf69685cd8c8d04f1dcc95f95648323f4c317f05e5e0e
1743,No immediate action,www.britannica.com,https://www.britannica.com/technology/weapon/images-videos,Likely India jurisdiction,Included because India was inferred from currency text Rs..,Not found on reviewed page,evidence_snapshots/01743_www.britannica.com_05b4ab4e70.html,05b4ab4e7085b1723653578b1a3c4c6daab8d7a6c48627f2eafeb7a051aa6ea4
1744,No immediate action,www.britannica.com,https://www.britannica.com/quiz/weapons-and-warfare,Likely India jurisdiction,Included because India was inferred from currency text Rs..,Not found on reviewed page,evidence_snapshots/01744_www.britannica.com_3b43e906be.html,3b43e906be4e6c977d863caabb47f0730ae4172c2d2edf776b223655a528f67b
1745,No immediate action,sciencedaily.substack.com,https://sciencedaily.substack.com,Likely India jurisdiction,Included because India was inferred from currency text Rs..,Not found on reviewed page,evidence_snapshots/01745_sciencedaily.substack.com_7a182f7c6c.html,7a182f7c6c805231d8b8af182bcd0783f0e895d2e1b7d7020a91f2bff4433c79
1746,No immediate action,www.sciencedaily.com,https://www.sciencedaily.com/terms/american_alligator.htm,Likely India jurisdiction,Included because India was inferred from currency text Rs..,Not found on reviewed page,evidence_snapshots/01746_www.sciencedaily.com_8245aab001.html,8245aab00105d429039e8afc0f989d76e2833542e824dd9120c4b6c85142f642
1750,No immediate action,www.sciencedaily.com,https://www.sciencedaily.com/terms/robot.htm,Likely India jurisdiction,Included because India was inferred from currency text Rs..,Not found on reviewed page,evidence_snapshots/01750_www.sciencedaily.com_12535c7a57.html,12535c7a57f58a06cacc33dd9a3fbae2895a26d80f5aeada9abfbdc944e7ec16
1751,No immediate action,www.sciencedaily.com,https://www.sciencedaily.com/terms/quantum_computer.htm,Likely India jurisdiction,Included because India was inferred from currency text Rs..,Not found on reviewed page,evidence_snapshots/01751_www.sciencedaily.com_397174b074.html,397174b074f19460a38d737d5dd6c001e5d0418bde49f3984a54aa182f9770e7
1754,No immediate action,www.sciencedaily.com,https://www.sciencedaily.com/terms.htm,Likely India jurisdiction,Included because India was inferred from currency text Rs..,Not found on reviewed page,evidence_snapshots/01754_www.sciencedaily.com_b8b62f0b6e.html,b8b62f0b6e02a9043c9c1e777c711fc0f77eaceb67cfbe094c795113e40063f1
1755,No immediate action,www.sciencedaily.com,https://www.sciencedaily.com/newsfeeds.htm,Likely India jurisdiction,Included because India was inferred from currency text Rs..,Not found on reviewed page,evidence_snapshots/01755_www.sciencedaily.com_25357e0437.html,25357e04377342710e1f45ba248d454a8a4cb8c0869449eea49e0001317541e8
1756,No immediate action,www.sciencedaily.com,https://www.sciencedaily.com/releases/2024/07/240701131725.htm,Likely India jurisdiction,Included because India was inferred from currency text Rs..,Not found on reviewed page,evidence_snapshots/01756_www.sciencedaily.com_73fb8be4b5.html,73fb8be4b5a0762ef4dff4bb316b441489e725781e15d5c2572b3ea4816d5214
1757,No immediate action,www.sciencedaily.com,https://www.sciencedaily.com/releases/2025/03/250306123257.htm,Likely India jurisdiction,Included because India was inferred from currency text Rs..,Not found on reviewed page,evidence_snapshots/01757_www.sciencedaily.com_3599b26941.html,3599b269411e2a090d68f2f80ffc3c9b8f053e478e8fafa30d946cac33b8214a
1759,No immediate action,www.sciencedaily.com,https://www.sciencedaily.com/news/matter_energy/weapons_technology/,Likely India jurisdiction,Included because India was inferred from currency text Rs..,Not found on reviewed page,evidence_snapshots/01759_www.sciencedaily.com_b727486380.html,b7274863800849b9ccf5c36fa1b0c79f88bb20bc183f336e766423f8557ff0de
1761,No immediate action,www.sciencedaily.com,https://www.sciencedaily.com/news/matter_energy/nanotechnology/,Likely India jurisdiction,Included because India was inferred from search market en-IN.,Not found on reviewed page,evidence_snapshots/01761_www.sciencedaily.com_fd228072e5.html,fd228072e5deeb615163cb66b6fd45a4cb6c4d7df81a876a43abfd9809fb370f
1768,No immediate action,api.semanticscholar.org,https://api.semanticscholar.org/CorpusID:16551874,Hosted in India only,Included because the resolved IP geolocated to India (ip-api.com host geolocation); confirm business relevance manually.,Not found on reviewed page,evidence_snapshots/01768_www.semanticscholar.org_2892c65b2e.html,2892c65b2e14df45443b4df665494a40a32caf4a526da7251d5346c25447fe13
1770,No immediate action,www.repository.cam.ac.uk,https://www.repository.cam.ac.uk/handle/1810/253726,Likely India jurisdiction,Included because India was inferred from currency text Rs..,Not found on reviewed page,evidence_snapshots/01770_www.repository.cam.ac.uk_c2d3e78f54.html,c2d3e78f548d544fdd40a3cdaa88b64fe544f12259b423433fb770ab5d2e8fce
1776,No immediate action,www.wikiwand.com,https://www.wikiwand.com/en/Improvised_weapon,Likely India jurisdiction,Included because India was inferred from currency text Rs..,Not found on reviewed page,evidence_snapshots/01776_www.wikiwand.com_28d47cde2c.html,28d47cde2cd48b888d9e1cb60c1844c27d4b978dabe60268a27df2a68c8c14e6
1777,No immediate action,www.wikiwand.com,https://www.wikiwand.com/en/Club_(weapon),Likely India jurisdiction,Included because India was inferred from currency text Rs..,Not found on reviewed page,evidence_snapshots/01777_www.wikiwand.com_c5a96c3da8.html,c5a96c3da8543a25d3cdefd3d6b06876025aedbf04d7ec27a2992359de9ac872
1778,Reference/news - lower priority,www.wikiwand.com,https://www.wikiwand.com/en/Firearm,Likely India jurisdiction,Included because India was inferred from currency text Rs..,Not found on reviewed page,evidence_snapshots/01778_www.wikiwand.com_977a69898b.html,977a69898bffd2ceb669da0f834760e3b2b5be704aa7c83c7ee41b2e9409916e
1779,No immediate action,www.wikiwand.com,https://www.wikiwand.com/en/Biological_warfare,Likely India jurisdiction,Included because India was inferred from currency text Rs..,Not found on reviewed page,evidence_snapshots/01779_www.wikiwand.com_e10fe78add.html,e10fe78add40022c7a38e434d052c1f2c885abb850ae52608f60ab310a6629a8
1780,No immediate action,www.wikiwand.com,https://www.wikiwand.com/en/Laser_weapon,Likely India jurisdiction,Included because India was inferred from currency text Rs..,Not found on reviewed page,evidence_snapshots/01780_www.wikiwand.com_e4a7756e69.html,e4a7756e69662d21e414cdf0121924ca235abd89b8ca0da8f146ea37f54d294f
1781,No immediate action,www.wikiwand.com,https://www.wikiwand.com/en/History_of_weapons,Likely India jurisdiction,Included because India was inferred from currency text Rs..,Not found on reviewed page,evidence_snapshots/01781_www.wikiwand.com_6a60a35233.html,6a60a35233367efe6ae8eda2169148c0806be070800fa262bb50ea8f45542c2d
1782,No immediate action,www.wikiwand.com,https://www.wikiwand.com/en/Ballista,Likely India jurisdiction,Included because India was inferred from currency text Rs..,Not found on reviewed page,evidence_snapshots/01782_www.wikiwand.com_4fc8e594d6.html,4fc8e594d6f2703e8c9277ed09dcbd51c05d350f6b7d467f7b422ede043ab721
1784,No immediate action,www.wikiwand.com,https://www.wikiwand.com/en/Siege_weapon,Likely India jurisdiction,Included because India was inferred from currency text Rs..,Not found on reviewed page,evidence_snapshots/01784_www.wikiwand.com_11f350e183.html,11f350e1838f471947fbb023ffe868498bcddae72ca9753c466e68bc02e1108d
1785,No immediate action,www.wikiwand.com,https://www.wikiwand.com/en/Bow_(weapon),Likely India jurisdiction,Included because India was inferred from currency text Rs..,Not found on reviewed page,evidence_snapshots/01785_www.wikiwand.com_ae5808b2e4.html,ae5808b2e477f9354b9cfa9758f79ed94afaa7d046e46fd19dd8b40e46160f17
1798,No immediate action,www.paganfirearms.com.au,https://www.paganfirearms.com.au/frequently-asked-questions/,Likely India jurisdiction,Included because India was inferred from currency text Rs..,Not found on reviewed page,evidence_snapshots/01798_www.paganfirearms.com.au_643a613dac.html,643a613dac2ea212cddf6148b2735987c032c5f396fcf8a740776a8d71d50749
1799,No immediate action,www.paganfirearms.com.au,https://www.paganfirearms.com.au/faq.php,Likely India jurisdiction,Included because India was inferred from currency text Rs..,Not found on reviewed page,evidence_snapshots/01799_www.paganfirearms.com.au_c6b15e2e9d.html,c6b15e2e9d24e8eba2ef08c81b81770ab225269f5ac6e46f39b3e76541428e35
1802,No immediate action,www.paganfirearms.com.au,https://www.paganfirearms.com.au/privacypolicy.php,Likely India jurisdiction,Included because India was inferred from currency text Rs..,Not found on reviewed page,evidence_snapshots/01802_www.paganfirearms.com.au_39318f1655.html,39318f16553fd64d913a1613e5b18e9e2e1034a5b91c1a9dd0644c86ff7549b0
1804,No immediate action,www.paganfirearms.com.au,https://www.paganfirearms.com.au/index.php,Likely India jurisdiction,Included because India was inferred from currency text Rs..,Not found on reviewed page,evidence_snapshots/01804_www.paganfirearms.com.au_e5605b9436.html,e5605b9436c1ac043d5da2ce77db017340a2d3db68358d2b879d8bc604dba146
1809,No immediate action,pgportal.gov.in,https://pgportal.gov.in/,Likely India jurisdiction + hosted in India,Included because India was inferred from country mention: india; resolved IP also geolocated to India.,Not found on reviewed page,evidence_snapshots/01809_pgportal.gov.in_5c70af396f.html,5c70af396fab7b13c75f6a49e42c4e982c503bca35e8dbe09912f92b1607eabf
1810,No immediate action,cbpssubscriber.mygov.in,https://cbpssubscriber.mygov.in/aff/9dlO5d9OlWeVIZCG,Likely India jurisdiction,Included because India was inferred from page metadata: IN.,Not found on reviewed page,evidence_snapshots/01810_harghartiranga.com_41255a2996.html,41255a2996aeadf7319bf874a8a0c70baa1a7ab587a6a35b0ee3d4ab8156a062
1811,No immediate action,pib.gov.in,https://pib.gov.in/,Likely India jurisdiction + hosted in India,Included because India was inferred from country-code domain .in; resolved IP also geolocated to India.,Not found on reviewed page,evidence_snapshots/01811_www.pib.gov.in_146132fb46.html,146132fb46a957b22cf82d7d4c6449934cb86ee9e9fe60d48f3bfc1f18e7caae
1812,Reference/news - lower priority,www.britannica.com,https://www.britannica.com/technology/explosive,Likely India jurisdiction,Included because India was inferred from search market en-IN.,Not found on reviewed page,evidence_snapshots/01812_www.britannica.com_02a96b785b.html,02a96b785b0f64a025798fbe45272094ab601ee2e73f9fabffbb7c91be46cb44
1813,No immediate action,peso.gov.in,https://peso.gov.in/web/en/home,Likely India jurisdiction + hosted in India,Included because India was inferred from currency text Rs.; resolved IP also geolocated to India.,Not found on reviewed page,evidence_snapshots/01813_peso.gov.in_613aa3f691.html,613aa3f691f381a05dce263f905a48ac9aaeccc58849ce1b9557a5b6e6a5bcb4
1814,No immediate action,peso.gov.in,https://peso.gov.in/web/en/explosive-rules-2008,Likely India jurisdiction + hosted in India,Included because India was inferred from currency text Rs.; resolved IP also geolocated to India.,Not found on reviewed page,evidence_snapshots/01814_peso.gov.in_73fd95ac6c.html,73fd95ac6cbb3227bdcee30c2c34d027a19bd4fe40135a7c8dd97bb4d08355fe
1815,No immediate action,www.merriam-webster.com,https://www.merriam-webster.com/dictionary/explosive,Likely India jurisdiction,Included because India was inferred from currency text Rs..,Not found on reviewed page,evidence_snapshots/01815_www.merriam-webster.com_9afa5a353a.html,9afa5a353a50f2ebfb73ac64dc1060410356b41856a17cb856fc192262226eec
1816,Reference/news - lower priority,www.wikiwand.com,https://www.wikiwand.com/en/Explosive,Likely India jurisdiction,Included because India was inferred from currency text Rs..,Not found on reviewed page,evidence_snapshots/01816_www.wikiwand.com_9c887bb6ae.html,9c887bb6aeb055256595ae539d707ff363038b7a5741deca631f1c72acdc66a2
1819,No immediate action,www.britannica.com,https://www.britannica.com/technology/blasting,Likely India jurisdiction,Included because India was inferred from search market en-IN.,Not found on reviewed page,evidence_snapshots/01819_www.britannica.com_1e417c1837.html,1e417c18377b7a1069aba498762833adf4fe2fa57adc9d4e331e676238632cd6
1820,Manual AmEx evidence review,www.orica.com,https://www.orica.com/blasting-solutions,Likely India jurisdiction,Included because India was inferred from currency text Rs..,Possible - AmEx logo/token or mixed signal,evidence_snapshots/01820_www.orica.com_7ead296a70.html,7ead296a70348f083f74681a69dcf28cea6d3829ebca356bcfdee261bbcc5d3e
1822,No immediate action,www.qld.gov.au,https://www.qld.gov.au/emergency/safety/explosives-fireworks/fireworks,Hosted in India only,Included because the resolved IP geolocated to India (ip-api.com host geolocation); confirm business relevance manually.,Not found on reviewed page,evidence_snapshots/01822_www.qld.gov.au_129b4ce068.html,129b4ce0684fb40b9e33a2268b149af2e0507c99c49a91bfc848f1435092ec81
1823,No immediate action,india.gov.in,https://india.gov.in/hi,Likely India jurisdiction + hosted in India,Included because India was inferred from currency symbol INR; resolved IP also geolocated to India.,Not found on reviewed page,evidence_snapshots/01823_xn--i1bj3fqcyde.xn--11b7cb3a6a.xn--h2brj_2dcee7dd94.html,2dcee7dd94a6a4d13b0aea7b60e85e29727522867dc850e09185b3b121943198
1825,No immediate action,www.nsws.gov.in,https://www.nsws.gov.in/,Likely India jurisdiction + hosted in India,Included because India was inferred from currency text Rs.; resolved IP also geolocated to India.,Not found on reviewed page,evidence_snapshots/01825_www.nsws.gov.in_6a370943fd.html,6a370943fdaa2c669e2e89d30e27cb1629fe769a57217173c88a858605bbb2a3
1826,No immediate action,pgportal.gov.in,http://pgportal.gov.in/,Likely India jurisdiction + hosted in India,Included because India was inferred from country mention: india; resolved IP also geolocated to India.,Not found on reviewed page,evidence_snapshots/01826_pgportal.gov.in_f170e5e436.html,f170e5e436d65899d105e2a73970ac62fe2c94eac2432d44eda91ad4ed7970ed
1827,No immediate action,www.makeinindia.com,http://www.makeinindia.com/,Likely India jurisdiction + hosted in India,Included because India was inferred from currency code INR; resolved IP also geolocated to India.,Not found on reviewed page,evidence_snapshots/01827_www.makeinindia.com_12d2f32b9f.html,12d2f32b9f689b0a0f1b488657fde81f562922324e6c831c78df3c00169e6ba7
1828,No immediate action,commerce.gov.in,https://commerce.gov.in/,Likely India jurisdiction + hosted in India,Included because India was inferred from country mention: india; resolved IP also geolocated to India.,Not found on reviewed page,evidence_snapshots/01828_www.commerce.gov.in_922cb7c12a.html,922cb7c12a264f67d9b6b33e284ca5b901a4c04bccf4d8ff87055eb69d325f78
1831,No immediate action,www.wes.co.in,https://www.wes.co.in,Likely India jurisdiction,Included because India was inferred from page metadata: IN.,Not found on reviewed page,evidence_snapshots/01831_www.wes.co.in_2b2620504c.html,2b2620504c1d21692fad02e788284ad2d0cbd02e2e35a1875bfc2de5d555e468
1832,No immediate action,online.peso.gov.in,https://online.peso.gov.in/pesolmo/account/login,Likely India jurisdiction + hosted in India,Included because India was inferred from currency text Rs.; resolved IP also geolocated to India.,Not found on reviewed page,evidence_snapshots/01832_online.peso.gov.in_2867108dad.html,2867108dadd0179c4ff63895361dc499f55fff3c4d51dd312560683c85496d98
1833,No immediate action,peso.gov.in,https://peso.gov.in/web/en/updates/help-file-bharat-kosh-payment-applicants,Likely India jurisdiction + hosted in India,Included because India was inferred from currency text Rs.; resolved IP also geolocated to India.,Not found on reviewed page,evidence_snapshots/01833_peso.gov.in_e68e6122f8.html,e68e6122f805d1c58ca9f68c713d115e4d124a3932722fb1286350a5877aea34
1834,No immediate action,peso.gov.in,https://peso.gov.in/web/en/faqs-explosives-rules-2008-ammonium-nitrate-rules-2012,Likely India jurisdiction + hosted in India,Included because India was inferred from currency text Rs.; resolved IP also geolocated to India.,Not found on reviewed page,evidence_snapshots/01834_peso.gov.in_d95edef2c8.html,d95edef2c89ceb3ce23208ad37270a05ed0839d6e315c58310223ca6c7e27784
1835,No immediate action,peso.gov.in,https://peso.gov.in/web/en/faqs-petroleum-rules-2002,Likely India jurisdiction + hosted in India,Included because India was inferred from currency text Rs.; resolved IP also geolocated to India.,Not found on reviewed page,evidence_snapshots/01835_peso.gov.in_fc1f12487f.html,fc1f12487f220fdc4e23be140c58a73268e95a79c7cad08c116bdb0c44de40f5
1836,No immediate action,peso.gov.in,https://peso.gov.in/web/en/faqs-smpvu-rules-2016,Likely India jurisdiction + hosted in India,Included because India was inferred from currency text Rs.; resolved IP also geolocated to India.,Not found on reviewed page,evidence_snapshots/01836_peso.gov.in_0b76042e1a.html,0b76042e1a883a29b9a997489101d535ec05881c4258499df7219d46cb79b61f
1837,No immediate action,peso.gov.in,https://peso.gov.in/web/en/faqs-gas-cylinders-rules-2016,Likely India jurisdiction + hosted in India,Included because India was inferred from currency text Rs.; resolved IP also geolocated to India.,Not found on reviewed page,evidence_snapshots/01837_peso.gov.in_d1efbffcba.html,d1efbffcba8a95c6223087b7fe64dd555f09795b76423b776333630a0a5377ef
1838,No immediate action,peso.gov.in,https://peso.gov.in/web/en/help-guideline,Likely India jurisdiction + hosted in India,Included because India was inferred from currency text Rs.; resolved IP also geolocated to India.,Not found on reviewed page,evidence_snapshots/01838_peso.gov.in_ca468a5fba.html,ca468a5fbab2561602dcfb0f9a210acd3e7fb471b4525920fa9fd1c73953efb7
1839,No immediate action,peso.gov.in,https://peso.gov.in/web/en/recognized-list-tpia-under-gcr-rules-2016,Likely India jurisdiction + hosted in India,Included because India was inferred from currency text Rs.; resolved IP also geolocated to India.,Not found on reviewed page,evidence_snapshots/01839_peso.gov.in_0b22b50e23.html,0b22b50e23e0cf9e4a25dd4ce270c9e9cb58523a5cf7f5e9d57721c0c5db2c93
1840,No immediate action,online.peso.gov.in,https://online.peso.gov.in/PublicDomain/,Hosted in India only,Included because the resolved IP geolocated to India (ip-api.com host geolocation); confirm business relevance manually.,Not found on reviewed page,evidence_snapshots/01840_online.peso.gov.in_6fcb58c051.html,6fcb58c05147e766ed7565863b1b9305667f2443227d15d31bef2a39088aec27
1841,No immediate action,peso.gov.in,https://peso.gov.in/web/en/recognized-list-tpia-under-smpv-u-rules-2016,Likely India jurisdiction + hosted in India,Included because India was inferred from currency text Rs.; resolved IP also geolocated to India.,Not found on reviewed page,evidence_snapshots/01841_peso.gov.in_7102b75067.html,7102b750678c3849cbb17ab30878966488b665aa93ad006a272df4fb3a5f5b35
1842,No immediate action,peso.gov.in,https://peso.gov.in/web/en/explosive-manufacturer-1,Likely India jurisdiction + hosted in India,Included because India was inferred from currency text Rs.; resolved IP also geolocated to India.,Not found on reviewed page,evidence_snapshots/01842_peso.gov.in_cccdb8d553.html,cccdb8d5537f6e5dcee05dd4be7eed7e7414576890e9b4874331ae45e2bbba06
1843,No immediate action,peso.gov.in,https://peso.gov.in/web/en/authorized-explosives-manufacturers-wise,Likely India jurisdiction + hosted in India,Included because India was inferred from currency text Rs.; resolved IP also geolocated to India.,Not found on reviewed page,evidence_snapshots/01843_peso.gov.in_2f009b17c7.html,2f009b17c7ccf7cc5d1e884011f726bb00643a5c2b2153f205be927f0793f416
1844,No immediate action,peso.gov.in,https://peso.gov.in/web/en/authorized-explosives-general-items,Likely India jurisdiction + hosted in India,Included because India was inferred from currency text Rs.; resolved IP also geolocated to India.,Not found on reviewed page,evidence_snapshots/01844_peso.gov.in_c0d49e6be9.html,c0d49e6be9244be3977a45c936bae09dff3e72317eb541179827560420c4220b
1845,No immediate action,peso.gov.in,https://peso.gov.in/web/en/list-cfb-box-manufacturers,Likely India jurisdiction + hosted in India,Included because India was inferred from currency text Rs.; resolved IP also geolocated to India.,Not found on reviewed page,evidence_snapshots/01845_peso.gov.in_a1796d7975.html,a1796d797520138d861ec82b77b6da804d073a430143cbf89c9c251067c9050c
1846,No immediate action,peso.gov.in,https://peso.gov.in/web/en/explosives-act-1884,Likely India jurisdiction + hosted in India,Included because India was inferred from currency text Rs.; resolved IP also geolocated to India.,Not found on reviewed page,evidence_snapshots/01846_peso.gov.in_ed1ab6a906.html,ed1ab6a9062e5823d868502eb945c1f6140dc8dad844a56026af9a851d688255
1847,No immediate action,peso.gov.in,https://peso.gov.in/web/en/explosives-amendment-rules-2018,Likely India jurisdiction + hosted in India,Included because India was inferred from currency text Rs.; resolved IP also geolocated to India.,Not found on reviewed page,evidence_snapshots/01847_peso.gov.in_0f834b3377.html,0f834b337726c1cc9d7d84c52b5a244062fa1120aab35654aa9b6b011013cee7
1848,No immediate action,peso.gov.in,https://peso.gov.in/web/en/explosives-rules-2008-amendment,Likely India jurisdiction + hosted in India,Included because India was inferred from currency text Rs.; resolved IP also geolocated to India.,Not found on reviewed page,evidence_snapshots/01848_peso.gov.in_46553072f9.html,46553072f97a098b9982127be82c95f61c9b696ffa9fe31b2b2689e6bd72a8db
1851,No immediate action,www.nytimes.com,https://www.nytimes.com/athletic/7507237/2026/08/11/bears-qb-caleb-williams-growth-training-camp/,Hosted in India only,Included because the resolved IP geolocated to India (ip-api.com host geolocation); confirm business relevance manually.,Not found on reviewed page,evidence_snapshots/01851_www.nytimes.com_7e72863aa8.html,7e72863aa841da229b57286818bf2dadef5a8a607ae7f07137d84cecf80b2bb1
1852,No immediate action,abcnews.com,https://abcnews.com/International/wireStory/romania-begins-shutdown-nuclear-plants-2nd-reactor-amid-135604695,Hosted in India only,Included because the resolved IP geolocated to India (ip-api.com host geolocation); confirm business relevance manually.,Not found on reviewed page,evidence_snapshots/01852_abcnews.com_020c9d2134.html,020c9d213472d55eecc01a27d5aaaa8882eab7e233229bd53f0d58e185f334aa
1853,No immediate action,www.nbcnews.com,https://www.nbcnews.com/world/europe/german-police-probe-suspected-explosive-device-rail-tracks-rcna592289,Hosted in India only,Included because the resolved IP geolocated to India (ip-api.com host geolocation); confirm business relevance manually.,Not found on reviewed page,evidence_snapshots/01853_www.nbcnews.com_e5116d0bd1.html,e5116d0bd1110ec015deaa1b4fb90b852b0c06042dd417ce867ef8790492fba2
1854,No immediate action,www.nglish.com,http://www.nglish.com/spanish/explosive,Likely India jurisdiction + hosted in India,Included because India was inferred from currency text Rs.; resolved IP also geolocated to India.,Not found on reviewed page,evidence_snapshots/01854_www.nglish.com_80bff6f977.html,80bff6f977057c37f67c23d57aab577d66ebfaaebab3e61a6aebb71bf47b8709
1855,Reference/news - lower priority,www.britannica.com,https://www.britannica.com/EBchecked/topic/198577/explosive,Likely India jurisdiction,Included because India was inferred from search market en-IN.,Not found on reviewed page,evidence_snapshots/01855_www.britannica.com_d0d60348a4.html,d0d60348a468ecf3e18fc71b494a46ad8b31ab258ee5e22476fd26888267279d
1856,No immediate action,www.merriam-webster.com,https://www.merriam-webster.com/settings,Likely India jurisdiction,Included because India was inferred from search market en-IN.,Not found on reviewed page,evidence_snapshots/01856_www.merriam-webster.com_1a832b963d.html,1a832b963d037304d854077449d25752652ac24217e31878fafaa16424543baf
1864,No immediate action,www.merriam-webster.com,https://www.merriam-webster.com/dictionary/high%20explosive,Likely India jurisdiction,Included because India was inferred from currency text Rs..,Not found on reviewed page,evidence_snapshots/01864_www.merriam-webster.com_cf936662a1.html,cf936662a1318438e17e7981b9afb83e2ea190ad67023029c81447684a4564b6
1865,No immediate action,www.merriam-webster.com,https://www.merriam-webster.com/dictionary/plastic%20explosive,Likely India jurisdiction,Included because India was inferred from currency text Rs..,Not found on reviewed page,evidence_snapshots/01865_www.merriam-webster.com_73fc56b608.html,73fc56b608ace88a914be542a16dbc75937fad67e5bfbb99bd7644111a706934
1866,No immediate action,www.merriam-webster.com,https://www.merriam-webster.com/rhymes/perfect/explosive,Likely India jurisdiction,Included because India was inferred from search market en-IN.,Not found on reviewed page,evidence_snapshots/01866_www.merriam-webster.com_29842af5d5.html,29842af5d54e47c2cfdc73ba2999da35bbfaea06b480c38d5c49c1c39d857faf
1867,No immediate action,www.merriam-webster.com,https://www.merriam-webster.com/dictionary/explosive%20evolution,Likely India jurisdiction,Included because India was inferred from currency text Rs..,Not found on reviewed page,evidence_snapshots/01867_www.merriam-webster.com_09dbb75a0a.html,09dbb75a0a61b6059a092f7eb1057996223ea05c007ffd5a7af26407fc66a7f3
1869,No immediate action,www.merriam-webster.com,https://www.merriam-webster.com/dictionary/adjacent,Likely India jurisdiction,Included because India was inferred from currency text Rs..,Not found on reviewed page,evidence_snapshots/01869_www.merriam-webster.com_9e343efe4e.html,9e343efe4e9a75794a25bacdc0d53427938d9363d2f5c6e90da0d6326c2fbce3
1874,No immediate action,www.britannica.com,https://www.britannica.com/question,Likely India jurisdiction,Included because India was inferred from search market en-IN.,Not found on reviewed page,evidence_snapshots/01874_www.britannica.com_3aedf1c808.html,3aedf1c8089f1dcd3facff2e3451fba125d3f0aaf7874ec25a3ba68a1871d0e6
1876,No immediate action,www.britannica.com,https://www.britannica.com/facts/blasting,Likely India jurisdiction,Included because India was inferred from currency text Rs..,Not found on reviewed page,evidence_snapshots/01876_www.britannica.com_3a2f09ccb9.html,3a2f09ccb9131ca4f2905600800226549b8eef19203de329d5c131bb6147cb0a
1877,No immediate action,www.britannica.com,https://www.britannica.com/technology/explosive-charge,Likely India jurisdiction,Included because India was inferred from search market en-IN.,Not found on reviewed page,evidence_snapshots/01877_www.britannica.com_d190c65fa0.html,d190c65fa0eccacfefb34b3936f92b495eb0a33747d8a8299b7978eb3bc04431
1878,Reference/news - lower priority,www.britannica.com,https://www.britannica.com/technology/blasting-cap,Likely India jurisdiction,Included because India was inferred from search market en-IN.,Not found on reviewed page,evidence_snapshots/01878_www.britannica.com_7cb8c8cc6a.html,7cb8c8cc6a2df1f8dfb7b3b4b1d0a36bc432a32e0c4c818defd1297c6ce63308
1880,No immediate action,www.orica.com,https://www.orica.com/blasting-solutions/seismic-explosives,Likely India jurisdiction,Included because India was inferred from currency text Rs..,Not found on reviewed page,evidence_snapshots/01880_www.orica.com_3e9d397e61.html,3e9d397e61afa5c6c7ab6c5d3432612ef3bd45e263dcb7030a4d24b24a3e7db2
1881,Manual AmEx evidence review,www.orica.com,https://www.orica.com/blasting-solutions/packaged-explosives,Likely India jurisdiction,Included because India was inferred from currency text Rs..,Possible - AmEx logo/token or mixed signal,evidence_snapshots/01881_www.orica.com_ec40f461b4.html,ec40f461b4e2db0580e4036ac295d2a667b2a1f6cf9316020559e3af0234a760
1885,No immediate action,www.orica.com,https://www.orica.com/en/resource-hub/news/2025/blasting-systems-to-beat-trending-challenges,Likely India jurisdiction,Included because India was inferred from currency text Rs..,Not found on reviewed page,evidence_snapshots/01885_www.orica.com_fece5f66d5.html,fece5f66d5c93f249d7316683b354a9176390597720966486eff856edccd4ea7
1889,No immediate action,pgportal.gov.in,https://pgportal.gov.in/,Likely India jurisdiction + hosted in India,Included because India was inferred from country mention: india; resolved IP also geolocated to India.,Not found on reviewed page,evidence_snapshots/01889_pgportal.gov.in_63d5697828.html,63d56978288bb92a36c9f01340443d40a45f8e9e2d3453479a08f57f68a99586
1890,No immediate action,cbpssubscriber.mygov.in,https://cbpssubscriber.mygov.in/aff/9dlO5d9OlWeVIZCG,Likely India jurisdiction,Included because India was inferred from page metadata: IN.,Not found on reviewed page,evidence_snapshots/01890_harghartiranga.com_41255a2996.html,41255a2996aeadf7319bf874a8a0c70baa1a7ab587a6a35b0ee3d4ab8156a062
1891,No immediate action,pib.gov.in,https://pib.gov.in/,Likely India jurisdiction + hosted in India,Included because India was inferred from country-code domain .in; resolved IP also geolocated to India.,Not found on reviewed page,evidence_snapshots/01891_www.pib.gov.in_354623124c.html,354623124c7cc947f55144eeb4070838fab484677a26bf70ad32bbef5dce8a8e
1893,No immediate action,www.newsonair.gov.in,https://www.newsonair.gov.in/,Hosted in India only,Included because the resolved IP geolocated to India (ip-api.com host geolocation); confirm business relevance manually.,Not found on reviewed page,evidence_snapshots/01893_newsonair.gov.in_bd4356886e.html,bd4356886e35e7609253ef7386114978e0e9f95732810100d0e7733eede6e4da
1894,No immediate action,xn--i1bj3fqcyde.xn--11b7cb3a6a.xn--h2brj9c,https://xn--i1bj3fqcyde.xn--11b7cb3a6a.xn--h2brj9c/help,Likely India jurisdiction + hosted in India,Included because India was inferred from country mention: india; resolved IP also geolocated to India.,Not found on reviewed page,evidence_snapshots/01894_xn--i1bj3fqcyde.xn--11b7cb3a6a.xn--h2brj_8a2d496abe.html,8a2d496abe36f05d2bb4f8a88bdd608ad4acf7aa87305cd3f114622d397edd8b
1895,No immediate action,xn--i1bj3fqcyde.xn--11b7cb3a6a.xn--h2brj9c,https://xn--i1bj3fqcyde.xn--11b7cb3a6a.xn--h2brj9c/services/details/bhavishya-pension-sanction-and-payment-tracking-system,Likely India jurisdiction + hosted in India,Included because India was inferred from country mention: india; resolved IP also geolocated to India.,Not found on reviewed page,evidence_snapshots/01895_xn--i1bj3fqcyde.xn--11b7cb3a6a.xn--h2brj_4d3cbb78c3.html,4d3cbb78c3064392230131215ed1c0b34e63ce3232148e366535abe721024e43
1896,No immediate action,xn--i1bj3fqcyde.xn--11b7cb3a6a.xn--h2brj9c,https://xn--i1bj3fqcyde.xn--11b7cb3a6a.xn--h2brj9c/directory/helpline,Likely India jurisdiction + hosted in India,Included because India was inferred from currency text Rs.; resolved IP also geolocated to India.,Not found on reviewed page,evidence_snapshots/01896_xn--i1bj3fqcyde.xn--11b7cb3a6a.xn--h2brj_dad958f7f4.html,dad958f7f40095b44694ca6efd657710e4b6a729f032347448bc560bc6c67444
1897,No immediate action,xn--i1bj3fqcyde.xn--11b7cb3a6a.xn--h2brj9c,https://xn--i1bj3fqcyde.xn--11b7cb3a6a.xn--h2brj9c/news/news-on-air,Likely India jurisdiction + hosted in India,Included because India was inferred from country mention: india; resolved IP also geolocated to India.,Not found on reviewed page,evidence_snapshots/01897_xn--i1bj3fqcyde.xn--11b7cb3a6a.xn--h2brj_0c82c9fee3.html,0c82c9fee3a3cdf5f88034062eb21409e762af55c40b81b7d4e3bd8ccacbe213
1898,No immediate action,xn--i1bj3fqcyde.xn--11b7cb3a6a.xn--h2brj9c,https://xn--i1bj3fqcyde.xn--11b7cb3a6a.xn--h2brj9c/directory/whos-who,Likely India jurisdiction + hosted in India,Included because India was inferred from currency text Rs.; resolved IP also geolocated to India.,Not found on reviewed page,evidence_snapshots/01898_xn--i1bj3fqcyde.xn--11b7cb3a6a.xn--h2brj_7d0da0397d.html,7d0da0397d7898f6d56189ecd6b8e40e63c5095daa40e89c2aadbb3e65c42f45
1899,No immediate action,xn--i1bj3fqcyde.xn--11b7cb3a6a.xn--h2brj9c,https://xn--i1bj3fqcyde.xn--11b7cb3a6a.xn--h2brj9c/directory/contact-directory,Likely India jurisdiction + hosted in India,Included because India was inferred from currency text Rs.; resolved IP also geolocated to India.,Not found on reviewed page,evidence_snapshots/01899_xn--i1bj3fqcyde.xn--11b7cb3a6a.xn--h2brj_5c06200cbd.html,5c06200cbdbe0d069d21238fb0073a4afef87a9afcd3b7675d37449a454c8d00
1900,No immediate action,xn--i1bj3fqcyde.xn--11b7cb3a6a.xn--h2brj9c,https://xn--i1bj3fqcyde.xn--11b7cb3a6a.xn--h2brj9c/directory/web-directory,Likely India jurisdiction + hosted in India,Included because India was inferred from currency text Rs.; resolved IP also geolocated to India.,Not found on reviewed page,evidence_snapshots/01900_xn--i1bj3fqcyde.xn--11b7cb3a6a.xn--h2brj_8aa01276b7.html,8aa01276b7088e293c5ce7f7a90a4e6422f3f989da0a45687619715f128eaefa
1901,No immediate action,xn--i1bj3fqcyde.xn--11b7cb3a6a.xn--h2brj9c,https://xn--i1bj3fqcyde.xn--11b7cb3a6a.xn--h2brj9c/directory/public-utilities,Likely India jurisdiction + hosted in India,Included because India was inferred from currency text Rs.; resolved IP also geolocated to India.,Not found on reviewed page,evidence_snapshots/01901_xn--i1bj3fqcyde.xn--11b7cb3a6a.xn--h2brj_649b3e5503.html,649b3e55037380d4b20d5fe7ea5a2ade57cd8f2b3d1c90249fe6b3cd957ab540
1906,No immediate action,www.digitalindia.gov.in,https://www.digitalindia.gov.in/,Hosted in India only,Included because the resolved IP geolocated to India (ip-api.com host geolocation); confirm business relevance manually.,Not found on reviewed page,evidence_snapshots/01906_www.digitalindia.gov.in_6db8c1f5ff.html,6db8c1f5ffe274342a5f3e7714518673e9d83b027954a4d3c685501df1685ca8
1907,No immediate action,www.india.gov.in,https://www.india.gov.in/,Likely India jurisdiction + hosted in India,Included because India was inferred from currency symbol INR; resolved IP also geolocated to India.,Not found on reviewed page,evidence_snapshots/01907_www.india.gov.in_09280dd696.html,09280dd696b43290d51720638af49d5fbc224b7d8a4f46b931e2492f1c5685eb
1909,No immediate action,pgportal.gov.in,https://pgportal.gov.in/Home/Faq,Likely India jurisdiction + hosted in India,Included because India was inferred from currency text Rs.; resolved IP also geolocated to India.,Not found on reviewed page,evidence_snapshots/01909_pgportal.gov.in_8f488a23eb.html,8f488a23eb9f01b5e26f9626864c64a6aaec1657ed49b6f1aef25ff98d48bddf
1910,No immediate action,pgportal.gov.in,https://pgportal.gov.in/Home/Preview/RE9QVF9PTV9PblNlcnZpY2VNYXR0ZXJzKEVuZ2xpc2gpMzEtMDgtMjAxMy1Fc3R0LUEtSUlJLUVuZy5wZGY%3d,Hosted in India only,Included because the resolved IP geolocated to India (ip-api.com host geolocation); confirm business relevance manually.,Not found on reviewed page,evidence_snapshots/01910_pgportal.gov.in_b7511e1583.html,b7511e158359484e4686ee71c58d5917659368af48a10925ca2cef992ead98e4
1911,No immediate action,pgportal.gov.in,https://pgportal.gov.in/Home/Preview/U3RyZW5ndGhlbmluZ29mTWFjaGluZXJ5Zm9yUmVkcmVzc2Fsb2ZQdWJsaWNHcmlldmFuY2VDUEdSQU1TLnBkZg%3d%3d,Hosted in India only,Included because the resolved IP geolocated to India (ip-api.com host geolocation); confirm business relevance manually.,Not found on reviewed page,evidence_snapshots/01911_pgportal.gov.in_73ee75e089.html,73ee75e089d0941af48ce86b971ff9c00a929f6951753195589db81aaab83e33
1912,No immediate action,pgportal.gov.in,https://pgportal.gov.in/Home/Preview/Q29tcHJlaGVuc2l2ZUd1aWRlbGluZXNGb3JIYW5kbGluZ1RoZVB1YmxpY0dyaWV2YW5jZXMucGRm,Hosted in India only,Included because the resolved IP geolocated to India (ip-api.com host geolocation); confirm business relevance manually.,Not found on reviewed page,evidence_snapshots/01912_pgportal.gov.in_a6eb87d62a.html,a6eb87d62aa6ec72d2c6a72308bfae8299cc2cd4cf7dbe1c4e8d99e5130bc89d
1913,No immediate action,pgportal.gov.in,https://pgportal.gov.in/Signin,Likely India jurisdiction + hosted in India,Included because India was inferred from country-code domain .in; resolved IP also geolocated to India.,Not found on reviewed page,evidence_snapshots/01913_pgportal.gov.in_4d064863d0.html,4d064863d02fb97082de44db7649e777566c5bc120905a29a9d4ff23efb849a9
1914,No immediate action,www.investindia.gov.in,https://www.investindia.gov.in/contact-us,Likely India jurisdiction + hosted in India,Included because India was inferred from page metadata: India; resolved IP also geolocated to India.,Not found on reviewed page,evidence_snapshots/01914_www.investindia.gov.in_6508abec27.html,6508abec274ccfde1780b61578467be5fc808b38271690b3ee2cb764aab11fa6
1915,No immediate action,pib.gov.in,https://pib.gov.in/PressNoteDetails.aspx?NoteId=153203&ModuleId=3&reg=3&lang=1,Hosted in India only,Included because the resolved IP geolocated to India (ip-api.com host geolocation); confirm business relevance manually.,Not found on reviewed page,evidence_snapshots/01915_www.pib.gov.in_0e3e34bd58.html,0e3e34bd58b0a115176775d6d800160bfbbeeb676587a38559fd9ff514876185
1917,No immediate action,www.startupindia.gov.in,https://www.startupindia.gov.in/,Likely India jurisdiction + hosted in India,Included because India was inferred from country mention: india; resolved IP also geolocated to India.,Not found on reviewed page,evidence_snapshots/01917_www.startupindia.gov.in_be9d8d2102.html,be9d8d2102bd1903fd463318a468d9d67ed1c4b128447a6e85e007e500724a66
1918,No immediate action,ejalshakti.gov.in,https://ejalshakti.gov.in/JSA/JSA/Home.aspx,Likely India jurisdiction + hosted in India,Included because India was inferred from country-code domain .in; resolved IP also geolocated to India.,Not found on reviewed page,evidence_snapshots/01918_ejalshakti.gov.in_e6819a78fc.html,e6819a78fcb576b103b18b9dcc5b6a9cf737a87494a29b86178fc7f4ddd1e3e7
1919,No immediate action,skillindia.gov.in,https://skillindia.gov.in/,Likely India jurisdiction + hosted in India,Included because India was inferred from currency code INR; resolved IP also geolocated to India.,Not found on reviewed page,evidence_snapshots/01919_admin.skillindiadigital.gov.in_6d01525b33.html,6d01525b33350d9dc8bbd3b0d757c6a76e76406bf77af5198a0e96b2faaf8d43
1920,No immediate action,swachhbharatmission.gov.in,https://swachhbharatmission.gov.in/sbmcms/index.htm,Likely India jurisdiction + hosted in India,Included because India was inferred from currency text Rs.; resolved IP also geolocated to India.,Not found on reviewed page,evidence_snapshots/01920_swachhbharatmission.ddws.gov.in_577f18f08d.html,577f18f08d20b634ee63c380f4a329c0f88181d01688c618964a7555f977e501
1922,No immediate action,www.makeinindia.com,https://www.makeinindia.com:443/faqs,Likely India jurisdiction + hosted in India,Included because India was inferred from country mention: india; resolved IP also geolocated to India.,Not found on reviewed page,evidence_snapshots/01922_www.makeinindia.com_d81d3cdf8d.html,d81d3cdf8d50176678339b2376610c2b6b532e8da57d6f9c153cab4c294b8e2d
1923,No immediate action,www.makeinindia.com,https://www.makeinindia.com:443/terms-conditions,Likely India jurisdiction + hosted in India,Included because India was inferred from country mention: india; resolved IP also geolocated to India.,Not found on reviewed page,evidence_snapshots/01923_www.makeinindia.com_89dacc69ec.html,89dacc69ec17aced99f09130bfef37cf94e63d7349dd9e8db53aa45f77e5293e
1924,No immediate action,www.makeinindia.com,https://www.makeinindia.com:443/listicles,Likely India jurisdiction + hosted in India,Included because India was inferred from currency text Rs.; resolved IP also geolocated to India.,Not found on reviewed page,evidence_snapshots/01924_www.makeinindia.com_53bab7c984.html,53bab7c9840ae72842047c84d008b86a3b27b71d7978cde4db12a7a0f98d337b
1925,No immediate action,www.makeinindia.com,https://www.makeinindia.com:443/india-among-top-10-fdi-destinations-world,Likely India jurisdiction + hosted in India,Included because India was inferred from country mention: india; resolved IP also geolocated to India.,Not found on reviewed page,evidence_snapshots/01925_www.makeinindia.com_94658cd36b.html,94658cd36b13e293eadadbd48d94447bcca2f3b7440e903113adf2b6f3022f89
1926,No immediate action,www.makeinindia.com,https://www.makeinindia.com:443/top-7-mous-signed-indo-sweden,Hosted in India only,Included because the resolved IP geolocated to India (ip-api.com host geolocation); confirm business relevance manually.,Not found on reviewed page,evidence_snapshots/01926_www.makeinindia.com_377681ce93.html,377681ce9377b8a68050478ec9daf0b063fb0cdafbc2770733cbd751df8edd81
1927,No immediate action,wa.me,https://wa.me/919300309090?text=I,Hosted in India only,Included because the resolved IP geolocated to India (ip-api.com host geolocation); confirm business relevance manually.,Not found on reviewed page,evidence_snapshots/01927_api.whatsapp.com_3afd06e69f.html,3afd06e69f5eb98de3967654341ca38d7633194b7d3aa2a6493741060676ebff
1928,No immediate action,wes.co.in,https://wes.co.in/terms-and-condition,Likely India jurisdiction,Included because India was inferred from currency text Rs..,Not found on reviewed page,evidence_snapshots/01928_wes.co.in_4adcb06412.html,4adcb064125b494fa2db11f6b46e3fb6acd424af45d3f8b1368d18ffa734c6ed
1931,No immediate action,www.wes.co.in,https://www.wes.co.in/blog/how-crm-shaping-msme-business,Likely India jurisdiction,Included because India was inferred from currency text Rs..,Not found on reviewed page,evidence_snapshots/01931_www.wes.co.in_6f6e537660.html,6f6e53766030daa55cde5741b1228019d3af82c3bfc2ec7bdf33a93785116e4a
1932,No immediate action,www.wes.co.in,https://www.wes.co.in/blog/real-estate-crm-builders-brokers-and-agencies,Likely India jurisdiction,Included because India was inferred from currency text Rs..,Not found on reviewed page,evidence_snapshots/01932_www.wes.co.in_64290db110.html,64290db11023ebfaa1ae9888314cee98ce42ae78f7726741da9d9d395fb9034b
1933,No immediate action,www.wes.co.in,https://www.wes.co.in/blogs,Likely India jurisdiction,Included because India was inferred from currency text Rs..,Not found on reviewed page,evidence_snapshots/01933_www.wes.co.in_72e7fc90fa.html,72e7fc90fa9c3ba40ebc7d8a78fce52d9355cf121f45a2571711295ac15a611e
1934,No immediate action,peso.gov.in,https://peso.gov.in/en/updates/help-file-bharat-kosh-payment-applicants,Likely India jurisdiction + hosted in India,Included because India was inferred from currency text Rs.; resolved IP also geolocated to India.,Not found on reviewed page,evidence_snapshots/01934_peso.gov.in_e68e6122f8.html,e68e6122f805d1c58ca9f68c713d115e4d124a3932722fb1286350a5877aea34
1935,No immediate action,peso.gov.in,https://peso.gov.in/web/sites/default/files/2023-08/Bharat_Kosh_Payment_Help_File_new.pdf,Likely India jurisdiction + hosted in India,Included because India was inferred from country-code domain .in; resolved IP also geolocated to India.,Not found on reviewed page,evidence_snapshots/01935_peso.gov.in_88a2cf9227.html,88a2cf92275d64db77eeb100aa202c6921ba95372c6ee286de4e20a1a8ec439c
1936,No immediate action,peso.gov.in,https://peso.gov.in/en/recognized-list-tpia-under-gcr-rules-2016,Likely India jurisdiction + hosted in India,Included because India was inferred from currency text Rs.; resolved IP also geolocated to India.,Not found on reviewed page,evidence_snapshots/01936_peso.gov.in_0b22b50e23.html,0b22b50e23e0cf9e4a25dd4ce270c9e9cb58523a5cf7f5e9d57721c0c5db2c93
1937,No immediate action,peso.gov.in,https://peso.gov.in/en/recognized-list-tpia-under-smpv-u-rules-2016,Likely India jurisdiction + hosted in India,Included because India was inferred from currency text Rs.; resolved IP also geolocated to India.,Not found on reviewed page,evidence_snapshots/01937_peso.gov.in_7102b75067.html,7102b750678c3849cbb17ab30878966488b665aa93ad006a272df4fb3a5f5b35
1938,No immediate action,peso.gov.in,https://peso.gov.in/en/explosive-manufacturer-1,Likely India jurisdiction + hosted in India,Included because India was inferred from currency text Rs.; resolved IP also geolocated to India.,Not found on reviewed page,evidence_snapshots/01938_peso.gov.in_cccdb8d553.html,cccdb8d5537f6e5dcee05dd4be7eed7e7414576890e9b4874331ae45e2bbba06
1939,No immediate action,peso.gov.in,https://peso.gov.in/en/authorized-explosives-manufacturers-wise,Likely India jurisdiction + hosted in India,Included because India was inferred from currency text Rs.; resolved IP also geolocated to India.,Not found on reviewed page,evidence_snapshots/01939_peso.gov.in_2f009b17c7.html,2f009b17c7ccf7cc5d1e884011f726bb00643a5c2b2153f205be927f0793f416
1940,No immediate action,peso.gov.in,https://peso.gov.in/en/authorized-explosives-general-items,Likely India jurisdiction + hosted in India,Included because India was inferred from currency text Rs.; resolved IP also geolocated to India.,Not found on reviewed page,evidence_snapshots/01940_peso.gov.in_c0d49e6be9.html,c0d49e6be9244be3977a45c936bae09dff3e72317eb541179827560420c4220b
1941,No immediate action,peso.gov.in,https://peso.gov.in/en/list-cfb-box-manufacturers,Likely India jurisdiction + hosted in India,Included because India was inferred from currency text Rs.; resolved IP also geolocated to India.,Not found on reviewed page,evidence_snapshots/01941_peso.gov.in_a1796d7975.html,a1796d797520138d861ec82b77b6da804d073a430143cbf89c9c251067c9050c
1942,No immediate action,peso.gov.in,https://peso.gov.in/en/explosives-act-1884,Likely India jurisdiction + hosted in India,Included because India was inferred from currency text Rs.; resolved IP also geolocated to India.,Not found on reviewed page,evidence_snapshots/01942_peso.gov.in_ed1ab6a906.html,ed1ab6a9062e5823d868502eb945c1f6140dc8dad844a56026af9a851d688255
1943,No immediate action,peso.gov.in,https://peso.gov.in/en/explosive-rules-2008,Likely India jurisdiction + hosted in India,Included because India was inferred from currency text Rs.; resolved IP also geolocated to India.,Not found on reviewed page,evidence_snapshots/01943_peso.gov.in_73fd95ac6c.html,73fd95ac6cbb3227bdcee30c2c34d027a19bd4fe40135a7c8dd97bb4d08355fe
1944,No immediate action,peso.gov.in,https://peso.gov.in/en/explosives-amendment-rules-2018,Likely India jurisdiction + hosted in India,Included because India was inferred from currency text Rs.; resolved IP also geolocated to India.,Not found on reviewed page,evidence_snapshots/01944_peso.gov.in_0f834b3377.html,0f834b337726c1cc9d7d84c52b5a244062fa1120aab35654aa9b6b011013cee7
1945,No immediate action,peso.gov.in,https://peso.gov.in/sites/default/files/2024-08/Revised%20FAQ%20ER%202008%20AN%202012.pdf,Hosted in India only,Included because the resolved IP geolocated to India (ip-api.com host geolocation); confirm business relevance manually.,Not found on reviewed page,evidence_snapshots/01945_peso.gov.in_a3606cf77d.html,a3606cf77d19200e6509c751af70463270004b023df6e9206a0c160741b37e76
1946,No immediate action,peso.gov.in,https://peso.gov.in/web/hi/paetaraolaiyama-naiyama-2002-para-akasara-pauuchae-jaanae-vaalae-parasana-faq,Likely India jurisdiction + hosted in India,Included because India was inferred from currency text Rs.; resolved IP also geolocated to India.,Not found on reviewed page,evidence_snapshots/01946_peso.gov.in_881621301d.html,881621301dbd296177a3d5bfb316a5953297f31e49e57010b1e87f068d4d2b3f
1947,No immediate action,peso.gov.in,https://peso.gov.in/sites/default/files/2024-08/Revised%20FAQs%20on%20PR%202002%20PDF.pdf,Hosted in India only,Included because the resolved IP geolocated to India (ip-api.com host geolocation); confirm business relevance manually.,Not found on reviewed page,evidence_snapshots/01947_peso.gov.in_103d602311.html,103d602311b65d010fb993a057d84cd2fc6307a52f1668da519f68a68a16f195
1948,No immediate action,peso.gov.in,https://peso.gov.in/sites/default/files/2024-08/SMPV%20FAQ2024.pdf,Likely India jurisdiction + hosted in India,Included because India was inferred from country-code domain .in; resolved IP also geolocated to India.,Not found on reviewed page,evidence_snapshots/01948_peso.gov.in_5769f9261b.html,5769f9261b8362891fdd9e07dd11c7d579cc1c9d105fe3189c1363761bae5e20
1949,No immediate action,peso.gov.in,https://peso.gov.in/sites/default/files/2024-08/FAQ-GCR-2024.pdf,Hosted in India only,Included because the resolved IP geolocated to India (ip-api.com host geolocation); confirm business relevance manually.,Not found on reviewed page,evidence_snapshots/01949_peso.gov.in_3b158e646a.html,3b158e646a3e17b20e75d698233c36c6ce8da27b0b761429a567a03684c5781b
1950,No immediate action,peso.gov.in,https://peso.gov.in/web/index.php/en/updates/help-file-bharat-kosh-payment-applicants,Likely India jurisdiction + hosted in India,Included because India was inferred from currency text Rs.; resolved IP also geolocated to India.,Not found on reviewed page,evidence_snapshots/01950_peso.gov.in_8e7b3d04bd.html,8e7b3d04bddb49d2149e94fae1ea909e3e83c58cd385494ddefdec220ade7174
1951,No immediate action,peso.gov.in,https://peso.gov.in/web/index.php/en/recognized-list-tpia-under-gcr-rules-2016,Likely India jurisdiction + hosted in India,Included because India was inferred from currency text Rs.; resolved IP also geolocated to India.,Not found on reviewed page,evidence_snapshots/01951_peso.gov.in_f401cc295c.html,f401cc295c8f1778bcc4ba37c747a81bba0c44f85709aeab09da513c5b3c09e2
1952,No immediate action,peso.gov.in,https://peso.gov.in/web/index.php/en/recognized-list-tpia-under-smpv-u-rules-2016,Likely India jurisdiction + hosted in India,Included because India was inferred from currency text Rs.; resolved IP also geolocated to India.,Not found on reviewed page,evidence_snapshots/01952_peso.gov.in_066e390350.html,066e390350d71a34b1e954a6655269b81644fe4a5b56ff7196d86dfee0ad1d5e
1953,No immediate action,peso.gov.in,https://peso.gov.in/web/index.php/en/explosive-manufacturer-1,Likely India jurisdiction + hosted in India,Included because India was inferred from currency text Rs.; resolved IP also geolocated to India.,Not found on reviewed page,evidence_snapshots/01953_peso.gov.in_6a16774fcd.html,6a16774fcd29740fb2f3575d577a39301986e3d511ba1c90b49db72bea620bcc
1954,No immediate action,peso.gov.in,https://peso.gov.in/web/index.php/en/authorized-explosives-manufacturers-wise,Likely India jurisdiction + hosted in India,Included because India was inferred from currency text Rs.; resolved IP also geolocated to India.,Not found on reviewed page,evidence_snapshots/01954_peso.gov.in_aed65b4a51.html,aed65b4a51732696a79ed5580e22163053e7f8c33978b7d97d809bc6ecf7b89f
1955,No immediate action,peso.gov.in,https://peso.gov.in/web/index.php/en/authorized-explosives-general-items,Likely India jurisdiction + hosted in India,Included because India was inferred from currency text Rs.; resolved IP also geolocated to India.,Not found on reviewed page,evidence_snapshots/01955_peso.gov.in_60e9c2e443.html,60e9c2e44377e7c77542249c56f0024461f61a8daf7fc80cc4a5f12276361fc4
1956,No immediate action,peso.gov.in,https://peso.gov.in/web/index.php/en/list-cfb-box-manufacturers,Likely India jurisdiction + hosted in India,Included because India was inferred from currency text Rs.; resolved IP also geolocated to India.,Not found on reviewed page,evidence_snapshots/01956_peso.gov.in_b32234418c.html,b32234418c70a975dd81975d3b4a24ad0be59cf2394bc07f960d0669504b0939
1957,No immediate action,peso.gov.in,https://peso.gov.in/web/index.php/en/explosives-act-1884,Likely India jurisdiction + hosted in India,Included because India was inferred from currency text Rs.; resolved IP also geolocated to India.,Not found on reviewed page,evidence_snapshots/01957_peso.gov.in_385e6ef73d.html,385e6ef73dfcd54c4ced3e9c701db8aa21f78f4ed68686f747fdaafd331020b8
1958,No immediate action,peso.gov.in,https://peso.gov.in/web/index.php/en/explosive-rules-2008,Likely India jurisdiction + hosted in India,Included because India was inferred from currency text Rs.; resolved IP also geolocated to India.,Not found on reviewed page,evidence_snapshots/01958_peso.gov.in_d4887bdff3.html,d4887bdff3a10f75f327608fc60b90ab03d8a6a29a5bcb921616a2bd56835590
1959,No immediate action,peso.gov.in,https://peso.gov.in/web/index.php/en/explosives-amendment-rules-2018,Likely India jurisdiction + hosted in India,Included because India was inferred from currency text Rs.; resolved IP also geolocated to India.,Not found on reviewed page,evidence_snapshots/01959_peso.gov.in_541ead497b.html,541ead497b9e8c94044336b5dfe1e12d6e6400b448a0a008be941b6ff51ee5df
1962,No immediate action,help.nytimes.com,https://help.nytimes.com,Hosted in India only,Included because the resolved IP geolocated to India (ip-api.com host geolocation); confirm business relevance manually.,Not found on reviewed page,evidence_snapshots/01962_help.nytimes.com_5964230a62.html,5964230a623df9bbcf6c8a71aa6f1aa45d846384fd03f841de5ccf34797054df
1963,No immediate action,help.nytimes.com,https://help.nytimes.com/hc/en-us/articles/115014893428-Terms-of-Service,Hosted in India only,Included because the resolved IP geolocated to India (ip-api.com host geolocation); confirm business relevance manually.,Not found on reviewed page,evidence_snapshots/01963_help.nytimes.com_edbbf73fea.html,edbbf73feaa3a8246274de6c412fc203d24974f585ae4d8d41e7855f0c937447
1964,No immediate action,help.nytimes.com,https://help.nytimes.com/hc/en-us/articles/10940941449492-The-New-York-Times-Company-Privacy-Policy,Hosted in India only,Included because the resolved IP geolocated to India (ip-api.com host geolocation); confirm business relevance manually.,Not found on reviewed page,evidence_snapshots/01964_help.nytimes.com_00dfd6702a.html,00dfd6702a81d54a4f0ea020f196d6b800ec27045b9a76f08f51bc82fa911cc5
1965,No immediate action,www.nytimes.com,https://www.nytimes.com/athletic/live-blogs/transfer-news-live-updates/eeEvgjdPplD9/,Likely India jurisdiction + hosted in India,Included because India was inferred from currency text Rs.; resolved IP also geolocated to India.,Not found on reviewed page,evidence_snapshots/01965_www.nytimes.com_7b5b2fff61.html,7b5b2fff6126610b94ba41e22e3eff9ccbcd3c4bff5c1723ae30d9f185fe17d1
1966,No immediate action,www.nytimes.com,https://www.nytimes.com/subscription/athletic?onboarded=false&redirect_uri=https%3A%2F%2Fwww.nytimes.com%2Fathletic%2Fwelcome2%2F%3Fredirect%3Dhttps%253A%252F%252Fwww.nytimes.com%252Fathletic,Likely India jurisdiction + hosted in India,Included because India was inferred from currency text Rs.; resolved IP also geolocated to India.,Not found on reviewed page,evidence_snapshots/01966_www.nytimes.com_b7d9bc93e0.html,b7d9bc93e0583aa5e1b77bce2900202193ce1bee6dc3c1050cded03b4c5ff791
1967,No immediate action,www.nytimes.com,https://www.nytimes.com/athletic/news/,Hosted in India only,Included because the resolved IP geolocated to India (ip-api.com host geolocation); confirm business relevance manually.,Not found on reviewed page,evidence_snapshots/01967_www.nytimes.com_b0cd1bc5be.html,b0cd1bc5be63fecff4eb49e5734124c5c1731139a38ae21697ac5d1f8d50ae7b
1968,No immediate action,www.nytimes.com,https://www.nytimes.com/athletic/tag/nfl-newsletter/,Likely India jurisdiction + hosted in India,Included because India was inferred from currency text Rs.; resolved IP also geolocated to India.,Not found on reviewed page,evidence_snapshots/01968_www.nytimes.com_0d653ba7a0.html,0d653ba7a0f848378a855218aca4b8d5cbb67aba6ccac5eb87bf26c68aea0467
1969,No immediate action,www.nytimes.com,https://www.nytimes.com/athletic/7512083/2026/08/15/nfl-challenge-review-rules-red-flags/,Likely India jurisdiction + hosted in India,Included because India was inferred from currency text Rs.; resolved IP also geolocated to India.,Not found on reviewed page,evidence_snapshots/01969_www.nytimes.com_eac27c3e66.html,eac27c3e66ccc1999ea4e0f932267e98079007968c54c6ce759abd3383e9d58a
1970,No immediate action,www.nytimes.com,https://www.nytimes.com/athletic/top-sports-news/,Likely India jurisdiction + hosted in India,Included because India was inferred from currency text Rs.; resolved IP also geolocated to India.,Not found on reviewed page,evidence_snapshots/01970_www.nytimes.com_8046659f00.html,8046659f00a079fbc3177a25482ae23222083c2f553ab300e644b57ba60f8094
1971,No immediate action,www.nytimes.com,https://www.nytimes.com/athletic/edit-guidelines/,Hosted in India only,Included because the resolved IP geolocated to India (ip-api.com host geolocation); confirm business relevance manually.,Not found on reviewed page,evidence_snapshots/01971_www.nytimes.com_d87a39d6ea.html,d87a39d6eafa01bf8cb60de7bd8e03315fa39e749119ccd542bc6bc1a25d3a03
1972,No immediate action,www.nytimes.com,https://www.nytimes.com/athletic/newsletters/the-pulse/,Hosted in India only,Included because the resolved IP geolocated to India (ip-api.com host geolocation); confirm business relevance manually.,Not found on reviewed page,evidence_snapshots/01972_www.nytimes.com_ee90f67289.html,ee90f6728912c93ca26c3840a0829f20a9f61c96f9eff3c099825f6d0d42b32b
1973,No immediate action,www.disneyplus.com,https://www.disneyplus.com/browse/entity-7c160b55-f261-476a-b3f7-f3a6b083cba2?cid=DTCI-Site-ABCNews-Site-Awareness-DisneyPlus-US-DisneyPlus-NA-EN-NavLink-NA-NA,Likely India jurisdiction + hosted in India,Included because India was inferred from country mention: india; resolved IP also geolocated to India.,Not found on reviewed page,evidence_snapshots/01973_www.hotstar.com_72fa9fa370.html,72fa9fa370dff20250587c7688da8849fed32f0de3d6d751b40c77ee640b10ec
1975,No immediate action,disneyprivacycenter.com,http://disneyprivacycenter.com,Hosted in India only,Included because the resolved IP geolocated to India (ip-api.com host geolocation); confirm business relevance manually.,Not found on reviewed page,evidence_snapshots/01975_privacy.thewaltdisneycompany.com_46f132886f.html,46f132886feeaf1cf62babfca13aab67c99fcb5015a83141ede69ede58524e6b
1976,No immediate action,privacy.thewaltdisneycompany.com,https://privacy.thewaltdisneycompany.com/en/current-privacy-policy/your-us-state-privacy-rights/,Hosted in India only,Included because the resolved IP geolocated to India (ip-api.com host geolocation); confirm business relevance manually.,Not found on reviewed page,evidence_snapshots/01976_privacy.thewaltdisneycompany.com_4e9281ed29.html,4e9281ed29310b26576b4092ba3f87a49a96590ea0877765ef0a91f957990b7c
1979,No immediate action,abcnews.com,https://abcnews.com/,Hosted in India only,Included because the resolved IP geolocated to India (ip-api.com host geolocation); confirm business relevance manually.,Not found on reviewed page,evidence_snapshots/01979_abcnews.com_a412d1ce96.html,a412d1ce96480262e255d8fe93f2d2d2a166e7317242c534777b56005cd2b6b3
1980,No immediate action,abcnews.com,https://abcnews.com/Live,Hosted in India only,Included because the resolved IP geolocated to India (ip-api.com host geolocation); confirm business relevance manually.,Not found on reviewed page,evidence_snapshots/01980_abcnews.com_906b79cd7b.html,906b79cd7ba7c964ed54c51bdb23eb80e127c15a87c530fad90c2b2f6b16732c
1981,No immediate action,abcnews.com,https://abcnews.com/Video,Hosted in India only,Included because the resolved IP geolocated to India (ip-api.com host geolocation); confirm business relevance manually.,Not found on reviewed page,evidence_snapshots/01981_abcnews.com_f054c1a831.html,f054c1a83100204274677769eed6d32832c589c7d57f19897252b6131c9be5de
1982,No immediate action,abcnews.com,https://abcnews.com/gma,Hosted in India only,Included because the resolved IP geolocated to India (ip-api.com host geolocation); confirm business relevance manually.,Not found on reviewed page,evidence_snapshots/01982_abcnews.com_db1de2844f.html,db1de2844f02a712605aa2266b503a23cbb5e29286120f9dcd535e5d469fe427
1983,No immediate action,abcnews.com,https://abcnews.com/Shop,Hosted in India only,Included because the resolved IP geolocated to India (ip-api.com host geolocation); confirm business relevance manually.,Not found on reviewed page,evidence_snapshots/01983_abcnews.com_0e45c59e61.html,0e45c59e61d9d07fcfd7e6d6aff301096bbac6ca66d23fb663d9b0504327cfa8
1984,No immediate action,abcnews.com,https://abcnews.com/International/wireStory/israels-ben-gvir-advocates-killing-30-40-people-135687845,Hosted in India only,Included because the resolved IP geolocated to India (ip-api.com host geolocation); confirm business relevance manually.,Not found on reviewed page,evidence_snapshots/01984_abcnews.com_2d7e648f6d.html,2d7e648f6d2846501fddada6e51e1bb9cf94d505e97b75971e0ea18ca3efb588
1985,No immediate action,abcnews.com,https://abcnews.com/International/wireStory/tunnel-collapses-indian-hydropower-project-killing-7-135633384,Hosted in India only,Included because the resolved IP geolocated to India (ip-api.com host geolocation); confirm business relevance manually.,Not found on reviewed page,evidence_snapshots/01985_abcnews.com_fbdda79597.html,fbdda795970f98f2c4dccc72b4e67d3359b1ccd6db1f57f8478d221cf7542437
1986,No immediate action,abcnews.com,https://abcnews.com/International/wireStory/thieves-steal-4-renaissance-artworks-sicilian-museum-heist-135685153,Hosted in India only,Included because the resolved IP geolocated to India (ip-api.com host geolocation); confirm business relevance manually.,Not found on reviewed page,evidence_snapshots/01986_abcnews.com_a48177c076.html,a48177c0763ec010e00ced221d39b78871c8a2f74469242d10a7f5a7dbdb9036
1987,No immediate action,abcnews.com,https://abcnews.com/GMA/Culture/spider-man-brand-new-day-tops-2-billion/story?id=135691802,Hosted in India only,Included because the resolved IP geolocated to India (ip-api.com host geolocation); confirm business relevance manually.,Not found on reviewed page,evidence_snapshots/01987_abcnews.com_25b8fd36eb.html,25b8fd36eb71840ad9b07198ff70878e1dcc665ae23ef849077fcf588592d4c4
1988,No immediate action,abcnews.com,https://abcnews.com/contact,Hosted in India only,Included because the resolved IP geolocated to India (ip-api.com host geolocation); confirm business relevance manually.,Not found on reviewed page,evidence_snapshots/01988_abcnews.com_db509a2fb8.html,db509a2fb884f133b8bbcf13648d76379ceb029ff701c6d32cdd0a9a7274fae6
1989,No immediate action,www.today.com,https://www.today.com/,Hosted in India only,Included because the resolved IP geolocated to India (ip-api.com host geolocation); confirm business relevance manually.,Not found on reviewed page,evidence_snapshots/01989_www.today.com_cbbdf4dbd1.html,cbbdf4dbd1012eb8b844749bf3353903a2087b4715e1efacf762d43a457a194d
1990,No immediate action,story.snapchat.com,https://story.snapchat.com/p/8bb879c7-45c0-499c-bb3c-7a3d0e229301/347654839924736,Likely India jurisdiction,Included because India was inferred from page metadata: IN.,Not found on reviewed page,evidence_snapshots/01990_www.snapchat.com_659209a212.html,659209a212dcb48ca8b897e6a2888db23c1dc2ce6f0c889982b62d6fd9381fe6
1991,No immediate action,www.nbc.com,https://www.nbc.com/,Hosted in India only,Included because the resolved IP geolocated to India (ip-api.com host geolocation); confirm business relevance manually.,Not found on reviewed page,evidence_snapshots/01991_www.nbc.com_38e715fd17.html,38e715fd17a4552ea204010ca9d4a41ec568c548be6b92aac20feb7b19109a99
1993,No immediate action,www.peacocktv.com,https://www.peacocktv.com/?cid=20200715takeflightoneedi027&irclickid=TkV0N91B1xyPUp%3AXtkW3K14cUkFU%3AkRRw2cvQQ0&irgwc=1&cid=2201affiliateevgnpkpdaff4393,Hosted in India only,Included because the resolved IP geolocated to India (ip-api.com host geolocation); confirm business relevance manually.,Not found on reviewed page,evidence_snapshots/01993_www.peacocktv.com_af15bbd4b5.html,af15bbd4b5272a8acea50a1f364c44cb54f12bca254fa2993efa0b609140af89
1995,No immediate action,www.reuters.com,https://www.reuters.com,Likely India jurisdiction + hosted in India,Included because India was inferred from currency text Rs.; resolved IP also geolocated to India.,Not found on reviewed page,evidence_snapshots/01995_www.reuters.com_13c64e2d5a.html,13c64e2d5a541f75d02f626ac8b3e88678395e024d8e16e4acc77dc806ae9252
1996,No immediate action,www.nbcunicareers.com,https://www.nbcunicareers.com/,Likely India jurisdiction,Included because India was inferred from currency text Rs..,Not found on reviewed page,evidence_snapshots/01996_www.nbcunicareers.com_3c818c4f12.html,3c818c4f1271800befe8fcfbddccce3db8b8e4f38be52fd01cd17b0d91a5363b
1997,No immediate action,www.nbcuniversalprivacy.com,https://www.nbcuniversalprivacy.com/privacy/cookies#accordionheader2,Likely India jurisdiction,Included because India was inferred from currency text Rs..,Not found on reviewed page,evidence_snapshots/01997_www.nbcuniversalprivacy.com_e8c8a23e95.html,e8c8a23e95fa3c54fb85feb331ab3a146f9e96d39b62bb1390e28f6941c74d67
1998,No immediate action,www.nbcuniversal.com,https://www.nbcuniversal.com/privacy/notrtoo/?intake=NBC_News,Likely India jurisdiction,Included because India was inferred from currency text Rs..,Not found on reviewed page,evidence_snapshots/01998_www.nbcuniversalprivacy.com_09416c3fb6.html,09416c3fb6f6c2bd93acb91005dc46b4f2017781f1a880b5ac34189f8f91f54b
1999,No immediate action,www.nbcnews.com,https://www.nbcnews.com/subscribe/supplemental-terms,Hosted in India only,Included because the resolved IP geolocated to India (ip-api.com host geolocation); confirm business relevance manually.,Not found on reviewed page,evidence_snapshots/01999_www.nbcnews.com_ba56a7eb80.html,ba56a7eb8032b3b03ed59d1c1e28f9df04d0c34d51652729d3aac7f71792eb98
2000,No immediate action,www.nbcnews.com,https://www.nbcnews.com,Hosted in India only,Included because the resolved IP geolocated to India (ip-api.com host geolocation); confirm business relevance manually.,Not found on reviewed page,evidence_snapshots/02000_www.nbcnews.com_703968b6cf.html,703968b6cf69fb0fa7361d4cbd9f9e7f3dbe67b900fd7b9b5e0411213b07b10f
2001,No immediate action,www.nbcnews.com,https://www.nbcnews.com/politics,Hosted in India only,Included because the resolved IP geolocated to India (ip-api.com host geolocation); confirm business relevance manually.,Not found on reviewed page,evidence_snapshots/02001_www.nbcnews.com_6d7ef37498.html,6d7ef37498dcad5d6e65ec2aa1997f370c5f601e25e99122c7158f7ad5450795
2002,No immediate action,www.nbcnews.com,https://www.nbcnews.com/us-news,Hosted in India only,Included because the resolved IP geolocated to India (ip-api.com host geolocation); confirm business relevance manually.,Not found on reviewed page,evidence_snapshots/02002_www.nbcnews.com_9b2da4969f.html,9b2da4969fc75c5916f99d5ece28f42a4e72710e918e434b9fb73e73bfadb48c
2003,No immediate action,www.nbcnews.com,https://www.nbcnews.com/world,Hosted in India only,Included because the resolved IP geolocated to India (ip-api.com host geolocation); confirm business relevance manually.,Not found on reviewed page,evidence_snapshots/02003_www.nbcnews.com_9775d434d8.html,9775d434d889bc6b812f5cfbdca7508292ca91af5f4f0c1c44d421213f8ffa67
2004,No immediate action,www.nbcnews.com,https://www.nbcnews.com/new-york,Hosted in India only,Included because the resolved IP geolocated to India (ip-api.com host geolocation); confirm business relevance manually.,Not found on reviewed page,evidence_snapshots/02004_www.nbcnews.com_8e6f540e9e.html,8e6f540e9e21c9ac7b616fb8bf473b0c1418f7537426ce6426450929a982a9f6
2005,No immediate action,www.nbcnews.com,https://www.nbcnews.com/los-angeles,Hosted in India only,Included because the resolved IP geolocated to India (ip-api.com host geolocation); confirm business relevance manually.,Not found on reviewed page,evidence_snapshots/02005_www.nbcnews.com_2237309d9c.html,2237309d9c62bbab8bbb4755374b31f22afc7029a0752995cdc9b06a47c965c7
2006,No immediate action,www.nbcnews.com,https://www.nbcnews.com/chicago,Hosted in India only,Included because the resolved IP geolocated to India (ip-api.com host geolocation); confirm business relevance manually.,Not found on reviewed page,evidence_snapshots/02006_www.nbcnews.com_68334036f2.html,68334036f246fc98ca3c7fe93c51cbaa4fc2bc19bc05ea699440fc2fe6095e34
2007,No immediate action,www.nbcnews.com,https://www.nbcnews.com/dallas-fort-worth,Hosted in India only,Included because the resolved IP geolocated to India (ip-api.com host geolocation); confirm business relevance manually.,Not found on reviewed page,evidence_snapshots/02007_www.nbcnews.com_5ea80b33f2.html,5ea80b33f25b373181cd552a8d1d7b92e93a12dae790f1909854e7d8e63436fc
2008,No immediate action,www.nbcnews.com,https://www.nbcnews.com/philadelphia,Hosted in India only,Included because the resolved IP geolocated to India (ip-api.com host geolocation); confirm business relevance manually.,Not found on reviewed page,evidence_snapshots/02008_www.nbcnews.com_10f3e76c41.html,10f3e76c410c095def699d38b75bd0fb6d9a39af88e43db5c93d5881cd56ebdb
2009,No immediate action,www.nbcnews.com,https://www.nbcnews.com/washington,Hosted in India only,Included because the resolved IP geolocated to India (ip-api.com host geolocation); confirm business relevance manually.,Not found on reviewed page,evidence_snapshots/02009_www.nbcnews.com_df63766dd8.html,df63766dd8fd272d0b5c06f2b55559ad0e831f6aafaf5873392f2e1403548f8b
2010,No immediate action,prod.cdn-mw.com,https://prod.cdn-mw.com/assets/mw/static/pdf/help/guide-to-pronunciation.pdf,Hosted in India only,Included because the resolved IP geolocated to India (ip-api.com host geolocation); confirm business relevance manually.,Not found on reviewed page,evidence_snapshots/02010_prod.cdn-mw.com_c9093b554c.html,c9093b554c58cc9960ebb9253fc331f27f7991c01297afd362bf99847b0455b8
2015,No immediate action,www.merriam-webster.com,https://www.merriam-webster.com/help/pronunciation-key,Likely India jurisdiction,Included because India was inferred from search market en-IN.,Not found on reviewed page,evidence_snapshots/02015_www.merriam-webster.com_c01c092516.html,c01c092516dda24228916e583131153f43af85a4333f7fc5536fb24aff426a38
2022,No immediate action,www.merriam-webster.com,https://www.merriam-webster.com/games/blossom-word-game,Likely India jurisdiction,Included because India was inferred from search market en-IN.,Not found on reviewed page,evidence_snapshots/02022_www.merriam-webster.com_7cbf7ffc79.html,7cbf7ffc791e2b874b0df74cf4df28a55d5965fba280411e6d8aabc64b7f4955
2023,No immediate action,www.vulture.com,https://www.vulture.com/article/breaking-bear-animated-series-trailer-release-date.html,Likely India jurisdiction + hosted in India,Included because India was inferred from search market en-IN; resolved IP also geolocated to India.,Not found on reviewed page,evidence_snapshots/02023_www.vulture.com_9835f7a0bc.html,9835f7a0bcc4d7b5a1c126c30284f7f643878e1d021841f10aecea752590e861
2024,No immediate action,spectrum.ieee.org,https://spectrum.ieee.org/trinity-nuclear-test,Likely India jurisdiction + hosted in India,Included because India was inferred from currency text Rs.; resolved IP also geolocated to India.,Not found on reviewed page,evidence_snapshots/02024_spectrum.ieee.org_d0fb795006.html,d0fb79500693d338978a8376aab527e4fdc49c1b3fcfaf1dfdf26a8638d1262d
2027,No immediate action,www.britannica.com,https://www.britannica.com/EBchecked/topic/265202/high-explosive,Likely India jurisdiction,Included because India was inferred from search market en-IN.,Not found on reviewed page,evidence_snapshots/02027_www.britannica.com_012cbd43a0.html,012cbd43a077975a20c481534e69138d6da5f6ea9b8ab66b24fa47dd2b7add09
2028,No immediate action,www.merriam-webster.com,https://www.merriam-webster.com/sentences/high%20explosive,Likely India jurisdiction,Included because India was inferred from search market en-IN.,Not found on reviewed page,evidence_snapshots/02028_www.merriam-webster.com_96132030d4.html,96132030d450ac6fcdc96dec8bda015b927948f0b116507630a3d31a47d74a0f
2032,No immediate action,www.merriam-webster.com,https://www.merriam-webster.com/wordplay/longest-words-ever,Likely India jurisdiction,Included because India was inferred from currency text Rs..,Not found on reviewed page,evidence_snapshots/02032_www.merriam-webster.com_16b9cc18aa.html,16b9cc18aaebabd6b8a19936922f2b750f33ed953cd84a9cd6b413dddc2296d6
2033,No immediate action,arstechnica.com,https://arstechnica.com/gadgets/2026/08/germany-disarms-explosive-drone-found-at-airport-hunts-possible-second-drone/,Likely India jurisdiction,Included because India was inferred from search market en-IN.,Not found on reviewed page,evidence_snapshots/02033_arstechnica.com_189bd4049c.html,189bd4049ccf383e5f7b6a8a57753b634b3824404fcbea1a8be894fc1c8b751f
2035,No immediate action,people.com,https://people.com/trainwreck-p-i-moms-true-story-explained-11770557,Likely India jurisdiction,Included because India was inferred from currency text Rs..,Not found on reviewed page,evidence_snapshots/02035_people.com_7f85b90807.html,7f85b9080704beda1522e0a80f1573faf89860d45820bd48606d57043473b793
2036,No immediate action,www.nytimes.com,https://www.nytimes.com/2025/05/20/magazine/lockerbie-bombing-justice-father.html,Likely India jurisdiction + hosted in India,Included because India was inferred from search market en-IN; resolved IP also geolocated to India.,Not found on reviewed page,evidence_snapshots/02036_www.nytimes.com_17c61a757b.html,17c61a757b0a73fcace69ad26abdb6403bf271e5bf2069452032eef3a0768e46
2039,No immediate action,www.merriam-webster.com,https://www.merriam-webster.com/rhymes/nry/explosive,Likely India jurisdiction,Included because India was inferred from search market en-IN.,Not found on reviewed page,evidence_snapshots/02039_www.merriam-webster.com_812f548dc4.html,812f548dc4a28f5cb6806a7e3297cbea2b87e2e9d000a83df892274c4006da4e
2040,No immediate action,www.merriam-webster.com,https://www.merriam-webster.com/rhymes/adv/explosive,Likely India jurisdiction,Included because India was inferred from search market en-IN.,Not found on reviewed page,evidence_snapshots/02040_www.merriam-webster.com_7f328feb9e.html,7f328feb9e9a1d07952cd39ed3b00c062ac7fbc43826960979d2369725b0fcaf
2041,No immediate action,www.merriam-webster.com,https://www.merriam-webster.com/rhymes/syn/explosive,Likely India jurisdiction,Included because India was inferred from search market en-IN.,Not found on reviewed page,evidence_snapshots/02041_www.merriam-webster.com_231635d162.html,231635d16220299a7aeab4e316bb07c7c2bea0f106bfa6a7912cdc7b234f7bdc
2042,No immediate action,www.merriam-webster.com,https://www.merriam-webster.com/rhymes/jjb/explosive,Likely India jurisdiction,Included because India was inferred from search market en-IN.,Not found on reviewed page,evidence_snapshots/02042_www.merriam-webster.com_85ff3c40af.html,85ff3c40afb474e8b1c7af3dd9969aa3f7bdeb8e0a0a20e91a640a4d163d0d7a
2043,No immediate action,www.merriam-webster.com,https://www.merriam-webster.com/rhymes/hom/explosive,Likely India jurisdiction,Included because India was inferred from search market en-IN.,Not found on reviewed page,evidence_snapshots/02043_www.merriam-webster.com_2418c3d9b5.html,2418c3d9b5156e93f8bd7d9b4928540678efae5cfe8693447ce68ed284680a6e
2044,No immediate action,www.merriam-webster.com,https://www.merriam-webster.com/rhymes/cons/explosive,Likely India jurisdiction,Included because India was inferred from search market en-IN.,Not found on reviewed page,evidence_snapshots/02044_www.merriam-webster.com_b872405594.html,b872405594864a37e82906060898b8b56c17ff5e00b7595692a544c3bfde77d9
2047,No immediate action,www.merriam-webster.com,https://www.merriam-webster.com/dictionary/explosive%20oil,Likely India jurisdiction,Included because India was inferred from currency text Rs..,Not found on reviewed page,evidence_snapshots/02047_www.merriam-webster.com_b7299a73f5.html,b7299a73f52669b6c7cb26dd21b14a8f7168d2585387b5f983e1960d47fe15a5
2051,No immediate action,www.ajc.com,https://www.ajc.com/news/2026/08/opinion-back-to-school-traffic-jams-highlight-need-for-human-experts/,Likely India jurisdiction + hosted in India,Included because India was inferred from currency text Rs.; resolved IP also geolocated to India.,Not found on reviewed page,evidence_snapshots/02051_www.ajc.com_996539ca1e.html,996539ca1eeb403c6e7b6a4b666c0b8368bf9f52d84920bae2cbdf52c2840391
2052,No immediate action,www.nglish.com,http://www.nglish.com/spanish/adjacent,Likely India jurisdiction + hosted in India,Included because India was inferred from currency text Rs.; resolved IP also geolocated to India.,Not found on reviewed page,evidence_snapshots/02052_www.nglish.com_9d5c92c8b7.html,9d5c92c8b7deb6cff57067c9e24625b670b1c1cc9b585509f5ff78f3f77a48a8
2055,Manual AmEx evidence review,corporate.britannica.com,https://corporate.britannica.com/termsofuse.html,Likely India jurisdiction,Included because India was inferred from currency text Rs..,Possible - AmEx logo/token or mixed signal,evidence_snapshots/02055_corporate.britannica.com_dcdba372fd.html,dcdba372fd4c1ce5495ba45fef59de88b0f92894e0435d6ea0065979cff29948
2056,No immediate action,cam.britannica.com,https://cam.britannica.com/subscribe/bp-monthly-free-trial,Likely India jurisdiction,Included because India was inferred from search market en-IN.,Not found on reviewed page,evidence_snapshots/02056_cam.britannica.com_2a038a8216.html,2a038a821671ec5f0ab6184635f5702f3351cd742cd4eb65656815f77fefccea
2057,No immediate action,cam.britannica.com,https://cam.britannica.com/subscribe/bp-annual-free-trial?partnerCode=default_partner&_gl=1%2A1n99y1s%2A_ga%2AMTQzMDEyNDg1OC4xNzgyNDkyMTUx%2A_ga_821K16B669%2AczE3ODMzNjIzNzUkbzEwJGcxJHQxNzgzMzY0ODI0JGoyNSRsMCRoMA..,Likely India jurisdiction,Included because India was inferred from search market en-IN.,Not found on reviewed page,evidence_snapshots/02057_cam.britannica.com_ea44c9a97c.html,ea44c9a97cd97bcc122586fc86a2199f62305233d699a1915146c61081db842f
2058,No immediate action,cam.britannica.com,https://cam.britannica.com/subscribe/fam-annual?partnerCode=default_partner&_gl=1%2Ar70u9a%2A_ga%2AMTQzMDEyNDg1OC4xNzgyNDkyMTUx%2A_ga_821K16B669%2AczE3ODMzNjIzNzUkbzEwJGcxJHQxNzgzMzY0MDg4JGo1OCRsMCRoMA..,Likely India jurisdiction,Included because India was inferred from search market en-IN.,Not found on reviewed page,evidence_snapshots/02058_cam.britannica.com_aa0cbb6161.html,aa0cbb61618d609411f37f00adf8d02f8d4586797ad5a174171b488149da976b
2059,Manual AmEx evidence review,corporate.britannica.com,https://corporate.britannica.com/termsofuse.html?abExternalOpen=true&abExternalOpen=true,Likely India jurisdiction,Included because India was inferred from currency text Rs..,Possible - AmEx logo/token or mixed signal,evidence_snapshots/02059_corporate.britannica.com_0e00dae35f.html,0e00dae35f6b6b035f419c4caafdf5df8991fb0b7bbc3ba90039c12c1c214af3
2060,No immediate action,www.britannica.com,https://www.britannica.com/list/10-iconic-churches-in-spain,Likely India jurisdiction,Included because India was inferred from currency text Rs..,Not found on reviewed page,evidence_snapshots/02060_www.britannica.com_5668e65024.html,5668e650240c9d214538e1116f8fa10b5a0044b71ca53022e13ba52c6505d725
2061,No immediate action,www.britannica.com,https://www.britannica.com/list/10-important-dates-in-mars-history,Likely India jurisdiction,Included because India was inferred from currency text Rs..,Not found on reviewed page,evidence_snapshots/02061_www.britannica.com_c0329e8726.html,c0329e87266ab860cce56662d04921bbd34597181f3385763dc02163c5e6eb43
2062,No immediate action,www.britannica.com,https://www.britannica.com/list/10-important-dates-in-pluto-history,Likely India jurisdiction,Included because India was inferred from currency text Rs..,Not found on reviewed page,evidence_snapshots/02062_www.britannica.com_45721a4af6.html,45721a4af6731823661cfaf68103af73d17a6c6f205d589eaedea82d937117ca
2064,No immediate action,www.britannica.com,https://www.britannica.com/list/10-inventions-that-changed-your-world,Likely India jurisdiction,Included because India was inferred from currency text Rs..,Not found on reviewed page,evidence_snapshots/02064_www.britannica.com_8cb28b7ae4.html,8cb28b7ae43690985472bcae7d5ec5b9da7d20e3e7d3b070cd61932380e8ea34
2065,No immediate action,www.britannica.com,https://www.britannica.com/editor/The-Information-Architects-of-Encyclopaedia-Britannica/12365882,Likely India jurisdiction,Included because India was inferred from search market en-IN.,Not found on reviewed page,evidence_snapshots/02065_www.britannica.com_ad03d945ea.html,ad03d945eafd4a2ebfe1ba87e45e5b91851433690d2bc4d4f34ce5780c169941
2067,No immediate action,www.britannica.com,https://www.britannica.com/technology/mine-weapon#ref275485:~:text=underwater%20weapon%20consisting%20of%20an%20explosive%20charge%20fitted%20with%20a%20device%20that%20causes%20it%20to%20explode%20when%20a%20ship%20or%20submarine%20enters%20into%20close%20proximity.%20Usually%20emplaced%20by%20specialized%20vessels%20called%20minelayers%20or%20dropped%20by%20specialized%20aircraft%2C%20submarine%20mines%20are%20steel%20spheres%20or%20ovate%20shapes%20that%20contain%20enough%20air%20to,Likely India jurisdiction,Included because India was inferred from currency text Rs..,Not found on reviewed page,evidence_snapshots/02067_www.britannica.com_78975da025.html,78975da02578129d2fe6fb2c19d63519dece4f5d4bd327da9e907ec66ffba885
2070,No immediate action,www.orica.com,https://www.orica.com/en/blasting-solutions/seismic-explosives,Likely India jurisdiction,Included because India was inferred from currency text Rs..,Not found on reviewed page,evidence_snapshots/02070_www.orica.com_1f77976a0d.html,1f77976a0d8c420d7c72b3866fb1fa6bef88cc545e532172376a3ff0db0a9b27
2071,No immediate action,www.orica.com,https://www.orica.com/en/blasting-solutions/packaged-explosives/apex,Likely India jurisdiction,Included because India was inferred from currency text Rs..,Not found on reviewed page,evidence_snapshots/02071_www.orica.com_3b47ef75a5.html,3b47ef75a507172fadc0bb489606d8414b040086158477d77a4fd116e644b30f
2072,No immediate action,www.orica.com,https://www.orica.com/en/blasting-solutions/packaged-explosives/centric,Likely India jurisdiction,Included because India was inferred from currency text Rs..,Not found on reviewed page,evidence_snapshots/02072_www.orica.com_869a5100d0.html,869a5100d0e9f1c48285b8ecce24e50480245f90d574535a21a4234e190b2f75
2073,No immediate action,www.orica.com,https://www.orica.com/en/blasting-solutions/packaged-explosives/fortel,Likely India jurisdiction,Included because India was inferred from currency text Rs..,Not found on reviewed page,evidence_snapshots/02073_www.orica.com_8d174c7301.html,8d174c730181d824237f2409b2267f51526e1d731f14f3255b8cf05517eff299
2075,Manual AmEx evidence review,www.orica.com,https://www.orica.com/en/blasting-solutions/packaged-explosives/eurodyn,Likely India jurisdiction,Included because India was inferred from currency text Rs..,Possible - AmEx logo/token or mixed signal,evidence_snapshots/02075_www.orica.com_94c7335b81.html,94c7335b81298b2703a19cc2d69cd7ac1e9113c75ac08a3850301adc90bb0e5e
2077,No immediate action,edge.sitecorecloud.io,https://edge.sitecorecloud.io/oricaaustraf332-oricaxmcloud01d-productionae9b-32b6/media/project/orica/orica/resources/news/2025/blasting-systems-to-beat-trending-challenges/bs25_coalage-janfeb-2025-new-drilling-and-blasting-tools-to-beat-trendng-challenges_article.pdf,Likely India jurisdiction,Included because India was inferred from search market en-IN.,Not found on reviewed page,evidence_snapshots/02077_edge.sitecorecloud.io_7c556e7277.html,7c556e727720df8ff30aaf83ef655d77f157bc8b46e2937efe49599c4548f69f
2079,Manual AmEx evidence review,www.orica.com,https://www.orica.com/en/blasting-solutions/packaged-explosives,Likely India jurisdiction,Included because India was inferred from currency text Rs..,Possible - AmEx logo/token or mixed signal,evidence_snapshots/02079_www.orica.com_3d86e69cde.html,3d86e69cde033e4aad137c810dc6d3683246f1d5677af83c104b5b466566a66a
2085,No immediate action,www.enaex.com,https://www.enaex.com/era/content/uploads/sites/12/2022/02/DaveyTronic-Swift-ENG-V0921.pdf,Likely India jurisdiction,Included because India was inferred from search market en-IN.,Not found on reviewed page,evidence_snapshots/02085_www.enaex.com_54d536ebb3.html,54d536ebb3bc14e7e052b610361a40b32e831ab438519b5fa86af08738ba9db6
2087,No immediate action,aecimining.com,https://aecimining.com/brochure/Mining-Explosives/AECI-ME-ELECTRONIC-IS-FINAL-2023.pdf,Likely India jurisdiction,Included because India was inferred from search market en-IN.,Not found on reviewed page,evidence_snapshots/02087_aecimining.com_53f3ccce98.html,53f3ccce989929b1f2b99c6efe1f733eb3ad46e727ef697210599d2a74195959
2088,Manual AmEx evidence review,www.orica.com,https://www.orica.com/en/resource-hub/news/2024/orica-announces-the-launch-of-i-kon-iii-steel,Likely India jurisdiction,Included because India was inferred from currency text Rs..,Possible - AmEx logo/token or mixed signal,evidence_snapshots/02088_www.orica.com_78af8bdbe3.html,78af8bdbe3e4f468a0a866e019b8e5eaee333897524e72d71ac6c36b53ada274
2091,Manual AmEx evidence review,creativebooster.net,https://creativebooster.net/blogs/colors/shades-of-ivory-color,Likely India jurisdiction,Included because India was inferred from currency text Rs..,Possible - AmEx logo/token or mixed signal,evidence_snapshots/02091_creativebooster.net_95c2dd2dfb.html,95c2dd2dfb97988afed8432da8c90bd944bcfa1a40882d02ea4799594ef758d1
2093,No immediate action,www.merriam-webster.com,https://www.merriam-webster.com/dictionary/ivory,Likely India jurisdiction,Included because India was inferred from currency text Rs..,Not found on reviewed page,evidence_snapshots/02093_www.merriam-webster.com_623976e9c8.html,623976e9c887e8799ac656fe10546b16ff83b0d50ac18e1eb00585b26a836cc7
2094,No immediate action,www.newworldencyclopedia.org,https://www.newworldencyclopedia.org/entry/Ivory,Hosted in India only,Included because the resolved IP geolocated to India (ip-api.com host geolocation); confirm business relevance manually.,Not found on reviewed page,evidence_snapshots/02094_www.newworldencyclopedia.org_fab019d970.html,fab019d970b8d4fd6987b5c5af85e20296f9ce9af47f924f08c0604b79cb69a1
2096,No immediate action,www.asianpaints.com,https://www.asianpaints.com/colour-catalogue/off-white-wall-colours/pure-ivory.html,Likely India jurisdiction + hosted in India,Included because India was inferred from currency symbol INR; resolved IP also geolocated to India.,Not found on reviewed page,evidence_snapshots/02096_www.asianpaints.com_4b75e5ad68.html,4b75e5ad68bbf71ff5b153b7954b1e067aa29ccdce678a51585d4543c23f6c69
2099,No immediate action,www.gov.uk,https://www.gov.uk/guidance/dealing-in-items-containing-ivory-or-made-of-ivory,Hosted in India only,Included because the resolved IP geolocated to India (ip-api.com host geolocation); confirm business relevance manually.,Not found on reviewed page,evidence_snapshots/02099_www.gov.uk_a08d52a953.html,a08d52a95372ae8e11929066eb5275eb881f3fcb2e61ddd51429031ea5b35218
2101,No immediate action,www.gemstones-guide.com,https://www.gemstones-guide.com/Ivory.html,Likely India jurisdiction,Included because India was inferred from country mention: india.,Not found on reviewed page,evidence_snapshots/02101_www.gemstones-guide.com_8b0d291236.html,8b0d2912369965e1ef78a72967519e0617929a19a701879d0e5db54e79cd7fc2
2106,No immediate action,africa.si.edu,https://africa.si.edu/research/conservation/protect-ivory/,Likely India jurisdiction,Included because India was inferred from search market en-IN.,Not found on reviewed page,evidence_snapshots/02106_africa.si.edu_5aa2fa146f.html,5aa2fa146fc1d6d3e2620c8ac763da43b8095f760d8b639145db6101da344ce7
2107,No immediate action,www.merriam-webster.com,https://www.merriam-webster.com/dictionary/opaque,Likely India jurisdiction,Included because India was inferred from currency text Rs..,Not found on reviewed page,evidence_snapshots/02107_www.merriam-webster.com_5bd0e3e3ad.html,5bd0e3e3ad50e4c86a7f80cfc7333347d5ef55da01822b6452c12f6a91bd3650
2112,No immediate action,www.britannica.com,https://www.britannica.com/question,Likely India jurisdiction,Included because India was inferred from search market en-IN.,Not found on reviewed page,evidence_snapshots/02112_www.britannica.com_002ad696dd.html,002ad696ddb25a629e2a052c74b0d6fd53df2f1474688f0ec9bbbcf9caac6dfe
2114,No immediate action,www.britannica.com,https://www.britannica.com/topic/ivory/additional-info,Likely India jurisdiction,Included because India was inferred from currency text Rs..,Not found on reviewed page,evidence_snapshots/02114_www.britannica.com_7c47672e34.html,7c47672e34106fdf3914ec58beb0f5c188f16aaf6fe9c20fd8a5a8384beea3aa
2115,No immediate action,www.britannica.com,https://www.britannica.com/facts/ivory,Likely India jurisdiction,Included because India was inferred from currency text Rs..,Not found on reviewed page,evidence_snapshots/02115_www.britannica.com_57f60527cd.html,57f60527cd5389251809a7b2942bf1485c67715d72a2c52369b939eb764e2012
2116,No immediate action,www.britannica.com,https://www.britannica.com/topic/ivory/images-videos,Likely India jurisdiction,Included because India was inferred from search market en-IN.,Not found on reviewed page,evidence_snapshots/02116_www.britannica.com_48cb1df8fd.html,48cb1df8fdb3fad9c78546ce31ed6d9b495b738971cdac5ea919a05987797616
2119,Manual AmEx evidence review,creativebooster.net,https://creativebooster.net/blogs/shopping,Likely India jurisdiction,Included because India was inferred from search market en-IN.,Possible - AmEx logo/token or mixed signal,evidence_snapshots/02119_creativebooster.net_6c9c704280.html,6c9c70428009ecf663c7220e5e373d4afffca56d9b02c6a56b1e2c47ccbc909b
2120,Manual AmEx evidence review,creativebooster.net,https://creativebooster.net/blogs/hairstyles,Likely India jurisdiction,Included because India was inferred from search market en-IN.,Possible - AmEx logo/token or mixed signal,evidence_snapshots/02120_creativebooster.net_9689e91f0d.html,9689e91f0d32e37559b7940cc5de5600cfbac1f2473770c6f3cf9329fcb3b10c
2121,Manual AmEx evidence review,creativebooster.net,https://creativebooster.net/blogs/home,Likely India jurisdiction,Included because India was inferred from search market en-IN.,Possible - AmEx logo/token or mixed signal,evidence_snapshots/02121_creativebooster.net_8b99fa5888.html,8b99fa5888ce50b45226760c8c2d4573e7ce66eeec458b2e5d213f882bc8ac74
2122,Manual AmEx evidence review,creativebooster.net,https://creativebooster.net/blogs/nails,Likely India jurisdiction,Included because India was inferred from search market en-IN.,Possible - AmEx logo/token or mixed signal,evidence_snapshots/02122_creativebooster.net_d2b6835484.html,d2b683548452758af2db83a32354a4474df2ec949f05e9f0cc0c94ef8ce0f515
2123,Manual AmEx evidence review,creativebooster.net,https://creativebooster.net/blogs/colors,Likely India jurisdiction,Included because India was inferred from search market en-IN.,Possible - AmEx logo/token or mixed signal,evidence_snapshots/02123_creativebooster.net_9cd0b1fdf3.html,9cd0b1fdf33a6acf9a61157b87d476fb25f4923d542bed90a3e815d8544953c5
2124,Manual AmEx evidence review,creativebooster.net,https://creativebooster.net/cart,Likely India jurisdiction,Included because India was inferred from search market en-IN.,Possible - AmEx logo/token or mixed signal,evidence_snapshots/02124_creativebooster.net_0b8ca7468a.html,0b8ca7468ac1f6a623269503f01a39ae982adeb5f1415f629efe0b3801b780df
2125,Manual AmEx evidence review,creativebooster.net,https://creativebooster.net/blogs/colors/tagged/color-shades,Likely India jurisdiction,Included because India was inferred from search market en-IN.,Possible - AmEx logo/token or mixed signal,evidence_snapshots/02125_creativebooster.net_f6533bb185.html,f6533bb1855d20ecb9e8a484484db9281925fb5c303185ad056ed7ea8f374f15
2126,Manual AmEx evidence review,creativebooster.net,https://creativebooster.net/blogs/colors/tagged/ivory,Likely India jurisdiction,Included because India was inferred from search market en-IN.,Possible - AmEx logo/token or mixed signal,evidence_snapshots/02126_creativebooster.net_43faa3b0d2.html,43faa3b0d2ab939cd2753c4382d37cf94f5e3c5d53e75ce4f8329d29b81512e4
2127,Manual AmEx evidence review,creativebooster.net,https://creativebooster.net/blogs/colors/tagged/shades-of-ivory,Likely India jurisdiction,Included because India was inferred from search market en-IN.,Possible - AmEx logo/token or mixed signal,evidence_snapshots/02127_creativebooster.net_8577879d54.html,8577879d54d871227580f1ac7968b51f435b251881ece1ad8026030be32c7bfe
2128,Manual AmEx evidence review,creativebooster.net,https://creativebooster.net/blogs/colors/shades-of-purple,Likely India jurisdiction,Included because India was inferred from search market en-IN.,Possible - AmEx logo/token or mixed signal,evidence_snapshots/02128_creativebooster.net_709defcfbb.html,709defcfbb54802124db5bc8a26bbde192e6aa9f1fb2c13f0edfc0874dfd9852
2129,No immediate action,wwf.planmylegacy.org,https://wwf.planmylegacy.org/donor-advised-funds,Likely India jurisdiction,Included because India was inferred from search market en-IN.,Not found on reviewed page,evidence_snapshots/02129_wwf.planmylegacy.org_a93c7d27d7.html,a93c7d27d7eadf189004fb4ec67e591e87bd7df4bcd9463eb589d8fb09b370ef
2131,No immediate action,secure.ethicspoint.com,https://secure.ethicspoint.com/domain/media/en/gui/59041/index.html,Likely India jurisdiction,Included because India was inferred from search market en-IN.,Not found on reviewed page,evidence_snapshots/02131_secure.ethicspoint.com_d020322860.html,d02032286070b4dd9d8fbd985a7bdca8af8edf52b89ff177db3bfcb2c8a9c43d
2135,No immediate action,protect.worldwildlife.org,https://protect.worldwildlife.org/page/50225/subscribe/1?en_og_source=Web_EmailSignup&ea.tracking.id=Web_Topnav,Likely India jurisdiction,Included because India was inferred from search market en-IN.,Not found on reviewed page,evidence_snapshots/02135_protect.worldwildlife.org_f54d1ec57a.html,f54d1ec57a44c10ab2e8ebd1b7081df8dde2d038e43c9372e6cdfb990aa7f874
2136,No immediate action,protect.worldwildlife.org,https://protect.worldwildlife.org/page/50287/data/1?en_og_source=Web_EmailSignup&ea.tracking.id=Web_Topnav,Likely India jurisdiction,Included because India was inferred from search market en-IN.,Not found on reviewed page,evidence_snapshots/02136_protect.worldwildlife.org_c421452bee.html,c421452bee22b0b80a34a9ea691a06522ddc224b7d5bfafdfe058f26964e1cfc
2140,No immediate action,gifts.worldwildlife.org,https://gifts.worldwildlife.org/gift-center/?sc=AWY2604OQ20474A09177RX&s_subsrc=topnav,Likely India jurisdiction,Included because India was inferred from currency code INR.,Not found on reviewed page,evidence_snapshots/02140_gifts.worldwildlife.org_2b47fcf828.html,2b47fcf828466f3cceaeeb0903fd3d380f5e50958294153c124849a191df7f0b
2146,No immediate action,www.instyle.com,https://www.instyle.com/oprah-white-platform-sneakers-12036903,Likely India jurisdiction,Included because India was inferred from currency text Rs..,Not found on reviewed page,evidence_snapshots/02146_www.instyle.com_280472a01a.html,280472a01a40ea8e94c9876518fa35cb08ed74363391cc1151e4b1ffe745d7a2
2147,No immediate action,people.com,https://people.com/the-row-shoulder-bag-quince-lookalike-august-2026-12031500,Likely India jurisdiction,Included because India was inferred from currency text Rs..,Not found on reviewed page,evidence_snapshots/02147_people.com_07ba1b43d2.html,07ba1b43d28eaa557c903cf0fa4cff994fc22bb170f635985f7983ef11498323
2150,No immediate action,www.nglish.com,http://www.nglish.com/spanish/ivory,Likely India jurisdiction + hosted in India,Included because India was inferred from currency text Rs.; resolved IP also geolocated to India.,Not found on reviewed page,evidence_snapshots/02150_www.nglish.com_77b2bacf87.html,77b2bacf8763ae237a1892e7515f520022b5ad8753a9bf017d093e812a86427a
2155,No immediate action,www.merriam-webster.com,https://www.merriam-webster.com/newsletters,Likely India jurisdiction,Included because India was inferred from currency text Rs..,Not found on reviewed page,evidence_snapshots/02155_www.merriam-webster.com_02657d430b.html,02657d430bc4a39d3eda48defdd34b7d78dded5f37a0c161278e64a8c7bf3846
2157,No immediate action,www.merriam-webster.com,https://www.merriam-webster.com/dictionary/ivory?pronunciation=&lang=en_us&dir=i&file=ivory001,Likely India jurisdiction,Included because India was inferred from currency text Rs..,Not found on reviewed page,evidence_snapshots/02157_www.merriam-webster.com_73b30bf44a.html,73b30bf44a5c701821a642b0d484dc7c97250bee3a20a85d5d74367eb7cd579c
2159,No immediate action,www.merriam-webster.com,https://www.merriam-webster.com/dictionary/ivory-billed%20woodpecker,Likely India jurisdiction,Included because India was inferred from currency text Rs..,Not found on reviewed page,evidence_snapshots/02159_www.merriam-webster.com_f258fe8158.html,f258fe81584fadeeadc19ea97978eaad2b80b20170b9b10ed5f10d02295d71ed
2161,No immediate action,www.merriam-webster.com,https://www.merriam-webster.com/dictionary/ivory%20nut,Likely India jurisdiction,Included because India was inferred from currency text Rs..,Not found on reviewed page,evidence_snapshots/02161_www.merriam-webster.com_1c0b618e1e.html,1c0b618e1e15d3214a9c549560ff287b076acf1347286193d9179a244c74fc07
2163,No immediate action,www.merriam-webster.com,https://www.merriam-webster.com/dictionary/ivory-towered,Likely India jurisdiction,Included because India was inferred from currency text Rs..,Not found on reviewed page,evidence_snapshots/02163_www.merriam-webster.com_f6207357d9.html,f6207357d99b6374b7372bcc49fc7ee950d3dafee871a412280908766a47cd62
2166,No immediate action,www.amazon.com,https://www.amazon.com/gp/product/9749511220/ref=as_li_tl?ie=UTF8&camp=1789&creative=9325&creativeASIN=9749511220&linkCode=as2&tag=newworldencyc-20&linkId=83df4bed72539f2a52beb06a1d71be79,Hosted in India only,Included because the resolved IP geolocated to India (ip-api.com host geolocation); confirm business relevance manually.,Not found on reviewed page,evidence_snapshots/02166_www.amazon.com_2ffab0921b.html,2ffab0921b5ba37acfcdcc855e7e7174f7286b06dbba7c7ecc5e705f4298d494
2167,No immediate action,www.asianart.com,http://www.asianart.com/articles/thai-ivory/index.html,Likely India jurisdiction,Included because India was inferred from currency text Rs..,Not found on reviewed page,evidence_snapshots/02167_www.asianart.com_efc757217d.html,efc757217da145cacd99e62842293c3dc37ab9123c3975dafb1691b6e38545b3
2168,No immediate action,www.mediawiki.org,https://www.mediawiki.org/,Likely India jurisdiction,Included because India was inferred from search market en-IN.,Not found on reviewed page,evidence_snapshots/02168_www.mediawiki.org_eb3a9df81f.html,eb3a9df81fac021be383f642dd0ce143536a898d31dbc4cba6622d68112dade1
2169,No immediate action,www.newworldencyclopedia.org,https://www.newworldencyclopedia.org/entry/Help:Writers_Manual,Hosted in India only,Included because the resolved IP geolocated to India (ip-api.com host geolocation); confirm business relevance manually.,Not found on reviewed page,evidence_snapshots/02169_www.newworldencyclopedia.org_af8a3464bc.html,af8a3464bc141b82dc4097bacda80d08408b2662d3ce907756c4c2c035afbb05
2170,No immediate action,www.newworldencyclopedia.org,https://www.newworldencyclopedia.org/entry/New_World_Encyclopedia:Terms_of_Use,Likely India jurisdiction + hosted in India,Included because India was inferred from currency text Rs.; resolved IP also geolocated to India.,Not found on reviewed page,evidence_snapshots/02170_www.newworldencyclopedia.org_5de2bbbda4.html,5de2bbbda4b1d605699d228996de56a2f9407d30c5572c663de6d0c967a22022
2171,No immediate action,www.newworldencyclopedia.org,https://www.newworldencyclopedia.org/feedback/ivory,Hosted in India only,Included because the resolved IP geolocated to India (ip-api.com host geolocation); confirm business relevance manually.,Not found on reviewed page,evidence_snapshots/02171_www.newworldencyclopedia.org_6ebfc6e630.html,6ebfc6e630ef8cc0d2cfee400e635fef54c5c877816c23997813894477a3f98a
2172,No immediate action,www.newworldencyclopedia.org,https://www.newworldencyclopedia.org/entry/File:Ivory_decoration.jpg,Likely India jurisdiction + hosted in India,Included because India was inferred from search market en-IN; resolved IP also geolocated to India.,Not found on reviewed page,evidence_snapshots/02172_www.newworldencyclopedia.org_96ea2dfa66.html,96ea2dfa66a6df7a2c9657fdcf6169a5b017bb5ba4d6feb617f3e3d777218432
2173,No immediate action,www.newworldencyclopedia.org,https://www.newworldencyclopedia.org/entry/File:Mammoth_ivory_hg.jpg,Likely India jurisdiction + hosted in India,Included because India was inferred from search market en-IN; resolved IP also geolocated to India.,Not found on reviewed page,evidence_snapshots/02173_www.newworldencyclopedia.org_00bdbcb9ca.html,00bdbcb9cafbf6a72d6f174b25f665144864dfeae64db32e355bb5ab5594b458
2174,No immediate action,www.newworldencyclopedia.org,"https://www.newworldencyclopedia.org/entry/File:Ivory_cover_of_the_Lorsch_Gospels,_c._810,_Carolingian,_Victoria_and_Albert_Museum.jpg",Likely India jurisdiction + hosted in India,Included because India was inferred from search market en-IN; resolved IP also geolocated to India.,Not found on reviewed page,evidence_snapshots/02174_www.newworldencyclopedia.org_ff97b23d61.html,ff97b23d614c15e248a5a8659c89e46cc57a99fd14934b575f173c854b9c3adb
2175,No immediate action,www.newworldencyclopedia.org,https://www.newworldencyclopedia.org/entry/File:Ivory_trade.jpg,Likely India jurisdiction + hosted in India,Included because India was inferred from search market en-IN; resolved IP also geolocated to India.,Not found on reviewed page,evidence_snapshots/02175_www.newworldencyclopedia.org_31ac3bd16a.html,31ac3bd16a2ea69bde4beeea7a391ccc9c0a06f5a8ef9dbd2c76f1843af41640
2176,No immediate action,www.newworldencyclopedia.org,https://www.newworldencyclopedia.org/entry/Special:CiteThisPage?page=Ivory&wpFormIdentifier=titleform,Likely India jurisdiction + hosted in India,Included because India was inferred from currency text Rs.; resolved IP also geolocated to India.,Not found on reviewed page,evidence_snapshots/02176_www.newworldencyclopedia.org_35feac15d5.html,35feac15d5f93a8e701d936bf615f33aaf905dc43b05948ba3188349a5e1183e
2177,No immediate action,www.newworldencyclopedia.org,https://www.newworldencyclopedia.org/p/index.php?title=Ivory&action=history,Hosted in India only,Included because the resolved IP geolocated to India (ip-api.com host geolocation); confirm business relevance manually.,Not found on reviewed page,evidence_snapshots/02177_www.newworldencyclopedia.org_61f4ab215f.html,61f4ab215fcc3c42126eca7d241abd2d5c4148e444ef180414abb957ff9bf361
2178,No immediate action,www.newworldencyclopedia.org,https://www.newworldencyclopedia.org/p/index.php?title=Ivory&oldid=1138594,Hosted in India only,Included because the resolved IP geolocated to India (ip-api.com host geolocation); confirm business relevance manually.,Not found on reviewed page,evidence_snapshots/02178_www.newworldencyclopedia.org_e33fd089f6.html,e33fd089f6e4ea72ef887708a76619c239f3e3dc70a11fc1ce9a937f6368f7f2
2179,No immediate action,www.ppgasianpaints.com,https://www.ppgasianpaints.com/Index.aspx,Likely India jurisdiction,Included because India was inferred from currency text Rs..,Not found on reviewed page,evidence_snapshots/02179_www.ppgasianpaints.com_f1766e881d.html,f1766e881dfc77b974415dac63b81646a6af08510d1f4ecfa7a485be109cd5ac
2180,No immediate action,www.asianpaintsppg.com,https://www.asianpaintsppg.com/,Likely India jurisdiction,Included because India was inferred from currency text Rs..,Not found on reviewed page,evidence_snapshots/02180_www.asianpaintsppg.com_6b488d2343.html,6b488d23436644f689d462dce7b686d51a5ca71b8566e76474f01978c87891e1
2181,No immediate action,www.asianpaints.com.sg,https://www.asianpaints.com.sg/,Likely India jurisdiction + hosted in India,Included because India was inferred from currency text Rs.; resolved IP also geolocated to India.,Not found on reviewed page,evidence_snapshots/02181_www.asianpaints.com.sg_942da0d4a8.html,942da0d4a88cbec9bc4d185eeb1b4899d3b9c7a680dcace6c09bd1dcff5cd069
2182,No immediate action,www.asianpaints.com.bd,https://www.asianpaints.com.bd/,Likely India jurisdiction + hosted in India,Included because India was inferred from currency symbol INR; resolved IP also geolocated to India.,Not found on reviewed page,evidence_snapshots/02182_www.asianpaints.com.bd_18a2bf02ef.html,18a2bf02ef791ae1e244799c9f27b57ba4a45a1962d4c95d8bc0d6ceb55518b3
2183,No immediate action,www.scibpaints.com,http://www.scibpaints.com/,Likely India jurisdiction + hosted in India,Included because India was inferred from currency symbol INR; resolved IP also geolocated to India.,Not found on reviewed page,evidence_snapshots/02183_www.scibpaints.com_33f0bdfaae.html,33f0bdfaae71b8a4340f4da17e69e6c76d8330f70ad7961de81003ba20c48468
2184,No immediate action,www.asianpaintsarabia.com,https://www.asianpaintsarabia.com/uae/whats-new,Likely India jurisdiction + hosted in India,Included because India was inferred from currency text Rs.; resolved IP also geolocated to India.,Not found on reviewed page,evidence_snapshots/02184_www.asianpaintsarabia.com_aa9d5a49b4.html,aa9d5a49b429b8444aec334192a4fd9ccce1120467c54ee0de07b75caef9f6a7
2185,No immediate action,www.apcocoatings.com,https://www.apcocoatings.com/get-inspired,Likely India jurisdiction,Included because India was inferred from currency text Rs..,Not found on reviewed page,evidence_snapshots/02185_www.apcocoatings.com_4cab69d2ab.html,4cab69d2ab4abc47bdc6d8d458cdb35bed5305ba83782623d986a13131c61944
2186,No immediate action,www.asianpaintsnepal.com,https://www.asianpaintsnepal.com/,Likely India jurisdiction + hosted in India,Included because India was inferred from currency symbol INR; resolved IP also geolocated to India.,Not found on reviewed page,evidence_snapshots/02186_www.asianpaintsnepal.com_6bd3698604.html,6bd369860488831d6d930b259a34f886e29ba397391d6be10908987c757596a8
2187,No immediate action,www.asianpaintscauseway.com,https://www.asianpaintscauseway.com/,Likely India jurisdiction + hosted in India,Included because India was inferred from currency symbol INR; resolved IP also geolocated to India.,Not found on reviewed page,evidence_snapshots/02187_www.asianpaintscauseway.com_7ea32fe99f.html,7ea32fe99fecb2afb633a788b81f886e3fe81711926615f414fd0b804c237ae3
2188,No immediate action,www.kadiscoasianpaints.com,https://www.kadiscoasianpaints.com/,Likely India jurisdiction + hosted in India,Included because India was inferred from currency text Rs.; resolved IP also geolocated to India.,Not found on reviewed page,evidence_snapshots/02188_www.kadiscoasianpaints.com_47fb8ec9e6.html,47fb8ec9e6d0662fdc8e1fe5c8c00de9bcdd526e3a50c75c1062a74323d2bd70
2189,No immediate action,www.asianpaints.com,https://www.asianpaints.com/resources/tools/faqs.html,Likely India jurisdiction + hosted in India,Included because India was inferred from currency symbol INR; resolved IP also geolocated to India.,Not found on reviewed page,evidence_snapshots/02189_www.asianpaints.com_34d35b0193.html,34d35b0193b8b5d8d45e34b4ac98333c063595e539e6977f1d2f64d279c01145
2190,No immediate action,www.asianpaints.com,https://www.asianpaints.com/online-shop/information.html,Likely India jurisdiction + hosted in India,Included because India was inferred from currency text Rs.; resolved IP also geolocated to India.,Not found on reviewed page,evidence_snapshots/02190_www.asianpaints.com_f3d86326ab.html,f3d86326abaccae25b0fd21662c8b453b6e72d6714e4a3db68d7e3732480afbc
2191,No immediate action,www.asianpaints.com,https://www.asianpaints.com/footer-links/terms-and-conditions.html,Likely India jurisdiction + hosted in India,Included because India was inferred from currency symbol INR; resolved IP also geolocated to India.,Not found on reviewed page,evidence_snapshots/02191_www.asianpaints.com_e08ff42215.html,e08ff42215d2d56abe43f3ef4a3567ddf9584efc0e33ed14a615ce10414f892b
2192,No immediate action,www.asianpaints.com,https://www.asianpaints.com/Terms&Conditions,Likely India jurisdiction + hosted in India,Included because India was inferred from currency symbol INR; resolved IP also geolocated to India.,Not found on reviewed page,evidence_snapshots/02192_www.asianpaints.com_e08ff42215.html,e08ff42215d2d56abe43f3ef4a3567ddf9584efc0e33ed14a615ce10414f892b
2193,No immediate action,www.asianpaints.com,https://www.asianpaints.com/home-colour-guide.html,Likely India jurisdiction + hosted in India,Included because India was inferred from currency symbol INR; resolved IP also geolocated to India.,Not found on reviewed page,evidence_snapshots/02193_www.asianpaints.com_e40400a502.html,e40400a502c8f80f60c522b3b92138d0c7cdbd45778aba9a08f1dd76ae3ef39e
2194,No immediate action,www.asianpaints.com,https://www.asianpaints.com/resources/tools/catalogue-directory.html,Likely India jurisdiction + hosted in India,Included because India was inferred from currency symbol INR; resolved IP also geolocated to India.,Not found on reviewed page,evidence_snapshots/02194_www.asianpaints.com_4538f54bd8.html,4538f54bd82bdc674bd5d9e7335b69a8b13555360c874f057421b8eed7ee2e5a
2195,No immediate action,www.beautifulhomes.asianpaints.com,https://www.beautifulhomes.asianpaints.com/sleek-kitchens.html,Likely India jurisdiction + hosted in India,Included because India was inferred from currency text Rs.; resolved IP also geolocated to India.,Not found on reviewed page,evidence_snapshots/02195_www.beautifulhomes.asianpaints.com_c7f678caf2.html,c7f678caf27edcc57fe53137bc1bbd65022be733170b1be32b14a26638ce1fd8
2196,No immediate action,www.beautifulhomes.asianpaints.com,https://www.beautifulhomes.asianpaints.com/decor-products/bath.html,Likely India jurisdiction + hosted in India,Included because India was inferred from currency text Rs.; resolved IP also geolocated to India.,Not found on reviewed page,evidence_snapshots/02196_www.beautifulhomes.asianpaints.com_44e658ebf7.html,44e658ebf7258999c306f9ec1fe1725ecd532c8e407950f9a5c962c0b21d3adf
2197,No immediate action,www.asianpaints.com,https://www.asianpaints.com/blogs.html,Likely India jurisdiction + hosted in India,Included because India was inferred from currency symbol INR; resolved IP also geolocated to India.,Not found on reviewed page,evidence_snapshots/02197_www.asianpaints.com_b755cf583e.html,b755cf583e7eed7b1eafc95c977097a7d2912868e900e576e10c8be6cb365ac4
2198,No immediate action,www.asianpaints.com,https://www.asianpaints.com/guides.html,Likely India jurisdiction + hosted in India,Included because India was inferred from currency symbol INR; resolved IP also geolocated to India.,Not found on reviewed page,evidence_snapshots/02198_www.asianpaints.com_107c0f9a7f.html,107c0f9a7f51749c43c3798d916e82ba7ba4c6a02f4270529dfaa103332d8fb3
2199,No immediate action,www.beautifulhomes.asianpaints.com,https://www.beautifulhomes.asianpaints.com/,Likely India jurisdiction + hosted in India,Included because India was inferred from country mention: india; resolved IP also geolocated to India.,Not found on reviewed page,evidence_snapshots/02199_www.beautifulhomes.asianpaints.com_55dffcb276.html,55dffcb276859e2cc925fdbe5ac3ff6d7eb9c0b723f560b845785d8ae68f998f
2200,No immediate action,www.asianpaints.com,https://www.asianpaints.com/paint-products.html,Likely India jurisdiction + hosted in India,Included because India was inferred from currency symbol INR; resolved IP also geolocated to India.,Not found on reviewed page,evidence_snapshots/02200_www.asianpaints.com_b995d10747.html,b995d10747b6ff0b79c3548bc128e4cddfb1fb43d89c9c9df178f6ec7c839f2e
2201,No immediate action,www.asianpaints.com,https://www.asianpaints.com/more/media.html,Likely India jurisdiction + hosted in India,Included because India was inferred from currency symbol INR; resolved IP also geolocated to India.,Not found on reviewed page,evidence_snapshots/02201_www.asianpaints.com_27de3c9cc7.html,27de3c9cc7dc4850a3f3d6049af6594dd36a47bbf719c51a76d16e425f4738c8
2203,No immediate action,www.legislation.gov.uk,https://www.legislation.gov.uk/ukpga/2018/30/notes,Hosted in India only,Included because the resolved IP geolocated to India (ip-api.com host geolocation); confirm business relevance manually.,Not found on reviewed page,evidence_snapshots/02203_www.legislation.gov.uk_6a961bb083.html,6a961bb0836b513cbe07385c17dd07e36e8a7f7302632ec13f50b12f7fac59c8
2207,No immediate action,www.gov.wales,https://www.gov.wales/accredited-museums,Hosted in India only,Included because the resolved IP geolocated to India (ip-api.com host geolocation); confirm business relevance manually.,Not found on reviewed page,evidence_snapshots/02207_www.gov.wales_d33fc114e6.html,d33fc114e6315e6719698feb362052798e60bdf45c604fa2fc337ebd66aa5e5e
2210,No immediate action,www.gov.uk,https://www.gov.uk/help/cookies,Likely India jurisdiction + hosted in India,Included because India was inferred from currency text Rs.; resolved IP also geolocated to India.,Not found on reviewed page,evidence_snapshots/02210_www.gov.uk_a4c53aa8df.html,a4c53aa8df7c349eec3b8dc1bc1496137c81d4e4d837f88c9297be5c3df97d83
2211,No immediate action,www.gov.uk,https://www.gov.uk/help,Hosted in India only,Included because the resolved IP geolocated to India (ip-api.com host geolocation); confirm business relevance manually.,Not found on reviewed page,evidence_snapshots/02211_www.gov.uk_a6b6d3438a.html,a6b6d3438aebd256bd1c06c283ca6c775829a7d4c4e448fc22a1318d7573a5be
2212,No immediate action,www.gov.uk,https://www.gov.uk/help/privacy-notice,Hosted in India only,Included because the resolved IP geolocated to India (ip-api.com host geolocation); confirm business relevance manually.,Not found on reviewed page,evidence_snapshots/02212_www.gov.uk_e4f9959a7e.html,e4f9959a7ea5c9957e4ba8054165e950521bbad4fb9224920b314768db430d6b
2213,No immediate action,www.gov.uk,https://www.gov.uk/help/accessibility-statement,Likely India jurisdiction + hosted in India,Included because India was inferred from currency text Rs.; resolved IP also geolocated to India.,Not found on reviewed page,evidence_snapshots/02213_www.gov.uk_82e0d82522.html,82e0d82522cdad0eb6407cd37ae720cb472ef15644897e3980a8627174c05723
2214,No immediate action,www.gov.uk,https://www.gov.uk/help/terms-conditions,Hosted in India only,Included because the resolved IP geolocated to India (ip-api.com host geolocation); confirm business relevance manually.,Not found on reviewed page,evidence_snapshots/02214_www.gov.uk_1e9cc67fea.html,1e9cc67fea8a9616cd4a666559a7c057c8600416035df0ebfad7d77d191e6af4
2215,No immediate action,www.gov.uk,https://www.gov.uk/search/news-and-communications,Hosted in India only,Included because the resolved IP geolocated to India (ip-api.com host geolocation); confirm business relevance manually.,Not found on reviewed page,evidence_snapshots/02215_www.gov.uk_9d6b3df105.html,9d6b3df1052a564e40842c8fbe01366257b29f89c7345037ef8b687495b69399
2216,No immediate action,www.gov.uk,https://www.gov.uk/government/publications/ivory-act-2018-enforcement-and-civil-sanctions,Hosted in India only,Included because the resolved IP geolocated to India (ip-api.com host geolocation); confirm business relevance manually.,Not found on reviewed page,evidence_snapshots/02216_www.gov.uk_9a2d15728c.html,9a2d15728c1af617b06e0cc404646f7c077dc379060e5c59c0100ba20d7fd939
2217,No immediate action,www.gov.uk,https://www.gov.uk/guidance/buy-or-hire-an-ivory-item,Hosted in India only,Included because the resolved IP geolocated to India (ip-api.com host geolocation); confirm business relevance manually.,Not found on reviewed page,evidence_snapshots/02217_www.gov.uk_38431313f1.html,38431313f14c694a1bb5d7139474d3aee57e365526e5b0824d392765be2f1d27
2218,No immediate action,www.gov.uk,https://www.gov.uk/guidance/bringing-seal-products-into-great-britain,Hosted in India only,Included because the resolved IP geolocated to India (ip-api.com host geolocation); confirm business relevance manually.,Not found on reviewed page,evidence_snapshots/02218_www.gov.uk_e58e846bc4.html,e58e846bc413c2c8c2275e57f75dc26e463666f0872ee4e6bee679e37e9e1b59
2219,No immediate action,www.gov.uk,https://www.gov.uk/guidance/ivory-apply-for-an-exemption-certificate-to-deal-in-pre-1918-outstandingly-high-artistic-cultural-or-historical-value-items,Hosted in India only,Included because the resolved IP geolocated to India (ip-api.com host geolocation); confirm business relevance manually.,Not found on reviewed page,evidence_snapshots/02219_www.gov.uk_81546ed984.html,81546ed9847b773d024707b6c75d96f9db63c5ee7a2976cf08abc90a2c00d257
2227,No immediate action,www.gemstones-guide.com,https://www.gemstones-guide.com/Difference-Between-Precious-And-Semiprecious.html,Likely India jurisdiction,Included because India was inferred from currency text Rs..,Not found on reviewed page,evidence_snapshots/02227_www.gemstones-guide.com_efacd16608.html,efacd166081e6b36d6b6e1f8e9a2e8b6c172076957e8e8ad395931106bc03367
2228,No immediate action,www.gemstones-guide.com,https://www.gemstones-guide.com/Hardness.html,Likely India jurisdiction,Included because India was inferred from currency text Rs..,Not found on reviewed page,evidence_snapshots/02228_www.gemstones-guide.com_672b8719bd.html,672b8719bd606ff07b737f26c4fe7564f8dee31646d20f8b0b447a098b6754ca
2234,No immediate action,bunny-wp-pullzone-pu3qiutlvo.b-cdn.net,https://bunny-wp-pullzone-pu3qiutlvo.b-cdn.net/wp-content/uploads/2020/05/ivory_blog2-400x400-1.png,Hosted in India only,Included because the resolved IP geolocated to India (ip-api.com host geolocation); confirm business relevance manually.,Not found on reviewed page,evidence_snapshots/02234_bunny-wp-pullzone-pu3qiutlvo.b-cdn.net_f5bf390e25.html,f5bf390e2513ffd3a0d25566c13aecfa57cf6e0ac43243d442c23b6fb437a372
2235,No immediate action,www.gov.uk,https://www.gov.uk/guidance/dealing-in-items-containing-ivory-or-made-of-ivory,Hosted in India only,Included because the resolved IP geolocated to India (ip-api.com host geolocation); confirm business relevance manually.,Not found on reviewed page,evidence_snapshots/02235_www.gov.uk_a08d52a953.html,a08d52a95372ae8e11929066eb5275eb881f3fcb2e61ddd51429031ea5b35218
2236,No immediate action,www.legislation.gov.uk,https://www.legislation.gov.uk/ukpga/2018/30/contents,Hosted in India only,Included because the resolved IP geolocated to India (ip-api.com host geolocation); confirm business relevance manually.,Not found on reviewed page,evidence_snapshots/02236_www.legislation.gov.uk_5bc14921b3.html,5bc14921b33e8c062ec9caec8d49ad807e221f89219e9deb0cd4dae71a7c23ce
2241,No immediate action,paypal.me,https://paypal.me/AntiquesArena,Hosted in India only,Included because the resolved IP geolocated to India (ip-api.com host geolocation); confirm business relevance manually.,Not found on reviewed page,evidence_snapshots/02241_www.paypal.com_24977dca0f.html,24977dca0f811b903264b61d7f130ae3122db1c229a9534de669afd20b2f013b
2242,No immediate action,goo.gl,https://goo.gl/maps/h3MmfxSwum53aQzu7,Likely India jurisdiction,Included because India was inferred from page metadata: IN.,Not found on reviewed page,evidence_snapshots/02242_www.google.com_5e94f0446d.html,5e94f0446d3ecc209257c8adfeab586021970b71b4b927562fccfd6ebd8e97bb
2256,No immediate action,www.hhs.gov,https://www.hhs.gov/vulnerability-disclosure-policy/index.html,Likely India jurisdiction + hosted in India,Included because India was inferred from currency text Rs.; resolved IP also geolocated to India.,Not found on reviewed page,evidence_snapshots/02256_www.hhs.gov_814b366aa9.html,814b366aa93f37de447b28d7f9a13c3207c67a22a91076d2f292385da62be5a2
2262,No immediate action,www.ncbi.nlm.nih.gov,https://www.ncbi.nlm.nih.gov/core/lw/2.0/html/tileshop_pmc/tileshop_pmc_inline.html?title=Click+on+image+to+zoom&p=PMC3&id=10816696_sciadv.adi9028-f1.jpg,Likely India jurisdiction,Included because India was inferred from search market en-IN.,Not found on reviewed page,evidence_snapshots/02262_www.ncbi.nlm.nih.gov_829435d2af.html,829435d2af2d4598f2695ce1600284ebe4868e725b17813dcc30cd592d97177e
2263,No immediate action,www.ncbi.nlm.nih.gov,https://www.ncbi.nlm.nih.gov/core/lw/2.0/html/tileshop_pmc/tileshop_pmc_inline.html?title=Click+on+image+to+zoom&p=PMC3&id=10816696_sciadv.adi9028-f2.jpg,Likely India jurisdiction,Included because India was inferred from search market en-IN.,Not found on reviewed page,evidence_snapshots/02263_www.ncbi.nlm.nih.gov_829435d2af.html,829435d2af2d4598f2695ce1600284ebe4868e725b17813dcc30cd592d97177e
2264,No immediate action,www.ncbi.nlm.nih.gov,https://www.ncbi.nlm.nih.gov/core/lw/2.0/html/tileshop_pmc/tileshop_pmc_inline.html?title=Click+on+image+to+zoom&p=PMC3&id=10816696_sciadv.adi9028-f3.jpg,Likely India jurisdiction,Included because India was inferred from search market en-IN.,Not found on reviewed page,evidence_snapshots/02264_www.ncbi.nlm.nih.gov_829435d2af.html,829435d2af2d4598f2695ce1600284ebe4868e725b17813dcc30cd592d97177e
2265,No immediate action,www.ncbi.nlm.nih.gov,https://www.ncbi.nlm.nih.gov/core/lw/2.0/html/tileshop_pmc/tileshop_pmc_inline.html?title=Click+on+image+to+zoom&p=PMC3&id=10816696_sciadv.adi9028-f4.jpg,Likely India jurisdiction,Included because India was inferred from search market en-IN.,Not found on reviewed page,evidence_snapshots/02265_www.ncbi.nlm.nih.gov_829435d2af.html,829435d2af2d4598f2695ce1600284ebe4868e725b17813dcc30cd592d97177e
2266,No immediate action,www.ncbi.nlm.nih.gov,https://www.ncbi.nlm.nih.gov/core/lw/2.0/html/tileshop_pmc/tileshop_pmc_inline.html?title=Click+on+image+to+zoom&p=PMC3&id=10816696_sciadv.adi9028-f5.jpg,Likely India jurisdiction,Included because India was inferred from search market en-IN.,Not found on reviewed page,evidence_snapshots/02266_www.ncbi.nlm.nih.gov_829435d2af.html,829435d2af2d4598f2695ce1600284ebe4868e725b17813dcc30cd592d97177e
2267,No immediate action,www.ncbi.nlm.nih.gov,https://www.ncbi.nlm.nih.gov/core/lw/2.0/html/tileshop_pmc/tileshop_pmc_inline.html?title=Click+on+image+to+zoom&p=PMC3&id=10816696_sciadv.adi9028-f6.jpg,Likely India jurisdiction,Included because India was inferred from search market en-IN.,Not found on reviewed page,evidence_snapshots/02267_www.ncbi.nlm.nih.gov_829435d2af.html,829435d2af2d4598f2695ce1600284ebe4868e725b17813dcc30cd592d97177e
2268,No immediate action,www.ncbi.nlm.nih.gov,https://www.ncbi.nlm.nih.gov/core/lw/2.0/html/tileshop_pmc/tileshop_pmc_inline.html?title=Click+on+image+to+zoom&p=PMC3&id=10816696_sciadv.adi9028-f7.jpg,Likely India jurisdiction,Included because India was inferred from search market en-IN.,Not found on reviewed page,evidence_snapshots/02268_www.ncbi.nlm.nih.gov_829435d2af.html,829435d2af2d4598f2695ce1600284ebe4868e725b17813dcc30cd592d97177e
2269,No immediate action,fortune.com,https://fortune.com/2026/08/13/chinese-censorship-ai-models-case-study/,Likely India jurisdiction + hosted in India,Included because India was inferred from currency text Rs.; resolved IP also geolocated to India.,Not found on reviewed page,evidence_snapshots/02269_fortune.com_60d9ec40ad.html,60d9ec40add7ee3e9ac49fa32f40048e01d1deaecf3354e7fc7d227e751fae59
2271,No immediate action,www.ajc.com,https://www.ajc.com/inspire/2026/08/sweet-tea-a-little-nibble/,Hosted in India only,Included because the resolved IP geolocated to India (ip-api.com host geolocation); confirm business relevance manually.,Not found on reviewed page,evidence_snapshots/02271_www.ajc.com_c64b24ab6f.html,c64b24ab6f33cb5c737440d616782e6a763a0629aff8b4f3d9400b9f417898cb
2272,No immediate action,www.nglish.com,http://www.nglish.com/spanish/opaque,Likely India jurisdiction + hosted in India,Included because India was inferred from currency text Rs.; resolved IP also geolocated to India.,Not found on reviewed page,evidence_snapshots/02272_www.nglish.com_4e9efd2dcb.html,4e9efd2dcbfa0defaaeb451c413653558bee443c5c794228c80d86000c56e7d2
2275,No immediate action,www.merriam-webster.com,https://www.merriam-webster.com/wordplay/longest-words-ever,Likely India jurisdiction,Included because India was inferred from currency text Rs..,Not found on reviewed page,evidence_snapshots/02275_www.merriam-webster.com_5254c29687.html,5254c29687a125ffdba5fcb7f9c3f7e4d5ef975a0b210d009e4c66b2d233542e
2276,No immediate action,www.merriam-webster.com,https://www.merriam-webster.com/games/blossom-word-game,Likely India jurisdiction,Included because India was inferred from search market en-IN.,Not found on reviewed page,evidence_snapshots/02276_www.merriam-webster.com_b2017d788a.html,b2017d788a6d5a353f22557b0de2857fce9455f80099bc94506cef98d51fa1c3
2279,Manual AmEx evidence review,corporate.britannica.com,https://corporate.britannica.com/termsofuse.html,Likely India jurisdiction,Included because India was inferred from currency text Rs..,Possible - AmEx logo/token or mixed signal,evidence_snapshots/02279_corporate.britannica.com_9e91974910.html,9e91974910a5875c740549f9a954f7ddb94f0e73614f1bccc53c972ada539f9c
2280,No immediate action,cam.britannica.com,https://cam.britannica.com/subscribe/bp-monthly-free-trial,Likely India jurisdiction,Included because India was inferred from search market en-IN.,Not found on reviewed page,evidence_snapshots/02280_cam.britannica.com_b2d16d4940.html,b2d16d49407a3bd70ee702e06eaf74e60af7b5169a5f4680c520085d98cdd9c1
2281,No immediate action,cam.britannica.com,https://cam.britannica.com/subscribe/bp-annual-free-trial?partnerCode=default_partner&_gl=1%2A1n99y1s%2A_ga%2AMTQzMDEyNDg1OC4xNzgyNDkyMTUx%2A_ga_821K16B669%2AczE3ODMzNjIzNzUkbzEwJGcxJHQxNzgzMzY0ODI0JGoyNSRsMCRoMA..,Likely India jurisdiction,Included because India was inferred from search market en-IN.,Not found on reviewed page,evidence_snapshots/02281_cam.britannica.com_7c5e4af795.html,7c5e4af795f42ef2c3acb8f1c6dc5e0e9506d965df2f8971bb6abc630ef0bcca
2282,No immediate action,cam.britannica.com,https://cam.britannica.com/subscribe/fam-annual?partnerCode=default_partner&_gl=1%2Ar70u9a%2A_ga%2AMTQzMDEyNDg1OC4xNzgyNDkyMTUx%2A_ga_821K16B669%2AczE3ODMzNjIzNzUkbzEwJGcxJHQxNzgzMzY0MDg4JGo1OCRsMCRoMA..,Likely India jurisdiction,Included because India was inferred from search market en-IN.,Not found on reviewed page,evidence_snapshots/02282_cam.britannica.com_74cef6a164.html,74cef6a1645f5159ea6365c3911c20d891a1cbb94b71543679a860575bcfd7be
2283,Manual AmEx evidence review,corporate.britannica.com,https://corporate.britannica.com/termsofuse.html?abExternalOpen=true&abExternalOpen=true,Likely India jurisdiction,Included because India was inferred from currency text Rs..,Possible - AmEx logo/token or mixed signal,evidence_snapshots/02283_corporate.britannica.com_7418091347.html,7418091347528a0e39967405822728176e7882b6ee6d5013c44c84b6b1e18de3
2284,No immediate action,www.britannica.com,https://www.britannica.com/list/10-iconic-churches-in-spain,Likely India jurisdiction,Included because India was inferred from currency text Rs..,Not found on reviewed page,evidence_snapshots/02284_www.britannica.com_b8f4b65305.html,b8f4b65305682bef1bc11555fae81ebd1373470dd697b8f9e62ffb32fdb1c141
2285,No immediate action,www.britannica.com,https://www.britannica.com/list/10-important-dates-in-mars-history,Likely India jurisdiction,Included because India was inferred from currency text Rs..,Not found on reviewed page,evidence_snapshots/02285_www.britannica.com_8a8cd8108e.html,8a8cd8108eae21b336fe354703a2702e2d5f1a9937345d155cfb77074c697bab
2286,No immediate action,www.britannica.com,https://www.britannica.com/list/10-important-dates-in-pluto-history,Likely India jurisdiction,Included because India was inferred from currency text Rs..,Not found on reviewed page,evidence_snapshots/02286_www.britannica.com_23bbde72bd.html,23bbde72bdcfc7de467117888e3461d68ac9434d51abe7448bdb33687c90e977
2288,No immediate action,www.britannica.com,https://www.britannica.com/list/10-inventions-that-changed-your-world,Likely India jurisdiction,Included because India was inferred from currency text Rs..,Not found on reviewed page,evidence_snapshots/02288_www.britannica.com_0853cec6c8.html,0853cec6c8dd2c94cb837fde775b0f57861854ea02a5d3f280394b7ac6485bd8
2289,No immediate action,www.britannica.com,https://www.britannica.com/place/central-Africa/Exploitation-of-ivory#ref467572,Likely India jurisdiction,Included because India was inferred from currency text Rs..,Not found on reviewed page,evidence_snapshots/02289_www.britannica.com_ecb0ecf490.html,ecb0ecf49061d9038cf9fb6f107d6e7a68dfedf55017ddc954b0b5c2e2879441
2290,No immediate action,www.britannica.com,https://www.britannica.com/editor/The-Information-Architects-of-Encyclopaedia-Britannica/12365882,Likely India jurisdiction,Included because India was inferred from currency text Rs..,Not found on reviewed page,evidence_snapshots/02290_www.britannica.com_dc52df5292.html,dc52df529246857f7715a38cdb1b67a2e660fbf3125b43e0a878b5f5edaa18b3
2291,No immediate action,www.britannica.com,https://www.britannica.com/media/1/298285/141378,Likely India jurisdiction,Included because India was inferred from search market en-IN.,Not found on reviewed page,evidence_snapshots/02291_www.britannica.com_d72ec25140.html,d72ec25140fafbcc59d48c273b3cd2f2f61214da5cccbf54c8c0d78663577c14
2293,Manual AmEx evidence review,creativebooster.net,https://creativebooster.net/blogs/shopping/shoes-for-women-over-50,Likely India jurisdiction,Included because India was inferred from search market en-IN.,Possible - AmEx logo/token or mixed signal,evidence_snapshots/02293_creativebooster.net_01a062e39c.html,01a062e39c7f4da95cc115905d751836bf76202256e3b48e7593233414ae6068
2294,Manual AmEx evidence review,creativebooster.net,https://creativebooster.net/blogs/shopping/20-stunning-beauty-products-under-25,Likely India jurisdiction,Included because India was inferred from currency text Rs..,Possible - AmEx logo/token or mixed signal,evidence_snapshots/02294_creativebooster.net_f628bd7409.html,f628bd74095cc854f77477f79ebb908cbac17d7ee0a97a7ea78049fb22c9d513
2295,Manual AmEx evidence review,creativebooster.net,https://creativebooster.net/blogs/hairstyles/auburn-hair-color-1,Likely India jurisdiction,Included because India was inferred from search market en-IN.,Possible - AmEx logo/token or mixed signal,evidence_snapshots/02295_creativebooster.net_dee04b8485.html,dee04b8485988d2ef2282e9ab377b50bdd7b662c0dc96222dbfb4d3a8cdfdd19
2296,Manual AmEx evidence review,creativebooster.net,https://creativebooster.net/blogs/hairstyles/brown-hair-with-highlights-1,Likely India jurisdiction,Included because India was inferred from search market en-IN.,Possible - AmEx logo/token or mixed signal,evidence_snapshots/02296_creativebooster.net_023ec0572f.html,023ec0572ffdd6de6a96bb15962cd4d9a2e71175c0fdc454b30a41988bc5b456
2297,Manual AmEx evidence review,creativebooster.net,https://creativebooster.net/blogs/hairstyles/hairstyles-with-bangs-for-older-women-lin2790,Likely India jurisdiction,Included because India was inferred from currency text Rs..,Possible - AmEx logo/token or mixed signal,evidence_snapshots/02297_creativebooster.net_b28ee35f5e.html,b28ee35f5e528615ddd38587035d9477b99627e50626e29453ffaf0bfa2709fb
2298,Manual AmEx evidence review,creativebooster.net,https://creativebooster.net/blogs/hairstyles/wispy-hairstyles-for-women-over-50-lin7737,Likely India jurisdiction,Included because India was inferred from currency text Rs..,Possible - AmEx logo/token or mixed signal,evidence_snapshots/02298_creativebooster.net_4924b5888c.html,4924b5888c393e53f065e3893597554e96bbaffe1fd73696a8570c4e1bc7fbe2
2299,Manual AmEx evidence review,creativebooster.net,https://creativebooster.net/blogs/hairstyles/black-cherry-hair-color-1,Likely India jurisdiction,Included because India was inferred from currency text Rs..,Possible - AmEx logo/token or mixed signal,evidence_snapshots/02299_creativebooster.net_aa0c012517.html,aa0c012517956cb8a3562a6df4bdb9254789e9ba63fac62c76156955d1fa7393
2300,Manual AmEx evidence review,creativebooster.net,https://creativebooster.net/blogs/home/kitchen-island-ideas,Likely India jurisdiction,Included because India was inferred from search market en-IN.,Possible - AmEx logo/token or mixed signal,evidence_snapshots/02300_creativebooster.net_759761d22c.html,759761d22c321d3773d305ac4d3cea51812b578616aaff3b9a7858e15e6699bb
2301,Manual AmEx evidence review,creativebooster.net,https://creativebooster.net/blogs/home/black-and-white-office-ideas,Likely India jurisdiction,Included because India was inferred from search market en-IN.,Possible - AmEx logo/token or mixed signal,evidence_snapshots/02301_creativebooster.net_c597ca65ec.html,c597ca65ec0879f17694ccc4867849ef3dbca50de649342866c9d305b648af1a
2302,Manual AmEx evidence review,creativebooster.net,https://creativebooster.net/blogs/home/beach-kitchen-ideas,Likely India jurisdiction,Included because India was inferred from currency text Rs..,Possible - AmEx logo/token or mixed signal,evidence_snapshots/02302_creativebooster.net_0f6d612802.html,0f6d61280264987ecf98cd1a5161aefb3feba04f27689b9fcfba03d1ce5595e1
2303,Manual AmEx evidence review,creativebooster.net,https://creativebooster.net/blogs/home/cream-living-room-ideas,Likely India jurisdiction,Included because India was inferred from search market en-IN.,Possible - AmEx logo/token or mixed signal,evidence_snapshots/02303_creativebooster.net_908c0041e9.html,908c0041e97d7d5f2a3f613f7f87762ccf47996651f6dc7c97f50570e3e1430a
2304,Manual AmEx evidence review,creativebooster.net,https://creativebooster.net/blogs/home/open-kitchen-ideas,Likely India jurisdiction,Included because India was inferred from search market en-IN.,Possible - AmEx logo/token or mixed signal,evidence_snapshots/02304_creativebooster.net_21d4ec4aac.html,21d4ec4aacf30adfb1b531a5bd149d12e8f882278dfb866be82d91464a3cefdc
2305,Manual AmEx evidence review,creativebooster.net,https://creativebooster.net/blogs/nails/cowgirl-nail-ideas,Likely India jurisdiction,Included because India was inferred from search market en-IN.,Possible - AmEx logo/token or mixed signal,evidence_snapshots/02305_creativebooster.net_3f034d49d2.html,3f034d49d2ed6d5f79cae0444f2368efcff068b9b241c406043c0cf8cc18e459
2306,Manual AmEx evidence review,creativebooster.net,https://creativebooster.net/blogs/nails/copper-color-nail-ideas,Likely India jurisdiction,Included because India was inferred from search market en-IN.,Possible - AmEx logo/token or mixed signal,evidence_snapshots/02306_creativebooster.net_dd31546898.html,dd315468984ca93336886a31cb134cbd6c66e30ea041da83d27b49edbc1bb9f9
2307,Manual AmEx evidence review,creativebooster.net,https://creativebooster.net/blogs/nails/christmas-french-tip-nail-ideas,Likely India jurisdiction,Included because India was inferred from search market en-IN.,Possible - AmEx logo/token or mixed signal,evidence_snapshots/02307_creativebooster.net_a7e87e5e98.html,a7e87e5e983dd354bb00619e52add8494127607349974f6a7afb9e10fcae166e
2308,Manual AmEx evidence review,creativebooster.net,https://creativebooster.net/blogs/nails/camouflage-nail-ideas,Likely India jurisdiction,Included because India was inferred from search market en-IN.,Possible - AmEx logo/token or mixed signal,evidence_snapshots/02308_creativebooster.net_2a9adc204c.html,2a9adc204c5ec10e089ad1453a64a3580a90b90587030c7b63c8b4f01c101f52
2309,Manual AmEx evidence review,creativebooster.net,https://creativebooster.net/blogs/nails/burgundy-and-gold-nail-ideas,Likely India jurisdiction,Included because India was inferred from search market en-IN.,Possible - AmEx logo/token or mixed signal,evidence_snapshots/02309_creativebooster.net_dd4167a3dd.html,dd4167a3dd5f7812bfd38c0914063e120d7d8d449625e9e37b57ded2b7c0d0c9
2310,Manual AmEx evidence review,creativebooster.net,https://creativebooster.net/blogs/colors/mauve-color-palettes,Likely India jurisdiction,Included because India was inferred from search market en-IN.,Possible - AmEx logo/token or mixed signal,evidence_snapshots/02310_creativebooster.net_acbea1fad6.html,acbea1fad6af27a4a5fc82b3e3b108d52a877d1f25a44842d6b5b69ce75860e4
2311,Manual AmEx evidence review,creativebooster.net,https://creativebooster.net/blogs/colors/indigo-color-palettes,Likely India jurisdiction,Included because India was inferred from currency text Rs..,Possible - AmEx logo/token or mixed signal,evidence_snapshots/02311_creativebooster.net_404c0f87a8.html,404c0f87a83f8e1432eda6647b6b64a4b93e1ffeee884e336dbc0303bc00a589
2312,Manual AmEx evidence review,creativebooster.net,https://creativebooster.net/blogs/colors/violet-color-palettes,Likely India jurisdiction,Included because India was inferred from search market en-IN.,Possible - AmEx logo/token or mixed signal,evidence_snapshots/02312_creativebooster.net_701bc2c355.html,701bc2c355c3916625baf5b909b74f21d4dc46d11acaa487511ce1bf3bc8374d
2313,Manual AmEx evidence review,creativebooster.net,https://creativebooster.net/blogs/colors/tan-color-palettes,Likely India jurisdiction,Included because India was inferred from search market en-IN.,Possible - AmEx logo/token or mixed signal,evidence_snapshots/02313_creativebooster.net_b81a4028e2.html,b81a4028e2517255016f4855f7ecce607a5af5a910feb4d5d8e0afd6cac4943b
2314,Manual AmEx evidence review,creativebooster.net,https://creativebooster.net/blogs/colors/shades-of-copper-color,Likely India jurisdiction,Included because India was inferred from search market en-IN.,Possible - AmEx logo/token or mixed signal,evidence_snapshots/02314_creativebooster.net_499460c652.html,499460c652475c39fadf44b09fb054de853331fc6fc5c1aa57383fd959596d26
2315,Manual AmEx evidence review,creativebooster.net,https://creativebooster.net/blogs/colors/shades-of-bronze-color,Likely India jurisdiction,Included because India was inferred from search market en-IN.,Possible - AmEx logo/token or mixed signal,evidence_snapshots/02315_creativebooster.net_24c45aa9c3.html,24c45aa9c319d29bbd29fcbdbd4b090f4a30dcdebf4f2cbefa6d78fc585f9ae5
2317,Manual AmEx evidence review,creativebooster.net,https://creativebooster.net/blogs/colors/tagged/purple,Likely India jurisdiction,Included because India was inferred from search market en-IN.,Possible - AmEx logo/token or mixed signal,evidence_snapshots/02317_creativebooster.net_97b78f807d.html,97b78f807d93c957e14f8f6d0792a8a41087bb96db99e340bf9b4012b626d4bf
2318,Manual AmEx evidence review,creativebooster.net,https://creativebooster.net/blogs/colors/tagged/shades-of-purple,Likely India jurisdiction,Included because India was inferred from search market en-IN.,Possible - AmEx logo/token or mixed signal,evidence_snapshots/02318_creativebooster.net_7353d5540b.html,7353d5540b9301814306062e38bf22aa239b28f75f76101c58a414322896ca5e
2319,No immediate action,www.panda.org,https://www.panda.org?referer=wwforg,Likely India jurisdiction,Included because India was inferred from currency text Rs..,Not found on reviewed page,evidence_snapshots/02319_wwf.panda.org_473686389b.html,473686389b4600bda42190038a86b41ad91d8ebacd48b26044286289b97886ee
2320,No immediate action,www.wwfadria.org,https://www.wwfadria.org?referer=wwforg,Likely India jurisdiction,Included because India was inferred from currency text Rs..,Not found on reviewed page,evidence_snapshots/02320_www.wwfadria.org_e586eb053e.html,e586eb053e259a9e4d5acf18081942c927a1e3d046400b1c6193ce537eca9968
2323,No immediate action,www.wwf.org.au,https://www.wwf.org.au?referer=wwforg,Likely India jurisdiction,Included because India was inferred from currency text Rs..,Not found on reviewed page,evidence_snapshots/02323_www.wwf.org.au_60ae4d4fb8.html,60ae4d4fb8f94cba3f73094714493b8c049ab601cc2e14034d047db936591cee
2327,No immediate action,wwfca.org,https://wwfca.org?referer=wwforg,Likely India jurisdiction,Included because India was inferred from currency text Rs..,Not found on reviewed page,evidence_snapshots/02327_www.wwfca.org_267480bf49.html,267480bf499d50cdbb79965a5a0a0ea3ec6ef981734750d9cad09b2ec286db88
2328,No immediate action,wwfgifts.cashstar.com,https://wwfgifts.cashstar.com/store/recipient?locale=en-us,Hosted in India only,Included because the resolved IP geolocated to India (ip-api.com host geolocation); confirm business relevance manually.,Not found on reviewed page,evidence_snapshots/02328_wwfgifts.cashstar.com_f5d638cd9a.html,f5d638cd9a638dd9f550a07499545e7db1b926e282d5310a94d71ac76e0d5235
2329,No immediate action,balance.clutch.com,https://balance.clutch.com/wwfgifts,Likely India jurisdiction,Included because India was inferred from search market en-IN.,Not found on reviewed page,evidence_snapshots/02329_balance.clutch.com_895404df4c.html,895404df4cb74461630c136d6490a5c10b81f6c6e243aedbc7b4ca49047c844d
2331,No immediate action,www.adr.org,https://www.adr.org/sites/default/files/Consumer%20Rules.pdf,Likely India jurisdiction,Included because India was inferred from currency text Rs..,Not found on reviewed page,evidence_snapshots/02331_www.adr.org_053f593fad.html,053f593fadb363444f4f31b2fc820ae844c9d405e59037372581a473615fd0de
2333,No immediate action,protect.worldwildlife.org,https://protect.worldwildlife.org/page/50225/subscribe/nohref,Likely India jurisdiction,Included because India was inferred from search market en-IN.,Not found on reviewed page,evidence_snapshots/02333_protect.worldwildlife.org_4cc377c308.html,4cc377c308f296b793d3069f694073637fc3d5c89792077a7a4e10c7c045da6a
2334,No immediate action,acb0a5d73b67fccd4bbe-c2d8138f0ea10a18dd4c43ec3aa4240a.ssl.cf5.rackcdn.com,https://acb0a5d73b67fccd4bbe-c2d8138f0ea10a18dd4c43ec3aa4240a.ssl.cf5.rackcdn.com/10114/2400_desktopwallpaper_elephant_1366.jpg?v=1691011039000,Hosted in India only,Included because the resolved IP geolocated to India (ip-api.com host geolocation); confirm business relevance manually.,Not found on reviewed page,evidence_snapshots/02334_acb0a5d73b67fccd4bbe-c2d8138f0ea10a18dd4_f7e5793170.html,f7e579317021d1b12ee3fac8f4b3637687627a3d2760ddb02b8b58d2e44c15d3
2336,No immediate action,flipboard.com,https://flipboard.com/@instyle,Likely India jurisdiction + hosted in India,Included because India was inferred from search market en-IN; resolved IP also geolocated to India.,Not found on reviewed page,evidence_snapshots/02336_flipboard.com_a224d50b9e.html,a224d50b9ecdb104e3253482b6430e001e5476370a1f9279d8914c66a1a97663
2337,No immediate action,www.nordstromrack.com,https://www.nordstromrack.com/s/vionic-estelle-sneaker-women/8837495,Hosted in India only,Included because the resolved IP geolocated to India (ip-api.com host geolocation); confirm business relevance manually.,Not found on reviewed page,evidence_snapshots/02337_www.nordstromrack.com_ccc4970b70.html,ccc4970b7044df860e595379903e96da883cd9aa50d6afb8ff123119ac0c03ea
2338,No immediate action,www.vivaia.com,https://www.vivaia.com/products/XRPD01213/Allday,Likely India jurisdiction + hosted in India,Included because India was inferred from currency text Rs.; resolved IP also geolocated to India.,Not found on reviewed page,evidence_snapshots/02338_www.vivaia.com_17bb0f2fe6.html,17bb0f2fe6c274e5ed395510882f36e5817185955c4befd198b3fe7f8632aaad
2339,No immediate action,www.amazon.com,https://www.amazon.com/SERNIAL-Platform-Sneakers-Leather-Walking/dp/B0BW89XFCF?tag=instyle-onsite-backup-20,Hosted in India only,Included because the resolved IP geolocated to India (ip-api.com host geolocation); confirm business relevance manually.,Not found on reviewed page,evidence_snapshots/02339_www.amazon.com_95dfa0784c.html,95dfa0784cb3f61c1be7fa777bd01cec7da681f814a349c5626c0eefaedbe5b0
2340,No immediate action,www.nordstrom.com,https://www.nordstrom.com/s/veja-campo-sneaker-women/9139155,Likely India jurisdiction + hosted in India,Included because India was inferred from search market en-IN; resolved IP also geolocated to India.,Not found on reviewed page,evidence_snapshots/02340_www.nordstrom.com_90229cf2f0.html,90229cf2f05846b7a176fafd9c6427238b9c798f808e80c15e0a57a48b7a47d7
2341,No immediate action,www.therealreal.com,https://www.therealreal.com/products/women/shoes/sneakers/louis-vuitton-lv-monogram-leather-sneakers-vfz4d,Likely India jurisdiction + hosted in India,Included because India was inferred from search market en-IN; resolved IP also geolocated to India.,Not found on reviewed page,evidence_snapshots/02341_www.therealreal.com_b11f3ab4f2.html,b11f3ab4f2749645bbfdf84597558c372357d6f33697432ecbeab1108c577760
2342,No immediate action,www.quince.com,https://www.quince.com/women/leather-everyday-sneaker,Hosted in India only,Included because the resolved IP geolocated to India (ip-api.com host geolocation); confirm business relevance manually.,Not found on reviewed page,evidence_snapshots/02342_www.quince.com_3ce97b815c.html,3ce97b815c6ac007ea95301e9597a9d6a0167b22a5164eca55377efd57c07a46
2343,Hosted-only India signal - check relevance,www.zappos.com,https://www.zappos.com/p/unisex-new-balance-classics-bb480l-v1-sea-salt-classic-crimson/product/9523705/color/1119121,Hosted in India only,Included because the resolved IP geolocated to India (ip-api.com host geolocation); confirm business relevance manually.,Yes - visible AmEx acceptance signal,evidence_snapshots/02343_www.zappos.com_b243205fda.html,b243205fda31f5bcd69c623b41b24f3e4707cf32b8742880014bdda76ff494cd
2344,No immediate action,www.people.inc,https://www.people.inc/brands-privacy,Likely India jurisdiction,Included because India was inferred from currency text Rs..,Not found on reviewed page,evidence_snapshots/02344_www.people.inc_336e0d47d3.html,336e0d47d3f608346349d32c394a98a0a20f7c156863d14f04e9913689cc41ba
2345,No immediate action,www.instyle.com,https://www.instyle.com/news-5341525,Likely India jurisdiction,Included because India was inferred from search market en-IN.,Not found on reviewed page,evidence_snapshots/02345_www.instyle.com_8cacea143a.html,8cacea143a5689e77a902a00b8bf58a01f3a484be2d4b6c62989f1df4d375c0d
2348,No immediate action,www.instyle.com,https://www.instyle.com/gift-guides-5341406,Likely India jurisdiction,Included because India was inferred from search market en-IN.,Not found on reviewed page,evidence_snapshots/02348_www.instyle.com_de59e67a4b.html,de59e67a4bd484227ceadd448db6efc7fc8b889c5c8afaaefe0ac4fa0051c73b
2349,No immediate action,www.instyle.com,https://www.instyle.com/about-us-5342362,Likely India jurisdiction,Included because India was inferred from search market en-IN.,Not found on reviewed page,evidence_snapshots/02349_www.instyle.com_48dd338cc2.html,48dd338cc2f4e333756afe2422c1b920b54d1cc679274e09795149214f0b5044
2350,No immediate action,www.instyle.com,https://www.instyle.com/oprah-inspired-fashion-beauty-deals-amazon-august-2026-12035032,Likely India jurisdiction,Included because India was inferred from currency text Rs..,Not found on reviewed page,evidence_snapshots/02350_www.instyle.com_326ac8306d.html,326ac8306df6aede327ea55c0cee80cfa4d88986c1b76cdea1f051be1a59b44b
2351,No immediate action,www.instyle.com,https://www.instyle.com/kate-middleton-veja-esplar-sneakers-review-12030480,Likely India jurisdiction,Included because India was inferred from currency text Rs..,Not found on reviewed page,evidence_snapshots/02351_www.instyle.com_7c306d4d32.html,7c306d4d32f89129ff659847c7720f0fbe219719d59f7811dfcde64e4d6c7a48
2352,No immediate action,www.instyle.com,https://www.instyle.com/sneakers-outfits-copenhagen-denmark-guide-12005059,Likely India jurisdiction,Included because India was inferred from currency text Rs..,Not found on reviewed page,evidence_snapshots/02352_www.instyle.com_bbe1421636.html,bbe142163606017c736db2332bd12a9322b6c620f761d8d681f594b4c4ea6923
2353,No immediate action,www.instyle.com,https://www.instyle.com/dr-scholls-time-off-sneakers-flight-attendant-review-12035685,Likely India jurisdiction,Included because India was inferred from currency text Rs..,Not found on reviewed page,evidence_snapshots/02353_www.instyle.com_f8ee5a5edf.html,f8ee5a5edffc51c66c2eb8725aa7a0f1b52a23ab6e6eeeefa81e98d5090bff38
2354,No immediate action,www.instyle.com,https://www.instyle.com/scarlett-johansson-new-balance-sneakers-amazon-12035614,Likely India jurisdiction,Included because India was inferred from currency text Rs..,Not found on reviewed page,evidence_snapshots/02354_www.instyle.com_78524fd0bd.html,78524fd0bde68c60bc8ee57e45575daacf27b96e92b5db7ccdf1b73ea4f529fc
2355,No immediate action,w1.buysub.com,https://w1.buysub.com/servlet/CSGateway?cds_mag_code=PPL,Likely India jurisdiction,Included because India was inferred from search market en-IN.,Not found on reviewed page,evidence_snapshots/02355_w1.buysub.com_67d44f1a45.html,67d44f1a45daa12a2d93211d19c4a1860e4739fb18cee21b32245cc2f46b7da1
2356,Manual AmEx evidence review,www.magazines.com,https://www.magazines.com/people-magazine.html,Likely India jurisdiction + hosted in India,Included because India was inferred from currency text Rs.; resolved IP also geolocated to India.,Possible - AmEx logo/token or mixed signal,evidence_snapshots/02356_www.magazines.com_32266826cc.html,32266826cc4e9c78c5c7d6050e1bfab172ea2736f267cd7a40b2a8c19e1f796e
2357,No immediate action,people-app.onelink.me,https://people-app.onelink.me/HNIa/emh3lhl3,Likely India jurisdiction,Included because India was inferred from search market en-IN.,Not found on reviewed page,evidence_snapshots/02357_people.com_88902d557b.html,88902d557b3d030d0da7cadf7e93e97e0e6931f600e6b951a08c1fb7cdebfedb
2358,No immediate action,flipboard.com,https://flipboard.com/@people,Likely India jurisdiction + hosted in India,Included because India was inferred from search market en-IN; resolved IP also geolocated to India.,Not found on reviewed page,evidence_snapshots/02358_flipboard.com_86cd2ce483.html,86cd2ce483d6dc664c71207127325f52ead092fc8809f664b3ab486c2f921543
2359,No immediate action,www.quince.com,https://www.quince.com/women/italian-leather-mini-barrel-shoulder-bag?color=black,Hosted in India only,Included because the resolved IP geolocated to India (ip-api.com host geolocation); confirm business relevance manually.,Not found on reviewed page,evidence_snapshots/02359_www.quince.com_62ec894df2.html,62ec894df2dad1733fd581e9c583a5f04baa62a5b945e4f24af8bc9e82e72141
2360,Manual AmEx evidence review,www.therow.com,https://www.therow.com/products/90s-bag-black,Likely India jurisdiction,Included because India was inferred from currency text Rs..,Possible - AmEx logo/token or mixed signal,evidence_snapshots/02360_www.therow.com_95d93a8962.html,95d93a89624a12e525579e6d32402593b44d86210f91c6f77b1b6bd74f2568a2
2362,No immediate action,people.com,https://people.com/account/settings,Likely India jurisdiction,Included because India was inferred from search market en-IN.,Not found on reviewed page,evidence_snapshots/02362_app-auth.people.com_4b3b0d5106.html,4b3b0d51063ffd87165ecd08187a30673428aa8bbd3045a3a5c2120121d14917
2363,No immediate action,people.com,https://people.com/about-us-page-5499056#toc-contact-us,Likely India jurisdiction,Included because India was inferred from currency text Rs..,Not found on reviewed page,evidence_snapshots/02363_people.com_1bfa7edb9c.html,1bfa7edb9c073bb1f77c87c9985ef67cbbd4b94f0530ae6d05819a0b4ba41704
2366,No immediate action,people.com,https://people.com/british-royal-family-news,Likely India jurisdiction,Included because India was inferred from search market en-IN.,Not found on reviewed page,evidence_snapshots/02366_people.com_cb78fd4da4.html,cb78fd4da4d5f9f5cdf284b5b65cd9f9ec5e3c32e6730719951f04fa34e79793
2369,No immediate action,people.com,https://people.com/shopping-kitchen,Likely India jurisdiction,Included because India was inferred from search market en-IN.,Not found on reviewed page,evidence_snapshots/02369_people.com_297f63b298.html,297f63b2989c81e98af88e3b642b5cef2ba1ba9a86e78b42b21b2bbf5f3e69a1
2370,No immediate action,people.com,https://people.com/shopping-travel,Likely India jurisdiction,Included because India was inferred from search market en-IN.,Not found on reviewed page,evidence_snapshots/02370_people.com_16fb001c4a.html,16fb001c4a4607d479fcd00cfd207cd504380f9542924d143e6c0f41f8d3d4d1
2371,No immediate action,people.com,https://people.com/shopping-pets,Likely India jurisdiction,Included because India was inferred from search market en-IN.,Not found on reviewed page,evidence_snapshots/02371_people.com_243c40d9fc.html,243c40d9fce7e8bbd2994a0d890841c7cfe7f70eba191c4e526827e43107604c
2373,No immediate action,w1.buysub.com,https://w1.buysub.com/pubs/BA/RBB/Subscribe.jsp?cds_page_id=271531&cds_mag_code=RBB&id=1745876536173&lsid=51181642161042258&vid=1,Likely India jurisdiction,Included because India was inferred from search market en-IN.,Not found on reviewed page,evidence_snapshots/02373_w1.buysub.com_428f154259.html,428f154259d3b7bf3131e092c102102a53c72f3ad5af99a2392194999a36ba70
2374,No immediate action,pmc.com,https://pmc.com/terms-of-use,Likely India jurisdiction,Included because India was inferred from currency text Rs..,Not found on reviewed page,evidence_snapshots/02374_www.pmc.com_9e3aeac145.html,9e3aeac145719c0bb77b5238853f515e8e0238ff49d408f03cda3dfda28da2dc
2375,No immediate action,rr1.com,https://rr1.com/,Likely India jurisdiction,Included because India was inferred from currency code INR.,Not found on reviewed page,evidence_snapshots/02375_www.rr1.com_6c2a59e4d6.html,6c2a59e4d65e895b1dc6c325fd8b4188a11de71f1e88250c98dd6311c357872f
2385,No immediate action,preferences.mail.robbreport.com,http://preferences.mail.robbreport.com/preferences,Likely India jurisdiction,Included because India was inferred from currency text Rs..,Not found on reviewed page,evidence_snapshots/02385_preferences.mail.robbreport.com_d85740daff.html,d85740daff00a6a9e1407c7544ab0451c3a0390e78a43e4688c76d182357789e
2386,No immediate action,flipboard.com,https://flipboard.com/@ew,Likely India jurisdiction + hosted in India,Included because India was inferred from currency text Rs.; resolved IP also geolocated to India.,Not found on reviewed page,evidence_snapshots/02386_flipboard.com_addbd24e5a.html,addbd24e5a302ea4bde7fd6bf39f12c8386b336ff178876989afab67fb902766
2387,No immediate action,www.vogue.co.uk,https://www.vogue.co.uk/gallery/melanie-c-wedding-victoria-beckham-dress,Hosted in India only,Included because the resolved IP geolocated to India (ip-api.com host geolocation); confirm business relevance manually.,Not found on reviewed page,evidence_snapshots/02387_www.vogue.co.uk_ec8a255ebf.html,ec8a255ebf6ff499093c74b3fbe199b0916d9725709ffcd167edec6240788735
2388,No immediate action,www.people.inc,https://www.people.inc/brands-termsofservice,Likely India jurisdiction,Included because India was inferred from currency text Rs..,Not found on reviewed page,evidence_snapshots/02388_www.people.inc_b3bf3069e3.html,b3bf3069e325289bfa5c78d9b8c3c0a5396c38b0f3e222e614e0428503018abc
2389,Manual AmEx evidence review,www.magazines.com,https://www.magazines.com/entertainment-weekly-magazine.html,Likely India jurisdiction + hosted in India,Included because India was inferred from currency text Rs.; resolved IP also geolocated to India.,Possible - AmEx logo/token or mixed signal,evidence_snapshots/02389_www.magazines.com_de1ee8b414.html,de1ee8b41493d2b594fc0738bdf2eac13399c3e6291a0362026043c3c4fc0d93
2393,Reference/news - lower priority,worldpopulationreview.com,https://worldpopulationreview.com/country-rankings/countries-where-prostitution-is-legal,Likely India jurisdiction + hosted in India,Included because India was inferred from currency text Rs.; resolved IP also geolocated to India.,Not found on reviewed page,evidence_snapshots/02393_worldpopulationreview.com_75eb977bed.html,75eb977bedd553b48faddec8cf2d4e9f72fe36c070997ca92f6ca39b95370526
2395,Reference/news - lower priority,www.wikiwand.com,https://www.wikiwand.com/en/Brothel,Likely India jurisdiction,Included because India was inferred from currency text Rs..,Not found on reviewed page,evidence_snapshots/02395_www.wikiwand.com_5b6ada4d25.html,5b6ada4d250fde200ac4308ba5e4bbe3f7180d2dbb5354348a60c9ff1271d011
2401,No immediate action,wedeqtory.com.au,https://wedeqtory.com.au/a-guide-to-visiting-legal-brothels-in-australia-etiquette-safety-and-expectations/,Hosted in India only,Included because the resolved IP geolocated to India (ip-api.com host geolocation); confirm business relevance manually.,Not found on reviewed page,evidence_snapshots/02401_wedeqtory.com.au_c809f1e83e.html,c809f1e83e6821627b07499f7a5d898bf7e9e192d5bb50137277c901564d7cad
2402,No immediate action,www.smh.com.au,https://www.smh.com.au/national/nsw/sex-in-the-suburbs-where-are-sydney-s-red-light-districts-20190621-p51zxr.html,Likely India jurisdiction + hosted in India,Included because India was inferred from currency text Rs.; resolved IP also geolocated to India.,Not found on reviewed page,evidence_snapshots/02402_www.smh.com.au_6e01df67c0.html,6e01df67c0714bcb764b45612b1db0ee7e16d95cc01b81cd57ee205c8e3d1f7e
2407,Activity found - AmEx not visible,www.travelsafe-abroad.com,https://www.travelsafe-abroad.com/countries-where-prostitution-is-legal/,Hosted in India only,Included because the resolved IP geolocated to India (ip-api.com host geolocation); confirm business relevance manually.,Not found on reviewed page,evidence_snapshots/02407_www.travelsafe-abroad.com_62731e9583.html,62731e95832b1b91cf8841fc6c936f35b01fe04736e93293916606d0e5acef8d
2408,No immediate action,www.bihartimes.in,http://www.bihartimes.in/Newsbihar/2025/June/newsbihar14June5.html,Likely India jurisdiction,Included because India was inferred from country-code domain .in.,Not found on reviewed page,evidence_snapshots/02408_www.bihartimes.in_cc0b4e4251.html,cc0b4e42510d49c6decd464123ecf3b14ae9b47f9b4ed2ee64893e2d6520a264
2410,No immediate action,www.iyops.org,https://www.iyops.org/post/a-guide-to-prostitution-in-india-then-and-now-the-dark-shadows-behind-the-glittery-curtains,Likely India jurisdiction,Included because India was inferred from currency text Rs..,Not found on reviewed page,evidence_snapshots/02410_www.iyops.org_01c2d5cc12.html,01c2d5cc125b2f833db79c947f97745fec3fd5b566fda613acd34b8750638fed
2415,No immediate action,www.studyiq.com,https://www.studyiq.com/articles/human-trafficking-in-india/,Likely India jurisdiction + hosted in India,Included because India was inferred from page metadata: IN; resolved IP also geolocated to India.,Not found on reviewed page,evidence_snapshots/02415_www.studyiq.com_c016caeac1.html,c016caeac113ef2963ba494503f65b98fbbf237143412330eb94e71130c36c2a
2417,No immediate action,www.unodc.org,https://www.unodc.org/unodc/en/human-trafficking/what-is-human-trafficking.html,Likely India jurisdiction,Included because India was inferred from currency text Rs..,Not found on reviewed page,evidence_snapshots/02417_www.unodc.org_44a9b4a6f2.html,44a9b4a6f2afb03ccc33a3ceebd2d3db5bc2d0559b071ab1acc85f897d92843f
2418,No immediate action,globaltrafficking.org,https://globaltrafficking.org/,Likely India jurisdiction,Included because India was inferred from currency text Rs..,Not found on reviewed page,evidence_snapshots/02418_globaltrafficking.org_9d96d1760d.html,9d96d1760dff5b733becad11e39aeed0cee6d27f55113a2a0205f719cb711922
2420,No immediate action,www.justice.gov,https://www.justice.gov/humantrafficking/what-is-human-trafficking,Likely India jurisdiction + hosted in India,Included because India was inferred from currency text Rs.; resolved IP also geolocated to India.,Not found on reviewed page,evidence_snapshots/02420_www.justice.gov_b3468a719c.html,b3468a719c0fc2a727bec425b5163004a0edaab90563a7728556119a0600d766
2423,No immediate action,www.dhs.gov,https://www.dhs.gov/blue-campaign/what-human-trafficking,Likely India jurisdiction + hosted in India,Included because India was inferred from currency text Rs.; resolved IP also geolocated to India.,Not found on reviewed page,evidence_snapshots/02423_www.dhs.gov_4ad104fa95.html,4ad104fa9568c5d3ffa2ade3f81091b42c4aaedafe9e6fdded1943e434f2c897
2424,No immediate action,www.dhs.gov,https://www.dhs.gov/human-trafficking-quick-facts,Likely India jurisdiction + hosted in India,Included because India was inferred from currency text Rs.; resolved IP also geolocated to India.,Not found on reviewed page,evidence_snapshots/02424_www.dhs.gov_e0eae7784d.html,e0eae7784d0abc19946314fe5c7ae9194f2e2d8416916bf586358ad4117abcb5
2425,No immediate action,www.state.gov,https://www.state.gov/what-is-trafficking-in-persons/,Hosted in India only,Included because the resolved IP geolocated to India (ip-api.com host geolocation); confirm business relevance manually.,Not found on reviewed page,evidence_snapshots/02425_www.state.gov_d8fb879fe2.html,d8fb879fe22f1bb72f4b90153e8d3bcbf53b16125a364b9676c072cf702ea007
2426,No immediate action,www.justice.gov,https://www.justice.gov/humantrafficking,Hosted in India only,Included because the resolved IP geolocated to India (ip-api.com host geolocation); confirm business relevance manually.,Not found on reviewed page,evidence_snapshots/02426_www.justice.gov_797630415d.html,797630415d01f0db04f3cff02659723b0faf131a16600d4ba2346692b7b324ba
2427,Reference/news - lower priority,www.afp.gov.au,https://www.afp.gov.au/crimes/human-trafficking-and-people-smuggling/human-trafficking-and-slavery,Likely India jurisdiction + hosted in India,Included because India was inferred from currency text Rs.; resolved IP also geolocated to India.,Not found on reviewed page,evidence_snapshots/02427_www.afp.gov.au_2bb38b6fc8.html,2bb38b6fc84ec8ccbd8c09f55c0d6838906a618423c2ac4c4b8c9f88a01dee9c
2429,No immediate action,www.afp.gov.au,https://www.afp.gov.au/news-centre/media-release/reports-human-trafficking-nearly-double-over-past-five-years,Likely India jurisdiction + hosted in India,Included because India was inferred from currency text Rs.; resolved IP also geolocated to India.,Not found on reviewed page,evidence_snapshots/02429_www.afp.gov.au_0511e81dc2.html,0511e81dc23e6ea3aa956a37bd24d1be4139cb25535835c15942a236a86613fe
2430,No immediate action,7news.com.au,https://7news.com.au/news/human-trafficking-surge-in-reports-as-disturbing-crime-reaches-new-high-in-australia-c-20332754,Hosted in India only,Included because the resolved IP geolocated to India (ip-api.com host geolocation); confirm business relevance manually.,Not found on reviewed page,evidence_snapshots/02430_7news.com.au_61db54d44b.html,61db54d44b5462b0f18f89f3842995b546446aeae219fca296927a21e0577a92
2444,No immediate action,laws.e-gov.go.jp,https://laws.e-gov.go.jp/document?keyword=%E5%A3%B2%E6%98%A5&lawid=331AC0000000118_20220617_504AC0000000068,Hosted in India only,Included because the resolved IP geolocated to India (ip-api.com host geolocation); confirm business relevance manually.,Not found on reviewed page,evidence_snapshots/02444_laws.e-gov.go.jp_b2e5ede644.html,b2e5ede6447907450aadd16d512d97d3ffed4c35dac9e5ba0fa6a9859de8ab55
2449,No immediate action,www.nakasukankou.com,https://www.nakasukankou.com/,Likely India jurisdiction,Included because India was inferred from search market en-IN.,Not found on reviewed page,evidence_snapshots/02449_www.nakasukankou.com_bf36bb6916.html,bf36bb69166f93405f5e792f145e771049f6ec4ef4cc693e7f28f35e74dd7059
2450,No immediate action,nakasuchorengoukai.com,https://nakasuchorengoukai.com/,Likely India jurisdiction,Included because India was inferred from search market en-IN.,Not found on reviewed page,evidence_snapshots/02450_nakasuchorengoukai.com_538f9dcbc4.html,538f9dcbc43e9d65ebd159b84704c0e8fe0ad55ec5369d74e78543b3829f7878
2452,No immediate action,hotel-shibuya.com,https://hotel-shibuya.com/areas/plan/,Likely India jurisdiction,Included because India was inferred from search market en-IN.,Not found on reviewed page,evidence_snapshots/02452_hotel-shibuya.com_8e964b6a8f.html,8e964b6a8f40ef91d5ddee4440c4503a586377f31c62a87bb42b3cccc4764cbf
2453,No immediate action,shibuya-lotus.com,https://shibuya-lotus.com/,Likely India jurisdiction,Included because India was inferred from search market en-IN.,Not found on reviewed page,evidence_snapshots/02453_shibuya-lotus.com_0c1faf3acc.html,0c1faf3acc9de476de534700475168809aae6acebfe0e32c6eabb98f79e50f3f
2463,No immediate action,www.merriam-webster.com,https://www.merriam-webster.com/thesaurus/brothel,Likely India jurisdiction,Included because India was inferred from currency text Rs..,Not found on reviewed page,evidence_snapshots/02463_www.merriam-webster.com_2060500c88.html,2060500c883044ca10a662ae3a80cd70e21d025919d1cf3e14c7386d33fa5717
2470,No immediate action,www.britannica.com,https://www.britannica.com/topic/brothel/images-videos,Likely India jurisdiction,Included because India was inferred from currency text Rs..,Not found on reviewed page,evidence_snapshots/02470_www.britannica.com_f93808e58c.html,f93808e58c36745e24c02a2ce6c858b13c6ca7ecec021b9b4d753d50b532bdba
2471,No immediate action,www.britannica.com,https://www.britannica.com/editor/The-Information-Architects-of-Encyclopaedia-Britannica/12365882,Likely India jurisdiction,Included because India was inferred from currency text Rs..,Not found on reviewed page,evidence_snapshots/02471_www.britannica.com_5f5b8a24e5.html,5f5b8a24e509de245df4fa53000ed91565abbfef3593ab80236873316ef9ce37
2472,No immediate action,www.britannica.com,https://www.britannica.com/media/1/81360/246311,Likely India jurisdiction,Included because India was inferred from currency text Rs..,Not found on reviewed page,evidence_snapshots/02472_www.britannica.com_99bf014d33.html,99bf014d333a68394836df9c5f557cbe2a7a066744a10b53f9f6bb818f26f8d6
2474,No immediate action,www.google.com.au,"https://www.google.com.au/maps/place/741+Geelong+Rd,+Brooklyn+VIC+3012/@-37.8211755,144.8341139,17z/data=!3m1!4b1!4m2!3m1!1s0x6ad660fe92d5a0d1:0x640bc051192cc213",Likely India jurisdiction + hosted in India,Included because India was inferred from page metadata: IN; resolved IP also geolocated to India.,Not found on reviewed page,evidence_snapshots/02474_www.google.com.au_5fa10c8421.html,5fa10c8421028b6ac5840a2367f26e0b48c27e9b65dee5b5fe140d0c405c7412
2485,No immediate action,wedeqtory.com.au,https://wedeqtory.com.au/how-to-find-value-and-trust-at-a-melbourne-pawn-shop/,Hosted in India only,Included because the resolved IP geolocated to India (ip-api.com host geolocation); confirm business relevance manually.,Not found on reviewed page,evidence_snapshots/02485_wedeqtory.com.au_3fa8e4ca09.html,3fa8e4ca090566f8293b5cd6b3f845ea0afd1cada2c6de646d2e625ff652d958
2486,No immediate action,wedeqtory.com.au,https://wedeqtory.com.au/upgrade-your-workshop-car-hoist-installation-and-efficient-tool-storage/,Hosted in India only,Included because the resolved IP geolocated to India (ip-api.com host geolocation); confirm business relevance manually.,Not found on reviewed page,evidence_snapshots/02486_wedeqtory.com.au_e0573788a0.html,e0573788a0eaa9c0956b44db48e81602d4387453e1485cb16fc26912f528e717
2487,No immediate action,wedeqtory.com.au,https://wedeqtory.com.au/the-complete-guide-to-refrigerated-van-conversions-and-compliance/,Hosted in India only,Included because the resolved IP geolocated to India (ip-api.com host geolocation); confirm business relevance manually.,Not found on reviewed page,evidence_snapshots/02487_wedeqtory.com.au_78e8e25684.html,78e8e256842dc52bf72770a686cdaf906360b119210526c5b6fd2947d8e7f1d8
2489,No immediate action,professional.licensing-publishing.nine.com.au,https://professional.licensing-publishing.nine.com.au/C.aspx?VP3=CMS3&VF=FXJFXT_3,Likely India jurisdiction,Included because India was inferred from currency code INR.,Not found on reviewed page,evidence_snapshots/02489_professional.licensing-publishing.nine.c_5a2c8d6e77.html,5a2c8d6e77efeeba675640e08130d8933ecb2f823dabd7acd3b5fb5d10b6da26
2490,No immediate action,www.theage.com.au,https://www.theage.com.au,Hosted in India only,Included because the resolved IP geolocated to India (ip-api.com host geolocation); confirm business relevance manually.,Not found on reviewed page,evidence_snapshots/02490_www.theage.com.au_7166c6e3e1.html,7166c6e3e1bda59fbed1ea7ceb7bf8b242e10ddc743b6c09a7ddea3cd43ab9e5
2491,No immediate action,www.brisbanetimes.com.au,https://www.brisbanetimes.com.au,Hosted in India only,Included because the resolved IP geolocated to India (ip-api.com host geolocation); confirm business relevance manually.,Not found on reviewed page,evidence_snapshots/02491_www.brisbanetimes.com.au_9ceaa99c7c.html,9ceaa99c7cab79a486ba6dc974bb8c423d649093add7eb697b041fa06e1f14cf
2492,No immediate action,www.watoday.com.au,https://www.watoday.com.au,Likely India jurisdiction + hosted in India,Included because India was inferred from currency text Rs.; resolved IP also geolocated to India.,Not found on reviewed page,evidence_snapshots/02492_www.watoday.com.au_2fac3647c8.html,2fac3647c8c098fd3391b129536e4a429e4001e6b0d4cc2c1d741c3deafc1631
2493,No immediate action,www.afr.com,https://www.afr.com,Hosted in India only,Included because the resolved IP geolocated to India (ip-api.com host geolocation); confirm business relevance manually.,Not found on reviewed page,evidence_snapshots/02493_www.afr.com_80cf08171f.html,80cf08171fde8ccc594bc9a73aee570406c78bfa06bfb7d23a20709759004b52
2494,No immediate action,www.drive.com.au,https://www.drive.com.au,Likely India jurisdiction,Included because India was inferred from currency text Rs..,Not found on reviewed page,evidence_snapshots/02494_www.drive.com.au_ef1bdc3db5.html,ef1bdc3db53c61afc9a4833f763ed0a259808ec3a3169a5591f1c3cd430568f1
2496,No immediate action,smh.myfairfax.com.au,https://smh.myfairfax.com.au/members/lite_session/new?callback_uri=https%3A%2F%2Fsmh.myfairfax.com.au%2Fbeta%2Fmembers%2Fmy_account%2Fnewsletters%3Fchannel_key%3DzHE9EWDHf1XPuz3Phk0YIg%26callback_uri%3Dhttps%253A%252F%252Fwww.smh.com.au&channel_key=zHE9EWDHf1XPuz3Phk0YIg,Hosted in India only,Included because the resolved IP geolocated to India (ip-api.com host geolocation); confirm business relevance manually.,Not found on reviewed page,evidence_snapshots/02496_smh.myfairfax.com.au_1cf4762bc5.html,1cf4762bc57a1999b51b56d9211774893d3493735bd5a15a01269789b8b32fd2
2498,No immediate action,www.smh.com.au,https://www.smh.com.au/myaccount,Hosted in India only,Included because the resolved IP geolocated to India (ip-api.com host geolocation); confirm business relevance manually.,Not found on reviewed page,evidence_snapshots/02498_smh.myfairfax.com.au_8d594b3ffd.html,8d594b3ffdd044e724ff23be6acb7e470b3101935fa29ea9d9096bcc92ea7325
2500,No immediate action,www.smh.com.au,https://www.smh.com.au/siteguide/accessibility,Hosted in India only,Included because the resolved IP geolocated to India (ip-api.com host geolocation); confirm business relevance manually.,Not found on reviewed page,evidence_snapshots/02500_www.smh.com.au_d4ddee8671.html,d4ddee867172d907ad3307d979db76a642dd517b49e02e3b8fa3c588b339bb83
2501,No immediate action,www.smh.com.au,https://www.smh.com.au/topic/sex-work-jmd,Hosted in India only,Included because the resolved IP geolocated to India (ip-api.com host geolocation); confirm business relevance manually.,Not found on reviewed page,evidence_snapshots/02501_www.smh.com.au_0c15eab22a.html,0c15eab22ad961306b8e183998bc37b940882b8d8900533c01860ff387a6e09f
2502,No immediate action,www.smh.com.au,https://www.smh.com.au/goodfood/saved,Hosted in India only,Included because the resolved IP geolocated to India (ip-api.com host geolocation); confirm business relevance manually.,Not found on reviewed page,evidence_snapshots/02502_www.smh.com.au_b84f56d4fa.html,b84f56d4fa73fd6d38c77ee7ffd5397837ac3cf2f6b27800cefe27585feede0a
2503,Activity found - AmEx not visible,www.smh.com.au,https://www.smh.com.au/national/nsw/illegal-brothel-complaints-skyrocket-after-nsw-governments-refusal-to-reform-sex-industry-20170428-gvv0vn.html,Likely India jurisdiction + hosted in India,Included because India was inferred from currency text Rs.; resolved IP also geolocated to India.,Not found on reviewed page,evidence_snapshots/02503_www.smh.com.au_20b6888b91.html,20b6888b91b19842e6da0f2746525ac950e2d5d0c215db6007ffe2b4cb45bef6
2504,No immediate action,www.smh.com.au,https://www.smh.com.au/topic/sydney-councils-62l,Likely India jurisdiction + hosted in India,Included because India was inferred from currency text Rs.; resolved IP also geolocated to India.,Not found on reviewed page,evidence_snapshots/02504_www.smh.com.au_5723e3c1b4.html,5723e3c1b443e0a4cd2ca701eaca24155579fe061dbfd4a32734c5f0395ad6cc
2505,No immediate action,www.smh.com.au,https://www.smh.com.au/topic/urban-planning-63m,Hosted in India only,Included because the resolved IP geolocated to India (ip-api.com host geolocation); confirm business relevance manually.,Not found on reviewed page,evidence_snapshots/02505_www.smh.com.au_c2b8c0cdeb.html,c2b8c0cdebab12f39172f66ee1e15c5932c0b2328bf83d14216dbb9b0610ffb8
2506,No immediate action,www.smh.com.au,https://www.smh.com.au/topic/nsw-state-parliament-jdq,Likely India jurisdiction + hosted in India,Included because India was inferred from currency text Rs.; resolved IP also geolocated to India.,Not found on reviewed page,evidence_snapshots/02506_www.smh.com.au_0ff5904d26.html,0ff5904d26ef1b9535ebaca88d54f64a31776ac32026f0a2337bbff375d9abfe
2507,No immediate action,www.smh.com.au,https://www.smh.com.au/topic/queensland-1tf,Hosted in India only,Included because the resolved IP geolocated to India (ip-api.com host geolocation); confirm business relevance manually.,Not found on reviewed page,evidence_snapshots/02507_www.smh.com.au_8a1d76d38b.html,8a1d76d38be5e44bd88fff0bd73f4eb7ec4a68e202dc75b21e37fca077bbe5d1
2508,No immediate action,www.smh.com.au,https://www.smh.com.au/siteguide,Hosted in India only,Included because the resolved IP geolocated to India (ip-api.com host geolocation); confirm business relevance manually.,Not found on reviewed page,evidence_snapshots/02508_www.smh.com.au_ea7f0f1656.html,ea7f0f16564ed35a5c9f11c64070031dbb2dff45e61a81f880bfc3b2ca261bca
2509,No immediate action,www.smh.com.au,https://www.smh.com.au/ai-editorial-guidelines,Likely India jurisdiction + hosted in India,Included because India was inferred from currency text Rs.; resolved IP also geolocated to India.,Not found on reviewed page,evidence_snapshots/02509_www.smh.com.au_6bc63ae6dc.html,6bc63ae6dc94f85fff57771ad07dcae25a89d664ca2b49c37c6918695ab851c5
2519,No immediate action,www.legislation.qld.gov.au,https://www.legislation.qld.gov.au/,Likely India jurisdiction,Included because India was inferred from currency text Rs..,Not found on reviewed page,evidence_snapshots/02519_www.legislation.qld.gov.au_ee839758da.html,ee839758da4d8a3f726e88d5767d32be45a8298a64999672bb553743522e2690
2532,No immediate action,www.brown.edu,https://www.brown.edu/Departments/Italian_Studies/dweb/society/sex/prostitution.php,Likely India jurisdiction,Included because India was inferred from currency text Rs..,Not found on reviewed page,evidence_snapshots/02532_webhelper.brown.edu_6351dab39d.html,6351dab39d19e938806f6eee72f3ed0c0d87043c9e46d14dde02c93769a172a1
2533,No immediate action,pmc.ncbi.nlm.nih.gov,https://pmc.ncbi.nlm.nih.gov/articles/PMC4154571/,Likely India jurisdiction,Included because India was inferred from currency text Rs..,Not found on reviewed page,evidence_snapshots/02533_pmc.ncbi.nlm.nih.gov_d3461901e3.html,d3461901e35a1b2b7e40f041410a1bb51ab420cf2ae670ff6f1b498e7c9ddd1b
2534,No immediate action,socialsci.libretexts.org,https://socialsci.libretexts.org/Bookshelves/Social_Work_and_Human_Services/Social_Problems_-_Continuity_and_Change/09%3A_Sexual_Behavior/9.04%3A_Prostitution,Hosted in India only,Included because the resolved IP geolocated to India (ip-api.com host geolocation); confirm business relevance manually.,Not found on reviewed page,evidence_snapshots/02534_socialsci.libretexts.org_081e8512f4.html,081e8512f4ec0340b10bbd7f547046ff8f772a3a6dd734e61938cafc5d6a4477
2535,No immediate action,www.thecanadianencyclopedia.ca,https://www.thecanadianencyclopedia.ca/en/article/prostitution,Hosted in India only,Included because the resolved IP geolocated to India (ip-api.com host geolocation); confirm business relevance manually.,Not found on reviewed page,evidence_snapshots/02535_thecanadianencyclopedia.ca_0860d47ee2.html,0860d47ee2138ac41b1769c3eae683ca83d4470994f7ad7def0660fe2a99f293
2536,Activity found - AmEx not visible,www.gresham.ac.uk,https://www.gresham.ac.uk/watch-now/sex-work,Likely India jurisdiction,Included because India was inferred from currency text Rs..,Not found on reviewed page,evidence_snapshots/02536_www.gresham.ac.uk_5e6578f389.html,5e6578f3899feb62ecc8862b15bcedb2b03d382c4c420379394d9d9e2c5a9b2b
2538,No immediate action,digitalcommons.tourolaw.edu,https://digitalcommons.tourolaw.edu/cgi/viewcontent.cgi?article=2551&context=lawreview,Likely India jurisdiction,Included because India was inferred from search market en-IN.,Not found on reviewed page,evidence_snapshots/02538_digitalcommons.tourolaw.edu_38f34848a8.html,38f34848a8d05d8eb3e43a371431bce8ad759e9c07da61b6a5799f7f238a6872
2539,No immediate action,scholars.unh.edu,https://scholars.unh.edu/cgi/viewcontent.cgi?article=1046&context=unh_lr,Likely India jurisdiction,Included because India was inferred from search market en-IN.,Not found on reviewed page,evidence_snapshots/02539_scholars.unh.edu_3a396282e8.html,3a396282e8ba58a18adca7c8ba609a5cbd1e74e74cb938a0ef60bdd71651a090
2540,No immediate action,digitalcommons.unl.edu,https://digitalcommons.unl.edu/cgi/viewcontent.cgi?article=1037&context=humtraffdata,Likely India jurisdiction,Included because India was inferred from search market en-IN.,Not found on reviewed page,evidence_snapshots/02540_digitalcommons.unl.edu_1127d1fd4e.html,1127d1fd4e5b800633391970bdbcac3c5f60e375be769d2f09cf1c1e84b79ca5
2541,No immediate action,scholarship.shu.edu,https://scholarship.shu.edu/cgi/viewcontent.cgi?article=1147&context=student_scholarship,Likely India jurisdiction,Included because India was inferred from search market en-IN.,Not found on reviewed page,evidence_snapshots/02541_scholarship.shu.edu_9373abe655.html,9373abe6552b4162ec607f011635172ef32a5e52279074d3663b2e543b0f2171
2543,Reference/news - lower priority,www.britannica.com,https://www.britannica.com/facts/prostitution,Likely India jurisdiction,Included because India was inferred from search market en-IN.,Not found on reviewed page,evidence_snapshots/02543_www.britannica.com_14f807f77c.html,14f807f77c0347f4afc654e40ed6f6f654817f46ec3c85a3bd828ea261e2a13a
2544,No immediate action,www.britannica.com,https://www.britannica.com/topic/prostitution/images-videos,Likely India jurisdiction,Included because India was inferred from currency text Rs..,Not found on reviewed page,evidence_snapshots/02544_www.britannica.com_afd19482e1.html,afd19482e10e95997108d4bf75a9c89e65a90530abe8b22a009588c2d07ea27a
2546,No immediate action,www.travelsafe-abroad.com,https://www.travelsafe-abroad.com/terms-of-service/,Hosted in India only,Included because the resolved IP geolocated to India (ip-api.com host geolocation); confirm business relevance manually.,Not found on reviewed page,evidence_snapshots/02546_www.travelsafe-abroad.com_e6eeb40625.html,e6eeb40625c814db7948862a7308195855a97d80505b8c7f4df7efb78efa089c
2547,No immediate action,www.travelsafe-abroad.com,https://www.travelsafe-abroad.com/blog/,Hosted in India only,Included because the resolved IP geolocated to India (ip-api.com host geolocation); confirm business relevance manually.,Not found on reviewed page,evidence_snapshots/02547_www.travelsafe-abroad.com_b81718d8d7.html,b81718d8d7a6797ecaf2696c2cd1eacee10f9e8105c95192ddd7761de0602bff
2548,No immediate action,www.travelsafe-abroad.com,https://www.travelsafe-abroad.com/mexico/cabo-san-lucas/,Hosted in India only,Included because the resolved IP geolocated to India (ip-api.com host geolocation); confirm business relevance manually.,Not found on reviewed page,evidence_snapshots/02548_www.travelsafe-abroad.com_9eec0c92b6.html,9eec0c92b612af429d0694ca0ae0e311d6e15e6f62b618255baaa7064495338e
2549,No immediate action,www.travelsafe-abroad.com,https://www.travelsafe-abroad.com/mexico/cancun/,Hosted in India only,Included because the resolved IP geolocated to India (ip-api.com host geolocation); confirm business relevance manually.,Not found on reviewed page,evidence_snapshots/02549_www.travelsafe-abroad.com_1cf2941a4d.html,1cf2941a4d665518ce910828e960d2e4016dc277e357bdcc98fe762c302ee0a6
2550,No immediate action,www.travelsafe-abroad.com,https://www.travelsafe-abroad.com/mexico/mexico-city/,Hosted in India only,Included because the resolved IP geolocated to India (ip-api.com host geolocation); confirm business relevance manually.,Not found on reviewed page,evidence_snapshots/02550_www.travelsafe-abroad.com_e9e4448781.html,e9e44487810afb26e7ff4a241075b7fc3412798d9638d35867a4b921790e56f6
2551,No immediate action,www.travelsafe-abroad.com,https://www.travelsafe-abroad.com/united-states/new-orleans/,Hosted in India only,Included because the resolved IP geolocated to India (ip-api.com host geolocation); confirm business relevance manually.,Not found on reviewed page,evidence_snapshots/02551_www.travelsafe-abroad.com_b7d4503330.html,b7d4503330019219845a1f6cb53f794c815ed19e94e1cfed18b1bc28a8c41100
2552,No immediate action,www.travelsafe-abroad.com,https://www.travelsafe-abroad.com/united-states/san-francisco/,Hosted in India only,Included because the resolved IP geolocated to India (ip-api.com host geolocation); confirm business relevance manually.,Not found on reviewed page,evidence_snapshots/02552_www.travelsafe-abroad.com_c28bef93b9.html,c28bef93b91369654ed83f71ce7d13cbe98c53a2d475bbc49d2a43056ebe409b
2553,No immediate action,www.travelsafe-abroad.com,https://www.travelsafe-abroad.com/best-beaches-in-seychelles/#comment-411020,Hosted in India only,Included because the resolved IP geolocated to India (ip-api.com host geolocation); confirm business relevance manually.,Not found on reviewed page,evidence_snapshots/02553_www.travelsafe-abroad.com_d2153df5b4.html,d2153df5b4065c68c64d583047c1a5adf90e066e2e41d4e4118f7e055c011f30
2554,No immediate action,www.travelsafe-abroad.com,https://www.travelsafe-abroad.com/flea-markets-in-the-uk/#comment-410978,Hosted in India only,Included because the resolved IP geolocated to India (ip-api.com host geolocation); confirm business relevance manually.,Not found on reviewed page,evidence_snapshots/02554_www.travelsafe-abroad.com_752c98a986.html,752c98a98653e09128eef73076c8cb59705b4c8a150ee0b27fc25205268871d4
2564,No immediate action,indianculture.gov.in,https://indianculture.gov.in/ganika-buddhist-and-jaina-literature,Likely India jurisdiction + hosted in India,Included because India was inferred from country-code domain .in; resolved IP also geolocated to India.,Not found on reviewed page,evidence_snapshots/02564_www.indianculture.gov.in_9221cfedfc.html,9221cfedfc5e03790f46c7890bca21fcc47c5788d89dab0aa0799c492b6ae78a
2566,No immediate action,www.vervemagazine.in,https://www.vervemagazine.in/people/meet-22-year-old-shweta-katti-a-girl-from-kamathipura-who-was-consulate-general-of-canada-for-a-day,Likely India jurisdiction + hosted in India,Included because India was inferred from country-code domain .in; resolved IP also geolocated to India.,Not found on reviewed page,evidence_snapshots/02566_www.vervemagazine.in_ca373a503a.html,ca373a503a36bf1afbfcbaef7bfd9072f596166102e5861bb66f78fd052c14a3
2567,No immediate action,www.ugc.ac.in,https://www.ugc.ac.in/mrp/paper/MRP-MAJOR-SOCI-2013-25158-PAPER.pdf,Likely India jurisdiction + hosted in India,Included because India was inferred from page metadata: IN; resolved IP also geolocated to India.,Not found on reviewed page,evidence_snapshots/02567_www.ugc.gov.in_e1f09e9690.html,e1f09e9690842e13692df4d3d7de0d3b2d0a49eb7299f06e1167bf9032ba0cb9
2568,No immediate action,www.sascv.org,http://www.sascv.org/ijcjs/pdfs/MenezesVol14Issue1IJCJS.pdf,Likely India jurisdiction,Included because India was inferred from search market en-IN.,Not found on reviewed page,evidence_snapshots/02568_www.sascv.org_cc0b4e4251.html,cc0b4e42510d49c6decd464123ecf3b14ae9b47f9b4ed2ee64893e2d6520a264
2571,No immediate action,www.huffpost.com,https://www.huffpost.com/archive/in/entry/tawaif-non-cooperation-movement_in_5d39a5a2e4b004b6adbbe73f,Likely India jurisdiction + hosted in India,Included because India was inferred from currency code INR; resolved IP also geolocated to India.,Not found on reviewed page,evidence_snapshots/02571_www.huffpost.com_daf89f5330.html,daf89f5330a48a82600da820a0ab49f45ae4a2274def0328941371f29ca84160
2572,No immediate action,economictimes.indiatimes.com,https://economictimes.indiatimes.com/magazines/panache/is-indian-culture-unfair-to-independent-women/articleshow/68745820.cms?from=mdr,Likely India jurisdiction + hosted in India,Included because India was inferred from currency text Rs.; resolved IP also geolocated to India.,Not found on reviewed page,evidence_snapshots/02572_economictimes.indiatimes.com_c372094b6e.html,c372094b6e0256f42944871600090e4e84d8a5ac23a50ae40af9f0723e6e773c
2573,No immediate action,medium.com,https://medium.com/the-collector/the-ancient-practice-of-temple-prostitution-in-india-bb6c9500b58e,Likely India jurisdiction,Included because India was inferred from country mention: india.,Not found on reviewed page,evidence_snapshots/02573_medium.com_801cc65a38.html,801cc65a3866893a6ddbbf043a03f4008c4f3a5c95dd71ea5210dee020c936ac
2576,No immediate action,www.iyops.org,https://www.iyops.org/blog/categories/poverty,Likely India jurisdiction,Included because India was inferred from search market en-IN.,Not found on reviewed page,evidence_snapshots/02576_www.iyops.org_6ff059e121.html,6ff059e12183cc1b0cea42b12c922ecedd2c6400fc4948d4e257b9fcbb152515
2577,No immediate action,www.iyops.org,https://www.iyops.org/blog/categories/free-speech,Likely India jurisdiction,Included because India was inferred from search market en-IN.,Not found on reviewed page,evidence_snapshots/02577_www.iyops.org_6ff059e121.html,6ff059e12183cc1b0cea42b12c922ecedd2c6400fc4948d4e257b9fcbb152515
2578,No immediate action,www.iyops.org,https://www.iyops.org/blog/categories/disarmament,Likely India jurisdiction,Included because India was inferred from search market en-IN.,Not found on reviewed page,evidence_snapshots/02578_www.iyops.org_6ff059e121.html,6ff059e12183cc1b0cea42b12c922ecedd2c6400fc4948d4e257b9fcbb152515
2579,No immediate action,www.iyops.org,https://www.iyops.org/blog/categories/hunger,Likely India jurisdiction,Included because India was inferred from search market en-IN.,Not found on reviewed page,evidence_snapshots/02579_www.iyops.org_6ff059e121.html,6ff059e12183cc1b0cea42b12c922ecedd2c6400fc4948d4e257b9fcbb152515
2580,No immediate action,www.iyops.org,https://www.iyops.org/blog/categories/abuse,Likely India jurisdiction,Included because India was inferred from search market en-IN.,Not found on reviewed page,evidence_snapshots/02580_www.iyops.org_6ff059e121.html,6ff059e12183cc1b0cea42b12c922ecedd2c6400fc4948d4e257b9fcbb152515
2581,No immediate action,www.iyops.org,https://www.iyops.org/blog/categories/health-and-hygiene,Likely India jurisdiction,Included because India was inferred from search market en-IN.,Not found on reviewed page,evidence_snapshots/02581_www.iyops.org_6ff059e121.html,6ff059e12183cc1b0cea42b12c922ecedd2c6400fc4948d4e257b9fcbb152515
2582,No immediate action,www.iyops.org,https://www.iyops.org/blog/categories/education,Likely India jurisdiction,Included because India was inferred from search market en-IN.,Not found on reviewed page,evidence_snapshots/02582_www.iyops.org_6ff059e121.html,6ff059e12183cc1b0cea42b12c922ecedd2c6400fc4948d4e257b9fcbb152515
2583,No immediate action,www.iyops.org,https://www.iyops.org/blog/categories/climate-change,Likely India jurisdiction,Included because India was inferred from search market en-IN.,Not found on reviewed page,evidence_snapshots/02583_www.iyops.org_6ff059e121.html,6ff059e12183cc1b0cea42b12c922ecedd2c6400fc4948d4e257b9fcbb152515
2584,No immediate action,www.iyops.org,https://www.iyops.org/blog/categories/equity,Likely India jurisdiction,Included because India was inferred from search market en-IN.,Not found on reviewed page,evidence_snapshots/02584_www.iyops.org_6ff059e121.html,6ff059e12183cc1b0cea42b12c922ecedd2c6400fc4948d4e257b9fcbb152515
2586,No immediate action,www.studyiq.com,https://www.studyiq.com/terms-and-conditions,Likely India jurisdiction + hosted in India,Included because India was inferred from page metadata: IN; resolved IP also geolocated to India.,Not found on reviewed page,evidence_snapshots/02586_www.studyiq.com_1e3fbda21d.html,1e3fbda21d57ec5bd7d869768f7c70a699ae57303b5ab4dae335b99e56c46bb8
2587,No immediate action,www.studyiq.com,https://www.studyiq.com/articles/,Likely India jurisdiction + hosted in India,Included because India was inferred from page metadata: IN; resolved IP also geolocated to India.,Not found on reviewed page,evidence_snapshots/02587_www.studyiq.com_2f0ff91be7.html,2f0ff91be74edd5f530cb74f59e30d6160c943237465318c21275807c642b3bf
2588,No immediate action,www.studyiq.com,https://www.studyiq.com/articles/how-to-fill-upsc-cse-application-form-2026/,Likely India jurisdiction + hosted in India,Included because India was inferred from page metadata: IN; resolved IP also geolocated to India.,Not found on reviewed page,evidence_snapshots/02588_www.studyiq.com_4bfff49a0b.html,4bfff49a0b4b54989d67497d6e039d25f73b6434e2557033bd047e939b76cd2e
2589,No immediate action,www.studyiq.com,https://www.studyiq.com/articles/upsc-books-list/,Likely India jurisdiction + hosted in India,Included because India was inferred from page metadata: IN; resolved IP also geolocated to India.,Not found on reviewed page,evidence_snapshots/02589_www.studyiq.com_d18773ead9.html,d18773ead9f0841b37a73038bb20da1584aa1f49232301e6feaff12e19fcd7b3
2590,No immediate action,www.studyiq.com,https://www.studyiq.com/articles/best-test-series-for-gujarat-judiciary-exam/,Likely India jurisdiction + hosted in India,Included because India was inferred from page metadata: IN; resolved IP also geolocated to India.,Not found on reviewed page,evidence_snapshots/02590_www.studyiq.com_be04d8e869.html,be04d8e86949ddabef848b0dea435614c4062f82a62aba8a52cf0ea94dac9cc1
2591,No immediate action,www.studyiq.com,https://www.studyiq.com/articles/best-crash-course-for-gujarat-judiciary-pre-mains/,Likely India jurisdiction + hosted in India,Included because India was inferred from page metadata: IN; resolved IP also geolocated to India.,Not found on reviewed page,evidence_snapshots/02591_www.studyiq.com_b34955dab3.html,b34955dab3e4d63a9857c28d53100382fd44c56297687786b8f995f7044cd61c
2592,No immediate action,www.studyiq.com,https://www.studyiq.com/articles/ca-category/upsc-daily-current-affairs-pdf-in-english/,Likely India jurisdiction + hosted in India,Included because India was inferred from page metadata: IN; resolved IP also geolocated to India.,Not found on reviewed page,evidence_snapshots/02592_www.studyiq.com_b01a8b7d79.html,b01a8b7d799c65ebb18c19a67ba2f35d6cf6d7d6f7880c5e24cd856b91f7cf4b
2593,No immediate action,www.studyiq.com,https://www.studyiq.com/articles/ca-category/upsc-daily-current-affairs-pdf-in-hindi/,Likely India jurisdiction + hosted in India,Included because India was inferred from page metadata: IN; resolved IP also geolocated to India.,Not found on reviewed page,evidence_snapshots/02593_www.studyiq.com_0cbc886ad4.html,0cbc886ad4287b9cfe704e8be41a97877b6192055c3c40a6ace312deb9804eaa
2594,No immediate action,www.studyiq.com,https://www.studyiq.com/upsc-live/,Likely India jurisdiction + hosted in India,Included because India was inferred from currency symbol INR; resolved IP also geolocated to India.,Not found on reviewed page,evidence_snapshots/02594_www.studyiq.com_d1778eb6ce.html,d1778eb6cedffa95bb9e309358fc4a3c0582b5fe0fa162b1c79011e2631ab649
2595,No immediate action,www.studyiq.com,https://www.studyiq.com/articles/upsc-syllabus/,Likely India jurisdiction + hosted in India,Included because India was inferred from page metadata: IN; resolved IP also geolocated to India.,Not found on reviewed page,evidence_snapshots/02595_www.studyiq.com_585c4a0cc4.html,585c4a0cc4dd73080478db5b5dfccd1d3d5c555f5363efe3b1c2ff94881b4923
2596,No immediate action,www.studyiq.com,https://www.studyiq.com/articles/upsc-prelims-syllabus/,Likely India jurisdiction + hosted in India,Included because India was inferred from page metadata: IN; resolved IP also geolocated to India.,Not found on reviewed page,evidence_snapshots/02596_www.studyiq.com_00eba00af3.html,00eba00af387def378d8b78c492460a68351b6e40ac838f4e4d942cd637a2a3a
2597,No immediate action,ohiostate.pressbooks.pub,https://ohiostate.pressbooks.pub/humantrafficking/chapter/chapter-3-theories-and-human-trafficking/,Hosted in India only,Included because the resolved IP geolocated to India (ip-api.com host geolocation); confirm business relevance manually.,Not found on reviewed page,evidence_snapshots/02597_ohiostate.pressbooks.pub_3fa0959a84.html,3fa0959a84f538019ef6c77626a1c73ecd015046d49692491b1ff33d0b8dc9ef
2598,No immediate action,www.abc.net.au,https://www.abc.net.au/listen/programs/radionational-breakfast/human-trafficking/4271000,Hosted in India only,Included because the resolved IP geolocated to India (ip-api.com host geolocation); confirm business relevance manually.,Not found on reviewed page,evidence_snapshots/02598_www.abc.net.au_e6b61128b2.html,e6b61128b230de62bb018be5f70aa2b9d6f1d899e0e5fe9b16857c3d917e03a5
2599,No immediate action,socialsci.libretexts.org,https://socialsci.libretexts.org/Bookshelves/Political_Science_and_Civics/Human_Security_in_World_Affairs_-_Problems_and_Opportunities_2e_(Lautensach_and_Lautensach)/13%3A_Transnational_Crime/13.06%3A_Trafficking_in_Persons,Hosted in India only,Included because the resolved IP geolocated to India (ip-api.com host geolocation); confirm business relevance manually.,Not found on reviewed page,evidence_snapshots/02599_socialsci.libretexts.org_e5c57a9aa3.html,e5c57a9aa3d8bfe71cf144ab3bcb0b3e6be060ecd3c0c5394df8f6c92cf22b0b
2600,No immediate action,www.ncbi.nlm.nih.gov,https://www.ncbi.nlm.nih.gov/books/NBK430910/,Likely India jurisdiction,Included because India was inferred from currency text Rs..,Not found on reviewed page,evidence_snapshots/02600_www.ncbi.nlm.nih.gov_f28c429eb8.html,f28c429eb857ea28eace27af9bbf4c188ebbabd8c3516f4f219304e4d9ab7448
2601,No immediate action,digitalcommons.library.tmc.edu,https://digitalcommons.library.tmc.edu/cgi/viewcontent.cgi?article=1040&context=childrenatrisk,Likely India jurisdiction,Included because India was inferred from currency code INR.,Not found on reviewed page,evidence_snapshots/02601_digitalcommons.library.tmc.edu_eb8ac64633.html,eb8ac6463347aca0ed7aa3edabfce6b74e2a682a4be7f7efbf99b096ac0ee9bd
2602,No immediate action,www.dea.gov,https://www.dea.gov/resources/victim-witness-assistance-program/human-trafficking-prevention,Likely India jurisdiction + hosted in India,Included because India was inferred from currency text Rs.; resolved IP also geolocated to India.,Not found on reviewed page,evidence_snapshots/02602_www.dea.gov_ce9944b9b1.html,ce9944b9b1797cc308e15e04b54cb39b4531ec00952ee73435c27aa5424b7242
2603,No immediate action,www.merriam-webster.com,https://www.merriam-webster.com/dictionary/debtbondage,Likely India jurisdiction,Included because India was inferred from currency text Rs..,Not found on reviewed page,evidence_snapshots/02603_www.merriam-webster.com_d5e89b3368.html,d5e89b3368402d1fee9d87f5f67f9d9b3d99021f8f5486173da88ef5282e1502
2604,No immediate action,www.britannica.com,https://www.britannica.com/topic/human-trafficking/additional-info,Likely India jurisdiction,Included because India was inferred from currency text Rs..,Not found on reviewed page,evidence_snapshots/02604_www.britannica.com_d7ef3519f8.html,d7ef3519f89d1afb491a72d542d5a5d3414b35c3867184a3a8499dd6610c5098
2605,No immediate action,www.britannica.com,https://www.britannica.com/facts/human-trafficking,Likely India jurisdiction,Included because India was inferred from search market en-IN.,Not found on reviewed page,evidence_snapshots/02605_www.britannica.com_06472b0da3.html,06472b0da38d4e287625520d70c9fa079aeb80e2fc9b1bf0a720eb940dfcf103
2608,No immediate action,www.unodc.org,https://www.unodc.org/unodc/en/human-trafficking/faqs.html,Likely India jurisdiction,Included because India was inferred from currency text Rs..,Not found on reviewed page,evidence_snapshots/02608_www.unodc.org_fe331b7194.html,fe331b7194da08f59da3bc7f494842a297a66f4ca79d8b25f1f7f99d7892c6ac
2609,No immediate action,www.unodc.org,https://www.unodc.org/unodc/en/human-trafficking/index.html,Likely India jurisdiction,Included because India was inferred from currency text Rs..,Not found on reviewed page,evidence_snapshots/02609_www.unodc.org_60415136d4.html,60415136d46ca4ee24e3267a61f087da272ba5bf25f7827c6969eb6249e29155
2611,No immediate action,www.unodc.org,https://www.unodc.org/unodc/en/news/news.html,Likely India jurisdiction,Included because India was inferred from currency text Rs..,Not found on reviewed page,evidence_snapshots/02611_www.unodc.org_672d9dba0e.html,672d9dba0e1bd7ce4daca9e44054360f5715e05728aa8bfc854afe02d9079d3a
2612,No immediate action,www.unodc.org,"https://www.unodc.org/unodc/en/search/index.html#?c=%7B%22filters%22:%5B%7B%22fieldName%22:%22tag%22,%22value%22:%22News%22%7D%5D,%22match%22:%22%22%7D",Likely India jurisdiction,Included because India was inferred from currency text Rs..,Not found on reviewed page,evidence_snapshots/02612_www.unodc.org_8d432e5fc5.html,8d432e5fc58f36b54796d98116d29abf32bf8953ca453303f09edccaa7e8e345
2613,No immediate action,www.unodc.org,https://www.unodc.org/unodc/en/human-trafficking/news-and-publications.html,Likely India jurisdiction,Included because India was inferred from currency text Rs..,Not found on reviewed page,evidence_snapshots/02613_www.unodc.org_5279bf6108.html,5279bf6108806b808eb6786dee412c7031412a14e9bdff1cd5cb82ecb86ca633
2615,No immediate action,www.state.gov,https://www.state.gov/reports/2025-trafficking-in-persons-report/,Hosted in India only,Included because the resolved IP geolocated to India (ip-api.com host geolocation); confirm business relevance manually.,Not found on reviewed page,evidence_snapshots/02615_www.state.gov_27e781094f.html,27e781094fed9c9d13f4a99a4691d224415258b02c64b49838d8d6b3b761ef29
2616,No immediate action,bjs.ojp.gov,https://bjs.ojp.gov/document/htdca25.pdf,Likely India jurisdiction,Included because India was inferred from search market en-IN.,Not found on reviewed page,evidence_snapshots/02616_bjs.ojp.gov_1181b294ac.html,1181b294acb17e90d2cca34a7af13abf292f357689fc28416383df5e0049fd50
2619,No immediate action,www.un.org,https://www.un.org/en/about-us/frequently-asked-questions,Likely India jurisdiction,Included because India was inferred from currency text Rs..,Not found on reviewed page,evidence_snapshots/02619_www.un.org_edb6c24d9a.html,edb6c24d9a82e3f8cf6ff2077123e24ccae7835929834aa4ae3fde8bc21a1945
2620,No immediate action,www.un.org,https://www.un.org/en/about-us/terms-of-use,Likely India jurisdiction,Included because India was inferred from currency text Rs..,Not found on reviewed page,evidence_snapshots/02620_www.un.org_3ea719f0f9.html,3ea719f0f96fee19541b061552f794720020a4916860f9ab21f14d9f852b201a
2622,No immediate action,www.un.org,https://www.un.org/en/peace-and-security/youth-peace-and-security-guide,Likely India jurisdiction,Included because India was inferred from currency text Rs..,Not found on reviewed page,evidence_snapshots/02622_www.un.org_acf7662bc1.html,acf7662bc1c1e0b9ce1a13eef4e389c38b50148b38a17cb2e243e66d1919cdb8
2624,No immediate action,www.fcc.gov,https://www.fcc.gov/consumers/guides/711-telecommunications-relay-service,Likely India jurisdiction + hosted in India,Included because India was inferred from currency text Rs.; resolved IP also geolocated to India.,Not found on reviewed page,evidence_snapshots/02624_www.fcc.gov_dae11a09be.html,dae11a09be7d5a952e73e3c01d7e73f505ac58e815430e6b8aa115fc536f5682
2625,No immediate action,public.govdelivery.com,https://public.govdelivery.com/accounts/USDOJ/subscriber/new,Likely India jurisdiction,Included because India was inferred from search market en-IN.,Not found on reviewed page,evidence_snapshots/02625_public.govdelivery.com_abbcd685f4.html,abbcd685f46ed84b4ab241e5a5c1a39219fe490c3851a8dcf286b3a50d2b8bd5
2628,No immediate action,www.justice.gov,https://www.justice.gov/action-center/find-help-and-information-crime-victims,Hosted in India only,Included because the resolved IP geolocated to India (ip-api.com host geolocation); confirm business relevance manually.,Not found on reviewed page,evidence_snapshots/02628_www.justice.gov_02c79b34f7.html,02c79b34f7e26197ea6ece77c3794fbc5fc7b75292c74fb68ddad85a1955a22a
2629,No immediate action,www.justice.gov,https://www.justice.gov/news,Likely India jurisdiction + hosted in India,Included because India was inferred from search market en-IN; resolved IP also geolocated to India.,Not found on reviewed page,evidence_snapshots/02629_www.justice.gov_1861319077.html,18613190778f744c8835106e5b966cc5b5cdb3ab5b9d4403641ac9a85cae1e31
2630,No immediate action,www.justice.gov,https://www.justice.gov/news/press-releases,Likely India jurisdiction + hosted in India,Included because India was inferred from search market en-IN; resolved IP also geolocated to India.,Not found on reviewed page,evidence_snapshots/02630_www.justice.gov_b9b4ce9628.html,b9b4ce9628df318d03f7c1e91aa929a63db2241bce2dd78e5479e1068eb41029
2631,No immediate action,www.justice.gov,https://www.justice.gov/news/speeches,Likely India jurisdiction + hosted in India,Included because India was inferred from search market en-IN; resolved IP also geolocated to India.,Not found on reviewed page,evidence_snapshots/02631_www.justice.gov_c35d10652e.html,c35d10652e0321b70e58ee2b86b51d8dd9944fff78515c2524cfe6c5f53757b5
2632,No immediate action,www.justice.gov,https://www.justice.gov/news/videos,Likely India jurisdiction + hosted in India,Included because India was inferred from search market en-IN; resolved IP also geolocated to India.,Not found on reviewed page,evidence_snapshots/02632_www.justice.gov_a6da982636.html,a6da9826364cdc38d702cbbab8e78c87aa75765935ab3222c36f5fc2d242c351
2633,No immediate action,www.justice.gov,https://www.justice.gov/news/photo-galleries,Likely India jurisdiction + hosted in India,Included because India was inferred from search market en-IN; resolved IP also geolocated to India.,Not found on reviewed page,evidence_snapshots/02633_www.justice.gov_2e555bf01e.html,2e555bf01ef83f4a20ea3532fe3705af5a28a3d02a7e858d7d336ec1290af459
2634,No immediate action,www.justice.gov,https://www.justice.gov/news/blogs,Likely India jurisdiction + hosted in India,Included because India was inferred from search market en-IN; resolved IP also geolocated to India.,Not found on reviewed page,evidence_snapshots/02634_www.justice.gov_1a597631f5.html,1a597631f514cd633fb435f21f831c6d001c257254d84d8a6442a60bc0124da0
2635,No immediate action,www.justice.gov,https://www.justice.gov/news/podcasts,Likely India jurisdiction + hosted in India,Included because India was inferred from search market en-IN; resolved IP also geolocated to India.,Not found on reviewed page,evidence_snapshots/02635_www.justice.gov_964ec59f60.html,964ec59f60dbf1d0b0b4bd6d2da3e634451805fbfc105305e9a9ac29e2e61d49
2636,No immediate action,www.justice.gov,https://www.justice.gov/humantrafficking/what-doj-doing,Hosted in India only,Included because the resolved IP geolocated to India (ip-api.com host geolocation); confirm business relevance manually.,Not found on reviewed page,evidence_snapshots/02636_www.justice.gov_4140853105.html,41408531050d10d70019a6ce74ee1577245989fa568bde35f55258dc4bd83fae
2639,No immediate action,co.usembassy.gov,https://co.usembassy.gov/category/alert/,Hosted in India only,Included because the resolved IP geolocated to India (ip-api.com host geolocation); confirm business relevance manually.,Not found on reviewed page,evidence_snapshots/02639_co.usembassy.gov_b2770c3cc5.html,b2770c3cc5bc47dd3027c724890423e1a3747e3fc6e5a7efa5e24ff97d3d4f7b
2640,No immediate action,www.flickr.com,https://www.flickr.com/photos/statephotos/,Hosted in India only,Included because the resolved IP geolocated to India (ip-api.com host geolocation); confirm business relevance manually.,Not found on reviewed page,evidence_snapshots/02640_www.flickr.com_f67d35629a.html,f67d35629ae306fbb2881979dde9d8bf789c6b1a0e61591b946a33f3bf52df98
2644,No immediate action,www.state.gov,https://www.state.gov/newsroom/,Hosted in India only,Included because the resolved IP geolocated to India (ip-api.com host geolocation); confirm business relevance manually.,Not found on reviewed page,evidence_snapshots/02644_www.state.gov_9ad5c298b5.html,9ad5c298b53ce20ccde98428d4a533f91161ce574af85bd797963ddc5a1ab3f4
2645,No immediate action,www.state.gov,https://www.state.gov/countries-and-areas-list/,Hosted in India only,Included because the resolved IP geolocated to India (ip-api.com host geolocation); confirm business relevance manually.,Not found on reviewed page,evidence_snapshots/02645_www.state.gov_71880b56d7.html,71880b56d7e35161a68b76fda2b427f325aa5340f47b526b4e5111f09a40739e
2646,No immediate action,www.state.gov,https://www.state.gov/bureaus-and-offices-list/,Hosted in India only,Included because the resolved IP geolocated to India (ip-api.com host geolocation); confirm business relevance manually.,Not found on reviewed page,evidence_snapshots/02646_www.state.gov_8b5b36bac7.html,8b5b36bac783c25466d6d969390b38da763ed8d0546064d71aac28a1286eef5b
2647,No immediate action,www.state.gov,https://www.state.gov/biographies-list/,Hosted in India only,Included because the resolved IP geolocated to India (ip-api.com host geolocation); confirm business relevance manually.,Not found on reviewed page,evidence_snapshots/02647_www.state.gov_9c0b3dfad7.html,9c0b3dfad74726420f2a99ef08dcd7e8dbb79db2630ab5ac1791b05c227dc253
2649,No immediate action,www.state.gov,https://www.state.gov/telephone-directory/,Hosted in India only,Included because the resolved IP geolocated to India (ip-api.com host geolocation); confirm business relevance manually.,Not found on reviewed page,evidence_snapshots/02649_www.state.gov_ee847ff85f.html,ee847ff85ff6219cb0c06d752de1654533d875b10dfce02e611a90ce7719ad30
2650,No immediate action,www.state.gov,https://www.state.gov/policy-issues/human-trafficking-crime-human-trafficking-and-illicit-activities/,Hosted in India only,Included because the resolved IP geolocated to India (ip-api.com host geolocation); confirm business relevance manually.,Not found on reviewed page,evidence_snapshots/02650_www.state.gov_2baf8a210e.html,2baf8a210e5a9c279d03d3a97c6f162f1ff9227a4b08dc46593c94beb0bfd62d
2651,No immediate action,www.justice.gov,https://www.justice.gov/usao-ndga/pr/two-cartersville-men-and-chinese-national-indicted-forced-labor-and-related-offenses,Hosted in India only,Included because the resolved IP geolocated to India (ip-api.com host geolocation); confirm business relevance manually.,Not found on reviewed page,evidence_snapshots/02651_www.justice.gov_d2d479752e.html,d2d479752e84fcd25d28105b08815548ee366da60be04ff72eeb840c57c93541
2653,No immediate action,www.lwb.org.au,http://www.lwb.org.au/services/forced-marriage-support/,Likely India jurisdiction + hosted in India,Included because India was inferred from currency text Rs.; resolved IP also geolocated to India.,Not found on reviewed page,evidence_snapshots/02653_www.lwb.org.au_97df8ff65f.html,97df8ff65f6bc0d3faaaf8adc53adbeb0ced333c55f4ed0118a78a7f1036796a
2656,No immediate action,www.district.au,https://www.district.au/content-management-system,Hosted in India only,Included because the resolved IP geolocated to India (ip-api.com host geolocation); confirm business relevance manually.,Not found on reviewed page,evidence_snapshots/02656_www.district.au_0b2b154fb6.html,0b2b154fb6b29cd77b875ed4f8abc1cd09f0bfa6476e7bb955521d095dea5e5b
2657,No immediate action,police.act.gov.au,https://police.act.gov.au/,Likely India jurisdiction,Included because India was inferred from currency text Rs..,Not found on reviewed page,evidence_snapshots/02657_police.act.gov.au_3aef1baaa5.html,3aef1baaa59aff9cb68d5d039287b34347e8e0068680f044e0e7f00c7a3a12d4
2658,No immediate action,www.afp.gov.au,https://www.afp.gov.au/about-us/governance-and-accountability/freedom-of-information,Hosted in India only,Included because the resolved IP geolocated to India (ip-api.com host geolocation); confirm business relevance manually.,Not found on reviewed page,evidence_snapshots/02658_www.afp.gov.au_cd2128ecbe.html,cd2128ecbef92cc5cc7dc373ec8576ce851ce4c91c5eb7d461af967962ddea51
2659,No immediate action,www.afp.gov.au,https://www.afp.gov.au/news-centre,Hosted in India only,Included because the resolved IP geolocated to India (ip-api.com host geolocation); confirm business relevance manually.,Not found on reviewed page,evidence_snapshots/02659_www.afp.gov.au_234bdb5298.html,234bdb5298d35a1210f7f6eba91e99312d47e1d181fbc48ef6a23e1cfea0aae2
2660,No immediate action,www.afp.gov.au,https://www.afp.gov.au/search?content_type_id=1,Hosted in India only,Included because the resolved IP geolocated to India (ip-api.com host geolocation); confirm business relevance manually.,Not found on reviewed page,evidence_snapshots/02660_www.afp.gov.au_3105afcc98.html,3105afcc9800f07d6f99c9948ac3dfadafb2d03317af903a3e6f19f5fbe1d5b5
2661,No immediate action,www.afp.gov.au,https://www.afp.gov.au/news-centre/media-release/afp-rolls-out-specialised-human-exploitation-community-officers,Likely India jurisdiction + hosted in India,Included because India was inferred from currency text Rs.; resolved IP also geolocated to India.,Not found on reviewed page,evidence_snapshots/02661_www.afp.gov.au_29242040f0.html,29242040f007e9206b7c030940374a20526b5b1b8460087fcbf118b855004198
2662,No immediate action,www.afp.gov.au,https://www.afp.gov.au/news-centre/media-release/sydney-man-charged-after-allegedly-trafficking-wife-out-australia,Hosted in India only,Included because the resolved IP geolocated to India (ip-api.com host geolocation); confirm business relevance manually.,Not found on reviewed page,evidence_snapshots/02662_www.afp.gov.au_baeea94c19.html,baeea94c1960e4aafda307a9354884008c9ee06d0b807d01eef7fa45686e5e23
2663,No immediate action,www.afp.gov.au,https://www.afp.gov.au/news-centre/media-release/syndicate-members-jailed-child-trafficking-operation,Likely India jurisdiction + hosted in India,Included because India was inferred from currency text Rs.; resolved IP also geolocated to India.,Not found on reviewed page,evidence_snapshots/02663_www.afp.gov.au_903fb6929b.html,903fb6929b2ef50e339c44a6a707aba6d28813d62c72cb851a809ecd7bc89936
2664,No immediate action,www.afp.gov.au,https://www.afp.gov.au/news-centre/media-release/melbourne-couple-who-enslaved-woman-eight-years-have-proceeds-sale-home,Likely India jurisdiction + hosted in India,Included because India was inferred from currency text Rs.; resolved IP also geolocated to India.,Not found on reviewed page,evidence_snapshots/02664_www.afp.gov.au_dcd6872d82.html,dcd6872d828e091032742dbb3e517b700de850309afe68d052578f12f16799cc
2665,No immediate action,www.afp.gov.au,https://www.afp.gov.au/news-centre/media-release/dual-australian-and-nigerian-citizen-charged-human-trafficking-after,Likely India jurisdiction + hosted in India,Included because India was inferred from currency text Rs.; resolved IP also geolocated to India.,Not found on reviewed page,evidence_snapshots/02665_www.afp.gov.au_55d95d80ed.html,55d95d80ed8d2f67a5371e543e8d0a9379d8a7e0fd103843befee4caf1f81303
2666,No immediate action,tvguidetonight.com.au,https://tvguidetonight.com.au/,Hosted in India only,Included because the resolved IP geolocated to India (ip-api.com host geolocation); confirm business relevance manually.,Not found on reviewed page,evidence_snapshots/02666_tvguidetonight.com.au_b0f63cc9c7.html,b0f63cc9c790e742b41586215ef5946494fc4f549c0c0f09a1f7b55df8d4ba60
2667,No immediate action,7plus.com.au,https://7plus.com.au/,Hosted in India only,Included because the resolved IP geolocated to India (ip-api.com host geolocation); confirm business relevance manually.,Not found on reviewed page,evidence_snapshots/02667_7plus.com.au_4b2843c7fd.html,4b2843c7fd1c3e43c606889e3da01faf91e33bf444aba98634347a66d0b16841
2669,No immediate action,www.7regional.com.au,https://www.7regional.com.au/,Hosted in India only,Included because the resolved IP geolocated to India (ip-api.com host geolocation); confirm business relevance manually.,Not found on reviewed page,evidence_snapshots/02669_tvguidetonight.com.au_13c7094ea2.html,13c7094ea2cbd21228aaa41aa42e437cbf33a79874a4ea82f96607a4c7accec0
2670,No immediate action,www.thenightly.com.au,https://www.thenightly.com.au/,Hosted in India only,Included because the resolved IP geolocated to India (ip-api.com host geolocation); confirm business relevance manually.,Not found on reviewed page,evidence_snapshots/02670_thenightly.com.au_7978de38ad.html,7978de38ad67a4f61aec8e70c609fd388cc10e956a9d4a34ca51a1e7ab6a437c
2671,No immediate action,thewest.com.au,https://thewest.com.au/,Hosted in India only,Included because the resolved IP geolocated to India (ip-api.com host geolocation); confirm business relevance manually.,Not found on reviewed page,evidence_snapshots/02671_thewest.com.au_c46742e7d3.html,c46742e7d3a76c6a4d7231172e3e5c34dbd95a3544b6eee416d44f03ceb94765
2672,No immediate action,www.perthnow.com.au,https://www.perthnow.com.au/,Hosted in India only,Included because the resolved IP geolocated to India (ip-api.com host geolocation); confirm business relevance manually.,Not found on reviewed page,evidence_snapshots/02672_www.perthnow.com.au_10befa816d.html,10befa816d62a55c93ad6442a0f926034c7262baf4ed74f760d5fcba68fcfd8c
2675,No immediate action,huddle.com.au,https://huddle.com.au/,Hosted in India only,Included because the resolved IP geolocated to India (ip-api.com host geolocation); confirm business relevance manually.,Not found on reviewed page,evidence_snapshots/02675_huddle.com.au_03a92162a2.html,03a92162a215ef96d4eecf1abc10f2582c9b820f77178bdd732190c14926b6ac
2678,No immediate action,7news.com.au,https://7news.com.au/news/lyndel-ningella-police-appeal-for-help-to-find-10-year-old-not-seen-since-saturday-afternoon-c-22743233,Hosted in India only,Included because the resolved IP geolocated to India (ip-api.com host geolocation); confirm business relevance manually.,Not found on reviewed page,evidence_snapshots/02678_7news.com.au_65e8b97206.html,65e8b97206c10eb7a069ae750674643d04e25cb8b227e9c71b0b24c577245f15
2680,No immediate action,7news.com.au,https://7news.com.au/contact-us,Hosted in India only,Included because the resolved IP geolocated to India (ip-api.com host geolocation); confirm business relevance manually.,Not found on reviewed page,evidence_snapshots/02680_7news.com.au_3fa1f82fca.html,3fa1f82fca712e831de6233ac57d81841e2361ba273b319f60e0d73ebdb5702b
2681,No immediate action,7news.com.au,https://7news.com.au/sunrise,Hosted in India only,Included because the resolved IP geolocated to India (ip-api.com host geolocation); confirm business relevance manually.,Not found on reviewed page,evidence_snapshots/02681_7news.com.au_70cc3b6afa.html,70cc3b6afa7ed35ce18e36990e3062b03c9da9523c6ee72f89fd0f971d64d2a7
2682,No immediate action,7news.com.au,https://7news.com.au/the-morning-show,Hosted in India only,Included because the resolved IP geolocated to India (ip-api.com host geolocation); confirm business relevance manually.,Not found on reviewed page,evidence_snapshots/02682_7news.com.au_bc96b36898.html,bc96b36898a1ecd6f56f57d85abe19abff67f4b84bbf95e0422fee436acc6b3c
2683,No immediate action,7news.com.au,https://7news.com.au/spotlight,Hosted in India only,Included because the resolved IP geolocated to India (ip-api.com host geolocation); confirm business relevance manually.,Not found on reviewed page,evidence_snapshots/02683_7news.com.au_94284ecb62.html,94284ecb6219f9a71af79e885f7f7d21a018600ad412e8633f177164f21b50ba
2684,No immediate action,7news.com.au,https://7news.com.au/podcasts,Hosted in India only,Included because the resolved IP geolocated to India (ip-api.com host geolocation); confirm business relevance manually.,Not found on reviewed page,evidence_snapshots/02684_7news.com.au_f60b75f876.html,f60b75f8765d5a951e7f421d5743c1987fb2eda255fc32b9b1c620687aa17e7f
2685,No immediate action,7news.com.au,https://7news.com.au/app,Hosted in India only,Included because the resolved IP geolocated to India (ip-api.com host geolocation); confirm business relevance manually.,Not found on reviewed page,evidence_snapshots/02685_7news.com.au_30700bee48.html,30700bee484c40b01fb77b262e443531f00dce88f59ce808d1abbbcd214807e9
2686,No immediate action,7news.com.au,https://7news.com.au/newsletters,Hosted in India only,Included because the resolved IP geolocated to India (ip-api.com host geolocation); confirm business relevance manually.,Not found on reviewed page,evidence_snapshots/02686_7news.com.au_4c806b2910.html,4c806b291000b3b9e8a991ce602b719d70c00972a54cc74acc29039bb0c3befc
2687,No immediate action,7news.com.au,https://7news.com.au/about-us,Hosted in India only,Included because the resolved IP geolocated to India (ip-api.com host geolocation); confirm business relevance manually.,Not found on reviewed page,evidence_snapshots/02687_7news.com.au_364ee0663f.html,364ee0663fecd5e8797444f043b53f6a5fd9051ed0b9e73700188fbd53f686b9
2688,No immediate action,7news.com.au,https://7news.com.au/editorial-policy,Hosted in India only,Included because the resolved IP geolocated to India (ip-api.com host geolocation); confirm business relevance manually.,Not found on reviewed page,evidence_snapshots/02688_7news.com.au_4d635c57c3.html,4d635c57c3859d8614f19bc49c649e3a3d6001aa1e47f249e937bc4173d16118
2689,No immediate action,theconversation.com,https://theconversation.com/human-trafficking-and-slavery-still-happen-in-australia-this-comic-explains-how-112294,Likely India jurisdiction,Included because India was inferred from currency text Rs..,Not found on reviewed page,evidence_snapshots/02689_theconversation.com_9e625923b1.html,9e625923b146a9b1087096fc694ccf7701816badb9e3768328aedacbc43aff15
2690,No immediate action,www.hackinghub.io,https://www.hackinghub.io/,Likely India jurisdiction,Included because India was inferred from currency text Rs..,Not found on reviewed page,evidence_snapshots/02690_www.hackinghub.io_c081456b79.html,c081456b799c41445d9c2d32b63243c9ba38c499590f74cc401e0db83b06b218
2691,No immediate action,www.fortinet.com,https://www.fortinet.com/resources/cyberglossary/what-is-hacking,Hosted in India only,Included because the resolved IP geolocated to India (ip-api.com host geolocation); confirm business relevance manually.,Not found on reviewed page,evidence_snapshots/02691_www.fortinet.com_0074adea5d.html,0074adea5d509b8cf622b1581297179db4f23113d11ef502a06b7c4c7b77bd28
2692,No immediate action,www.hackerone.com,https://www.hackerone.com/hackers/hacker101,Likely India jurisdiction,Included because India was inferred from currency text Rs..,Not found on reviewed page,evidence_snapshots/02692_www.hackerone.com_f15c640c36.html,f15c640c36f4e740aa7c06726fbd3de7d1a1d216e40990bcc9ed5203f2873dec
2693,No immediate action,www.geeksforgeeks.org,https://www.geeksforgeeks.org/ethical-hacking/what-is-hacking-definition-types-identification-safety/,Hosted in India only,Included because the resolved IP geolocated to India (ip-api.com host geolocation); confirm business relevance manually.,Not found on reviewed page,evidence_snapshots/02693_www.geeksforgeeks.org_c2b1c9b2c6.html,c2b1c9b2c64ab76e993ea7e40cc855a98d1553472f70c4fd638a234642070e91
2699,No immediate action,app.hackinghub.io,https://app.hackinghub.io/create-account,Likely India jurisdiction,Included because India was inferred from search market en-IN.,Not found on reviewed page,evidence_snapshots/02699_account.hackinghub.io_09a514e208.html,09a514e208deff00d8d56bcd37bb434422e6a61438cd6ef4537f0fdad0b247ed
2700,No immediate action,www.hackinghub.io,https://www.hackinghub.io/hackinghub-blog,Likely India jurisdiction,Included because India was inferred from currency text Rs..,Not found on reviewed page,evidence_snapshots/02700_www.hackinghub.io_cdb5f0db0f.html,cdb5f0db0f889dc975b14f9b263cf8943567ab0dc94e60b8166f974d8838cc09
2701,No immediate action,app.hackinghub.io,https://app.hackinghub.io,Likely India jurisdiction,Included because India was inferred from search market en-IN.,Not found on reviewed page,evidence_snapshots/02701_app.hackinghub.io_14afbb1735.html,14afbb17355f11716893c8f41ef86c0cc52c055cbc0e89fb231f6f0e252d9dfd
2702,No immediate action,app.hackinghub.io,https://app.hackinghub.io/team,Likely India jurisdiction,Included because India was inferred from search market en-IN.,Not found on reviewed page,evidence_snapshots/02702_app.hackinghub.io_7396b449ad.html,7396b449ad130a403407df7ba04c22c0d465dfd3700a0af50a86bafa58784ad8
2704,No immediate action,fortinet-tv.com,https://fortinet-tv.com/,Likely India jurisdiction,Included because India was inferred from page metadata: IN.,Not found on reviewed page,evidence_snapshots/02704_fortinet-tv.com_cbff10e357.html,cbff10e357653d4768cf167541f1f5d39836baf1aa24a5a27984e0b4f9ae8762
2705,No immediate action,www.fortinetaccelerate.com,https://www.fortinetaccelerate.com/lasvegas_26/,Likely India jurisdiction,Included because India was inferred from currency code INR.,Not found on reviewed page,evidence_snapshots/02705_www.fortinetaccelerate.com_8761fbec23.html,8761fbec23d3a562d41cdc0082267d8a59b7184ff273075e3aea9c7661b6b961
2706,No immediate action,www.fortiguard.com,https://www.fortiguard.com/,Likely India jurisdiction,Included because India was inferred from search market en-IN.,Not found on reviewed page,evidence_snapshots/02706_www.fortiguard.com_fc5cacb785.html,fc5cacb7857022163d6a3693389cc8d667b72f8e9b59ebbb5e3308e9ef5d414c
2707,No immediate action,www.fortinet.com,http://www.fortinet.com/corporate/about-us/legal,Hosted in India only,Included because the resolved IP geolocated to India (ip-api.com host geolocation); confirm business relevance manually.,Not found on reviewed page,evidence_snapshots/02707_www.fortinet.com_868dc3d095.html,868dc3d095122260b44edc13d6777334720e8cefe5709d340e5bb802fa31124a
2708,No immediate action,www.fortinet.com,http://www.fortinet.com/support/support-services/fortiguard-security-subscriptions/inline-malware-prevention,Hosted in India only,Included because the resolved IP geolocated to India (ip-api.com host geolocation); confirm business relevance manually.,Not found on reviewed page,evidence_snapshots/02708_www.fortinet.com_b68862127c.html,b68862127c02e1e25c5a354ea0459dcb1952823a64e16cc42dd74ff9ab06a489
2709,No immediate action,www.fortinet.com,http://www.fortinet.com/corporate/about-us/events/events/sase-summit,Hosted in India only,Included because the resolved IP geolocated to India (ip-api.com host geolocation); confirm business relevance manually.,Not found on reviewed page,evidence_snapshots/02709_www.fortinet.com_e37d9e2c1c.html,e37d9e2c1c9bc03a553f0d3cbf6a0d146289c79532480f6adb06ec43ba60d45f
2710,No immediate action,www.fortinet.com,http://www.fortinet.com/partners/partnerships/alliance-partners,Hosted in India only,Included because the resolved IP geolocated to India (ip-api.com host geolocation); confirm business relevance manually.,Not found on reviewed page,evidence_snapshots/02710_www.fortinet.com_4cb273436b.html,4cb273436b3f10b712d0c1ca1df1279df474077872a4cbdfb7cf4040d56d8df2
2711,No immediate action,www.fortinet.com,http://www.fortinet.com/partners/partner-locator,Hosted in India only,Included because the resolved IP geolocated to India (ip-api.com host geolocation); confirm business relevance manually.,Not found on reviewed page,evidence_snapshots/02711_www.fortinet.com_169c8469d3.html,169c8469d30b30b66de2526f1e6b4d898e822c9dd38cc46e2617e9e960f1bf11
2712,No immediate action,www.fortinet.com,http://www.fortinet.com/corporate/about-us/newsroom,Hosted in India only,Included because the resolved IP geolocated to India (ip-api.com host geolocation); confirm business relevance manually.,Not found on reviewed page,evidence_snapshots/02712_www.fortinet.com_85e779afc1.html,85e779afc1005702fdfa1393fb9d10dcbc0bcd26d945e1d2a6593d8f02cff8c4
2713,No immediate action,www.fortinet.com,https://www.fortinet.com/blog,Hosted in India only,Included because the resolved IP geolocated to India (ip-api.com host geolocation); confirm business relevance manually.,Not found on reviewed page,evidence_snapshots/02713_www.fortinet.com_f3268e1715.html,f3268e17159dd42950f540d45558b355734766a298191ffa836e2a127885d637
2714,No immediate action,www.fortinet.com,http://www.fortinet.com/resources/ordering-guides?document_type=ordering-guide&q=ordering+guide,Hosted in India only,Included because the resolved IP geolocated to India (ip-api.com host geolocation); confirm business relevance manually.,Not found on reviewed page,evidence_snapshots/02714_www.fortinet.com_f42c3625ed.html,f42c3625edc1cedd7bdf2c1d54767c49247353bffa3dd0f604e1fc6be22de405
2715,No immediate action,www.fortinet.com,http://www.fortinet.com/training/fast-track,Hosted in India only,Included because the resolved IP geolocated to India (ip-api.com host geolocation); confirm business relevance manually.,Not found on reviewed page,evidence_snapshots/02715_www.fortinet.com_ad5e2c326d.html,ad5e2c326d0eff9a9083311125187e2d0a737f246d71b72c2c269916ed2c4fcb
2716,No immediate action,www.fortinet.com,http://www.fortinet.com/corporate/about-us/newsroom/press-releases/2026/fortinet-report-reveals-cybersecurity-hiring-stalls-as-nearly-half-of-it-leaders-face-corporate-pushback,Hosted in India only,Included because the resolved IP geolocated to India (ip-api.com host geolocation); confirm business relevance manually.,Not found on reviewed page,evidence_snapshots/02716_www.fortinet.com_201c828948.html,201c828948e45e1f5b27a39ba99e02221465f73918cae4c7ce7172f6ac7f9b23
2717,No immediate action,www.fortinet.com,http://www.fortinet.com/topics/cyber-threats,Hosted in India only,Included because the resolved IP geolocated to India (ip-api.com host geolocation); confirm business relevance manually.,Not found on reviewed page,evidence_snapshots/02717_www.fortinet.com_5f60bda6e2.html,5f60bda6e2bc41aaae1efd497f3fa4ab7ab714fd1eb385e14055e2b8ba068b21
2718,No immediate action,www.hackerone-partners.com,https://www.hackerone-partners.com/,Likely India jurisdiction,Included because India was inferred from currency text Rs..,Not found on reviewed page,evidence_snapshots/02718_www.hackerone-partners.com_25fc043127.html,25fc0431273024dbb065cbf81a2c3c6ffe192cd52e5c42260e6e1c64b0db3d78
2721,No immediate action,www.hackerone.com,https://www.hackerone.com/terms,Likely India jurisdiction,Included because India was inferred from currency text Rs..,Not found on reviewed page,evidence_snapshots/02721_www.hackerone.com_cc6923d6a0.html,cc6923d6a047cc5336295183de8766f04063d361122617ffcb8aac1d99d0e2ff
2722,No immediate action,www.hackerone.com,https://www.hackerone.com/product/challenge,Likely India jurisdiction,Included because India was inferred from currency text Rs..,Not found on reviewed page,evidence_snapshots/02722_www.hackerone.com_1017bf45ea.html,1017bf45eaa491219d72b5cca3206388eb3acd71113a128b20859c9ce3a840ca
2723,No immediate action,www.hackerone.com,https://www.hackerone.com/hackers/how-to-start-hacking,Likely India jurisdiction,Included because India was inferred from currency text Rs..,Not found on reviewed page,evidence_snapshots/02723_www.hackerone.com_2ddf962252.html,2ddf9622521f02b5a9538e2b00a6efba04e7ded49784c196d297c663f8a13b3e
2724,No immediate action,www.hackerone.com,https://www.hackerone.com/blog,Likely India jurisdiction,Included because India was inferred from currency text Rs..,Not found on reviewed page,evidence_snapshots/02724_www.hackerone.com_7b0d8e397d.html,7b0d8e397db705bd914752f76d417a21879c791d927cf8134559ef076a56cd5e
2725,No immediate action,www.hackerone.com,https://www.hackerone.com/company/newsroom,Likely India jurisdiction,Included because India was inferred from currency text Rs..,Not found on reviewed page,evidence_snapshots/02725_www.hackerone.com_0921a21f71.html,0921a21f716fbba519d652433efa64f330e9b209c9039f4e88c5d412bf2b454b
2726,No immediate action,www.hackerone.com,https://www.hackerone.com/knowledge-center/what-application-security-concepts-tools-best-practices,Likely India jurisdiction,Included because India was inferred from currency text Rs..,Not found on reviewed page,evidence_snapshots/02726_www.hackerone.com_45f012ee7c.html,45f012ee7c918002a9e1925dcb4f80116c61cc85e82cf8719cbb5778599ee955
2727,No immediate action,www.hackerone.com,https://www.hackerone.com/knowledge-center/what-hacking-black-hat-white-hat-blue-hat-and-more,Likely India jurisdiction,Included because India was inferred from currency text Rs..,Not found on reviewed page,evidence_snapshots/02727_www.hackerone.com_bbb935c1f9.html,bbb935c1f91bf491266dc1e2e31354f8eabb25631d0ef4a0b5421b786e7ffd7e
2728,No immediate action,www.hackthebox.ai,https://www.hackthebox.ai/,Likely India jurisdiction,Included because India was inferred from search market en-IN.,Not found on reviewed page,evidence_snapshots/02728_www.hackthebox.ai_250a2839a8.html,250a2839a8005dde5d08e696de26cbe710fa307935dd2256ad37d29e409d6f81
2729,No immediate action,www.twitch.tv,https://www.twitch.tv/hackthebox,Likely India jurisdiction + hosted in India,Included because India was inferred from currency text Rs.; resolved IP also geolocated to India.,Not found on reviewed page,evidence_snapshots/02729_www.twitch.tv_362314c0d9.html,362314c0d91d12368839d33f15ba9bc6116f7664efc43bffedf60552a7f03d44
2730,No immediate action,parrotsec.org,https://parrotsec.org/,Likely India jurisdiction + hosted in India,Included because India was inferred from currency text Rs.; resolved IP also geolocated to India.,Not found on reviewed page,evidence_snapshots/02730_parrotsec.org_594eed27d3.html,594eed27d33cbdc4a75f7dddac5b4e8cd6abb1ff05e56f2fad0a76d22028ea10
2731,No immediate action,apply.workable.com,https://apply.workable.com/hack-the-box-ltd,Likely India jurisdiction,Included because India was inferred from search market en-IN.,Not found on reviewed page,evidence_snapshots/02731_apply.workable.com_22e52d9eaa.html,22e52d9eaa1d99cc9a7b349736a86ea8184041525f826ff5eeee69d04c53a6b3
2735,No immediate action,forum.hackthebox.eu,https://forum.hackthebox.eu/,Likely India jurisdiction,Included because India was inferred from search market en-IN.,Not found on reviewed page,evidence_snapshots/02735_forum.hackthebox.com_a67639f38c.html,a67639f38cae98b8d188a0299997253bc03bd3fce008ae40998e0e482be31935
2736,No immediate action,www.vmware.com,https://www.vmware.com/products/workstation-player/workstation-player-evaluation.html,Likely India jurisdiction,Included because India was inferred from search market en-IN.,Not found on reviewed page,evidence_snapshots/02736_www.vmware.com_65ee08caba.html,65ee08caba93fa1fb9a52757b91fc1fa4fd6c2b859adc235b005dc4f37e32df8
2737,No immediate action,www.virtualbox.org,https://www.virtualbox.org/wiki/Downloads,Hosted in India only,Included because the resolved IP geolocated to India (ip-api.com host geolocation); confirm business relevance manually.,Not found on reviewed page,evidence_snapshots/02737_www.virtualbox.org_97d8a31f15.html,97d8a31f15792e0d0a09a4e824275b470166d04cc14a035a3652e1e7073fd69d
2738,No immediate action,www.hackthebox.com,https://www.hackthebox.com/pricing,Likely India jurisdiction,Included because India was inferred from currency text Rs..,Not found on reviewed page,evidence_snapshots/02738_www.hackthebox.com_11a718b2a4.html,11a718b2a4d841f80618e63c7660060b66b88aaa2c25a0cd1849a983da37c898
2740,No immediate action,account.hackthebox.com,https://account.hackthebox.com/,Likely India jurisdiction,Included because India was inferred from search market en-IN.,Not found on reviewed page,evidence_snapshots/02740_account.hackthebox.com_63e9922e42.html,63e9922e42e10222148bb02c52ccb1a23467100668d420736ad1a66d8acc7277
2741,No immediate action,help.hackthebox.com,https://help.hackthebox.com/en/articles/5185338-how-to-play-machines,Likely India jurisdiction,Included because India was inferred from currency text Rs..,Not found on reviewed page,evidence_snapshots/02741_help.hackthebox.com_1544677f73.html,1544677f73f01145f3a808dc086d044a5273788901fea2b2f1b4aa66558a001a
2743,No immediate action,www.hackthebox.com,https://www.hackthebox.com/business/tabletop-exercises,Likely India jurisdiction,Included because India was inferred from currency text Rs..,Not found on reviewed page,evidence_snapshots/02743_www.hackthebox.com_f23a1f74d9.html,f23a1f74d98785592e2b55e96b11ac552923bde4099adb89c9f130f12f698d93
2744,No immediate action,www.hackthebox.com,https://www.hackthebox.com/hacker/hacking-labs,Likely India jurisdiction,Included because India was inferred from currency text Rs..,Not found on reviewed page,evidence_snapshots/02744_www.hackthebox.com_9b4930d161.html,9b4930d161e5c08eced5d09d748f63acb1e09693c002199bb48a494e3ee01b6c
2746,No immediate action,www.hackthebox.com,https://www.hackthebox.com/cybersecurity-resources/podcasts,Likely India jurisdiction,Included because India was inferred from currency text Rs..,Not found on reviewed page,evidence_snapshots/02746_www.hackthebox.com_bc94cb1b1a.html,bc94cb1b1a83047097da8280c3d357fa153848423868542582905f01c2dfc043
2767,Activity found - AmEx not visible,www.malwarebytes.com,https://www.malwarebytes.com/premium,Likely India jurisdiction,Included because India was inferred from currency code INR.,Not found on reviewed page,evidence_snapshots/02767_www.malwarebytes.com_8ddfc0fedc.html,8ddfc0fedc03c5267703af2a5d719d07d2097e261d17bb6cef7a847131649107
2770,No immediate action,www.hackinghub.io,https://www.hackinghub.io/blog-categories/ethical-hacking,Likely India jurisdiction,Included because India was inferred from search market en-IN.,Not found on reviewed page,evidence_snapshots/02770_www.hackinghub.io_fb47ded9f1.html,fb47ded9f103a2b6f4b19e8f2526066c25c3abf9cf5236b0a497f27cb818d476
2771,No immediate action,www.hackinghub.io,https://www.hackinghub.io/blog-categories/network-security,Likely India jurisdiction,Included because India was inferred from search market en-IN.,Not found on reviewed page,evidence_snapshots/02771_www.hackinghub.io_45c5b33b91.html,45c5b33b9176a4d01ae6a5879662ad449594dc593bf996648cd8cb960990beb7
2772,No immediate action,www.hackinghub.io,https://www.hackinghub.io/blog-categories/penetration-testing,Likely India jurisdiction,Included because India was inferred from search market en-IN.,Not found on reviewed page,evidence_snapshots/02772_www.hackinghub.io_7291f42e84.html,7291f42e8477dda735569db86a276823067b519f410106bb02af7e7709977491
2773,No immediate action,www.hackinghub.io,https://www.hackinghub.io/blog-categories/tips-tricks,Likely India jurisdiction,Included because India was inferred from search market en-IN.,Not found on reviewed page,evidence_snapshots/02773_www.hackinghub.io_e89c2dacf4.html,e89c2dacf476c1cc359cc7416d0882fe94f44fbab0ed1392e1a689200cbc88fe
2774,No immediate action,www.hackinghub.io,https://www.hackinghub.io/blog-categories/cybersecurity,Likely India jurisdiction,Included because India was inferred from currency text Rs..,Not found on reviewed page,evidence_snapshots/02774_www.hackinghub.io_2a641c1bae.html,2a641c1bae8818bcc2c3d5d3d00bd048d1c31dcb50a634d680d6f17d5192a67e
2775,No immediate action,www.hackinghub.io,https://www.hackinghub.io/post/quick-tips-start-earning-with-ethical-hacking-now,Likely India jurisdiction,Included because India was inferred from currency text Rs..,Not found on reviewed page,evidence_snapshots/02775_www.hackinghub.io_f69d0f1c7a.html,f69d0f1c7a5fc36a9c2453431e68a213571d81a37a3844e4b615b528e627859a
2776,No immediate action,www.fortinet.com,https://www.fortinet.com/nse-training,Hosted in India only,Included because the resolved IP geolocated to India (ip-api.com host geolocation); confirm business relevance manually.,Not found on reviewed page,evidence_snapshots/02776_www.fortinet.com_1eeea84fa2.html,1eeea84fa202ff72e4e50f99c836f034f8beec35c144a927ce720fdf82e4c2c9
2782,No immediate action,www.fortiguard.com,https://www.fortiguard.com/faq/psirt-contact,Likely India jurisdiction,Included because India was inferred from search market en-IN.,Not found on reviewed page,evidence_snapshots/02782_www.fortiguard.com_8b9c0fa909.html,8b9c0fa909f6c421e1a47b1083c583f39afb6804ec21806b7e17b88e86e5be4a
2783,No immediate action,www.fortiguard.com,https://www.fortiguard.com/faq,Likely India jurisdiction,Included because India was inferred from search market en-IN.,Not found on reviewed page,evidence_snapshots/02783_www.fortiguard.com_14dfca03fe.html,14dfca03fe6de8f33d1a9c9da6066abeb246490e6a50b8fbb9d891c3d2d23ef5
2784,No immediate action,www.fortiguard.com,https://www.fortiguard.com/faq/general-contact,Likely India jurisdiction,Included because India was inferred from search market en-IN.,Not found on reviewed page,evidence_snapshots/02784_www.fortiguard.com_c9d22434e6.html,c9d22434e6b3696be68a8916b0b8d76a0d9b5f7e89ff9c3c20fe9cd861d57779
2785,No immediate action,www.fortiguard.com,https://www.fortiguard.com/services/antivirus,Likely India jurisdiction,Included because India was inferred from search market en-IN.,Not found on reviewed page,evidence_snapshots/02785_www.fortiguard.com_692721427b.html,692721427b4b252f6b654629efc357cce5a554b658f4c095c64932ba70f9690a
2786,No immediate action,www.fortiguard.com,https://www.fortiguard.com/services/csd,Likely India jurisdiction,Included because India was inferred from search market en-IN.,Not found on reviewed page,evidence_snapshots/02786_www.fortiguard.com_cc21aeedb0.html,cc21aeedb0f16b905124428b3979513acc20ae520149205abba19e0d96498a77
2787,No immediate action,www.fortiguard.com,https://www.fortiguard.com/security-best-practices,Likely India jurisdiction,Included because India was inferred from search market en-IN.,Not found on reviewed page,evidence_snapshots/02787_www.fortiguard.com_9ba69be82a.html,9ba69be82aeac5b4e918b8035c891986025f07e8ed970070233655af39fbc350
2788,No immediate action,www.fortiguard.com,https://www.fortiguard.com/updates/irdb,Likely India jurisdiction,Included because India was inferred from currency text Rs..,Not found on reviewed page,evidence_snapshots/02788_www.fortiguard.com_d6a00dded1.html,d6a00dded15bb32298ae5229533e52508757343bb435733d548776f21a61a87c
2789,No immediate action,www.fortiguard.com,https://www.fortiguard.com/updates/ots,Likely India jurisdiction,Included because India was inferred from currency text Rs..,Not found on reviewed page,evidence_snapshots/02789_www.fortiguard.com_aad2cd1015.html,aad2cd1015145404f46727050e52ee819aeb8d5ab0c3994e74faf6492fc714b0
2790,No immediate action,www.fortiguard.com,https://www.fortiguard.com/updates/antivirus,Likely India jurisdiction,Included because India was inferred from currency text Rs..,Not found on reviewed page,evidence_snapshots/02790_www.fortiguard.com_4e071b9311.html,4e071b931159c6b8afb6c059f7e90ea342d6dae63db44cbb6c8ac6339666a832
2791,No immediate action,www.fortiguard.com,https://www.fortiguard.com/updates/mobile,Likely India jurisdiction,Included because India was inferred from currency text Rs..,Not found on reviewed page,evidence_snapshots/02791_www.fortiguard.com_62cf27a0ba.html,62cf27a0ba7a80ad43b8b664acdf14c69c0b772be03e3a8ad2ed183b6abd40ee
2795,No immediate action,new.abb.com,https://new.abb.com/,Likely India jurisdiction + hosted in India,Included because India was inferred from currency text Rs.; resolved IP also geolocated to India.,Not found on reviewed page,evidence_snapshots/02795_www.abb.com_4ccf5e6323.html,4ccf5e6323233a0774f1c60dac2d7e1e151c9fcb3be15692a32cd55e0d5f434c
2796,No immediate action,abstract.security,https://abstract.security,Likely India jurisdiction,Included because India was inferred from search market en-IN.,Not found on reviewed page,evidence_snapshots/02796_www.abstract.security_00c304d3da.html,00c304d3da55d2ac683176edf97301c2e0e982d98778a0e59011a696794756ce
2799,No immediate action,www.fortinet.com,https://www.fortinet.com/content/dam/fortinet/assets/deployment-guides/dg-aislelabs-integration-with-fortinet-wifi.pdf,Hosted in India only,Included because the resolved IP geolocated to India (ip-api.com host geolocation); confirm business relevance manually.,Not found on reviewed page,evidence_snapshots/02799_www.fortinet.com_8b478dd55f.html,8b478dd55f72c35fff6b978e94f87ca0c1d22614339dce1272c63cd661937943
2802,No immediate action,www.darkreading.com,https://www.darkreading.com/cloud-security/defending-against-cloud-threats-across-multi-cloud-environments,Likely India jurisdiction,Included because India was inferred from currency text Rs..,Not found on reviewed page,evidence_snapshots/02802_www.darkreading.com_e5a2da0713.html,e5a2da07137761a1dbf10207f6206e7a366bc263e7db3cb189e693109c8517c2
2804,No immediate action,www.fortinet.com,http://www.fortinet.com/corporate/about-us/newsroom/press-releases/2026/fortinet-expands-fortigate-g-series-with-1200g-and-fortisase-outpost-to-advance-firewall-sase-convergence,Hosted in India only,Included because the resolved IP geolocated to India (ip-api.com host geolocation); confirm business relevance manually.,Not found on reviewed page,evidence_snapshots/02804_www.fortinet.com_4279f97877.html,4279f97877d6573fe1fd3b48fd8e78e2354f7c3c54f1300a4dd76a22659cbc79
2805,No immediate action,fortiguard.com,https://fortiguard.com/,Likely India jurisdiction,Included because India was inferred from search market en-IN.,Not found on reviewed page,evidence_snapshots/02805_www.fortiguard.com_25b888d495.html,25b888d495b735f335cb7bd317e0e6a912afe70f060f66844901bebe2c3c69d1
2806,No immediate action,www.fortinet.com,http://www.fortinet.com/blog/security-operations/fortiendpoint-expands-security-for-the-ai-era,Likely India jurisdiction + hosted in India,Included because India was inferred from search market en-IN; resolved IP also geolocated to India.,Not found on reviewed page,evidence_snapshots/02806_www.fortinet.com_5d1ace549e.html,5d1ace549ef778cdd91a3605dbab8faee197c33ae9ec10f5cc44bceb9187b256
2807,No immediate action,www.fortinet.com,http://www.fortinet.com/blog/life-at-fortinet/life-at-fortinet-cybersecurity-education-helping-to-create-next-generation-of-professionals,Likely India jurisdiction + hosted in India,Included because India was inferred from currency text Rs.; resolved IP also geolocated to India.,Not found on reviewed page,evidence_snapshots/02807_www.fortinet.com_26f77b10bd.html,26f77b10bd3a319718197a5cccfc19631f40c8a5a7f1bdf386c287ea5e6b9427
2808,No immediate action,www.fortinet.com,https://www.fortinet.com/blog.html,Hosted in India only,Included because the resolved IP geolocated to India (ip-api.com host geolocation); confirm business relevance manually.,Not found on reviewed page,evidence_snapshots/02808_www.fortinet.com_f3268e1715.html,f3268e17159dd42950f540d45558b355734766a298191ffa836e2a127885d637
2809,No immediate action,www.fortinet.com,http://www.fortinet.com/blog/secure-networking,Likely India jurisdiction + hosted in India,Included because India was inferred from search market en-IN; resolved IP also geolocated to India.,Not found on reviewed page,evidence_snapshots/02809_www.fortinet.com_3835199eb1.html,3835199eb1d10c71b70a0843eb75225f7001daeb4ab615f5afbd5effe0f8c8be
2810,No immediate action,www.fortinet.com,http://www.fortinet.com/blog/unified-sase,Likely India jurisdiction + hosted in India,Included because India was inferred from search market en-IN; resolved IP also geolocated to India.,Not found on reviewed page,evidence_snapshots/02810_www.fortinet.com_7f981d3122.html,7f981d3122a72f106606af55446025f6109e0737bdca94ec6cf67ad9d829e9c7
2811,No immediate action,www.fortinet.com,http://www.fortinet.com/blog/cloud-security,Likely India jurisdiction + hosted in India,Included because India was inferred from search market en-IN; resolved IP also geolocated to India.,Not found on reviewed page,evidence_snapshots/02811_www.fortinet.com_9a67fb5db0.html,9a67fb5db00289bbf8031d34933bae6bb79710ec3ab07e28d7d255c9e8ef7a13
2812,No immediate action,www.fortinet.com,http://www.fortinet.com/blog/security-operations,Likely India jurisdiction + hosted in India,Included because India was inferred from search market en-IN; resolved IP also geolocated to India.,Not found on reviewed page,evidence_snapshots/02812_www.fortinet.com_e1e118b8f7.html,e1e118b8f7e802b4db0b2fb33e4167218b4b2c8c01af020e463c0ac9988bb596
2813,No immediate action,www.fortinet.com,http://www.fortinet.com/blog/operational-technology,Likely India jurisdiction + hosted in India,Included because India was inferred from currency text Rs.; resolved IP also geolocated to India.,Not found on reviewed page,evidence_snapshots/02813_www.fortinet.com_2b873b4b6a.html,2b873b4b6ab94db84177166dd2e64d50689a3b19055330786aa7b80361011faf
2814,No immediate action,www.fortinet.com,http://www.fortinet.com/blog/threat-research,Likely India jurisdiction + hosted in India,Included because India was inferred from currency text Rs.; resolved IP also geolocated to India.,Not found on reviewed page,evidence_snapshots/02814_www.fortinet.com_55f507e9f8.html,55f507e9f843f3d90f30bf0a8d343d6f44cba12370865ad1f433803fc153e1f3
2815,No immediate action,www.fortinet.com,http://www.fortinet.com/blog/psirt-blogs,Likely India jurisdiction + hosted in India,Included because India was inferred from search market en-IN; resolved IP also geolocated to India.,Not found on reviewed page,evidence_snapshots/02815_www.fortinet.com_c26163be08.html,c26163be086ee931ebaece1244ced9d45d93692812b76df8c2c866fff85c49f2
2816,No immediate action,www.fortinet.com,http://www.fortinet.com/blog/ciso-collective,Hosted in India only,Included because the resolved IP geolocated to India (ip-api.com host geolocation); confirm business relevance manually.,Not found on reviewed page,evidence_snapshots/02816_www.fortinet.com_3ae064e984.html,3ae064e98477dce95ae621c58b8a03d1c327b6026fc8f034984ce56596382479
2817,No immediate action,www.fortinet.com,http://www.fortinet.com/blog/industry-trends,Hosted in India only,Included because the resolved IP geolocated to India (ip-api.com host geolocation); confirm business relevance manually.,Not found on reviewed page,evidence_snapshots/02817_www.fortinet.com_f6ec42d41f.html,f6ec42d41f867ce418166529e44c8f75e37d71b7f4ad6b0f888b2b542cae1696
2818,No immediate action,www.hackerone.com,https://www.hackerone.com/policies,Likely India jurisdiction,Included because India was inferred from currency text Rs..,Not found on reviewed page,evidence_snapshots/02818_www.hackerone.com_f990310fff.html,f990310fffd57bb52a9db99ecebe2445f832b1e5b6067de0a2039d0da9f602b3
2819,No immediate action,www.bevy.com,https://www.bevy.com,Likely India jurisdiction,Included because India was inferred from search market en-IN.,Not found on reviewed page,evidence_snapshots/02819_bevy.com_f0500ef858.html,f0500ef858dd2229833251b48e95b6f74d185f2c7a8afefe6ec54ddd29aa5065
2823,No immediate action,www.hackerone.com,http://www.hackerone.com/terms/AI,Likely India jurisdiction,Included because India was inferred from currency text Rs..,Not found on reviewed page,evidence_snapshots/02823_www.hackerone.com_da3b606224.html,da3b60622482a2793a2c5acb601fecaa95ac0d4b8e887ccb22d34180669c18d1
2824,No immediate action,www.hackerone.com,http://www.hackerone.com/terms/general,Likely India jurisdiction,Included because India was inferred from currency text Rs..,Not found on reviewed page,evidence_snapshots/02824_www.hackerone.com_1b04c742ea.html,1b04c742ea46e2ce71524fe185d5f33c71b3a00dcaa998d2c77697d28f997509
2825,No immediate action,www.hackerone.com,https://www.hackerone.com/terms/general,Likely India jurisdiction,Included because India was inferred from currency text Rs..,Not found on reviewed page,evidence_snapshots/02825_www.hackerone.com_1b04c742ea.html,1b04c742ea46e2ce71524fe185d5f33c71b3a00dcaa998d2c77697d28f997509
2826,No immediate action,www.hackerone.com,https://www.hackerone.com/terms/finder,Likely India jurisdiction,Included because India was inferred from currency text Rs..,Not found on reviewed page,evidence_snapshots/02826_www.hackerone.com_2126bdbd34.html,2126bdbd346da4d58bcd51a1b8262b3a663ea696f19e5811417043c611e007ef
2827,No immediate action,www.hackerone.com,https://www.hackerone.com/terms/2025,Likely India jurisdiction,Included because India was inferred from currency text Rs..,Not found on reviewed page,evidence_snapshots/02827_www.hackerone.com_4828e7e03f.html,4828e7e03f0a07cf383fe8a43bf747435159d872e372be56b1e443c04de8ab9e
2828,No immediate action,www.hackerone.com,https://www.hackerone.com/disclosure-guidelines,Likely India jurisdiction,Included because India was inferred from currency text Rs..,Not found on reviewed page,evidence_snapshots/02828_www.hackerone.com_be46cfeee2.html,be46cfeee20f1af082aebaf4085564ea119025c8fa76d37fccbf5e6ac8e8f9d7
2829,No immediate action,cdn.pathfactory.com,https://cdn.pathfactory.com/assets/preprocessed/11231/bc81b76d-594c-494e-b08f-9e05ef31356a/bc81b76d-594c-494e-b08f-9e05ef31356a.4a0ef345-591e-4d5f-b5d5-2bc2a227c61c,Hosted in India only,Included because the resolved IP geolocated to India (ip-api.com host geolocation); confirm business relevance manually.,Not found on reviewed page,evidence_snapshots/02829_cdn.pathfactory.com_c698d530bf.html,c698d530bf74c797d6450cec47cc30562984b137ec58c9c48a48d7032e0e5269
2830,No immediate action,www.hackerone.com,https://www.hackerone.com/platform/hai,Likely India jurisdiction,Included because India was inferred from currency text Rs..,Not found on reviewed page,evidence_snapshots/02830_www.hackerone.com_0fb87ae185.html,0fb87ae18572d6b703bc0933583a0c6ef9a10de2841561190798b57f47e8bf71
2831,No immediate action,www.hackerone.com,https://www.hackerone.com/blog/beyond-vdp-how-challenge-brings-proactive-security-your-agency,Likely India jurisdiction,Included because India was inferred from currency text Rs..,Not found on reviewed page,evidence_snapshots/02831_www.hackerone.com_63995e45b1.html,63995e45b195a373e61d35e4baa3eceb0288428aacf0cab443a8178095e3a0cb
2833,No immediate action,hackerone.com,https://hackerone.com/directory/programs,Likely India jurisdiction,Included because India was inferred from search market en-IN.,Not found on reviewed page,evidence_snapshots/02833_hackerone.com_d33982d56e.html,d33982d56e9982b32265ae4098d18f977b17dd0a8b9f6d64c271924ab989ec96
2834,No immediate action,hackerone.com,https://hackerone.com/disclosure-guidelines,Likely India jurisdiction,Included because India was inferred from currency text Rs..,Not found on reviewed page,evidence_snapshots/02834_www.hackerone.com_be46cfeee2.html,be46cfeee20f1af082aebaf4085564ea119025c8fa76d37fccbf5e6ac8e8f9d7
2835,No immediate action,www.hackerone.com,https://www.hackerone.com/ethical-hacker/100-hacking-tools-and-resources,Likely India jurisdiction,Included because India was inferred from currency text Rs..,Not found on reviewed page,evidence_snapshots/02835_www.hackerone.com_958a3e33d2.html,958a3e33d2f447f8f60cc07b5f730659acaa5fe946d2d2533afb42d3fc83e22f
2836,No immediate action,www.hackerone.com,https://www.hackerone.com/blog/finding-fast-fixing-slow-rising-exposure-debt,Likely India jurisdiction,Included because India was inferred from currency text Rs..,Not found on reviewed page,evidence_snapshots/02836_www.hackerone.com_9ca2edef3e.html,9ca2edef3e7a0fec4c95beb16b8f32ea35eb29167342e9a12a578ba8a24acc00
2837,No immediate action,www.hackerone.com,https://www.hackerone.com/blog/topic/ai,Likely India jurisdiction,Included because India was inferred from currency text Rs..,Not found on reviewed page,evidence_snapshots/02837_www.hackerone.com_1980288f94.html,1980288f945e79d531c7b2827b7d8c962bd767aa5e394e02fa0b070ae531a215
2838,No immediate action,www.hackerone.com,https://www.hackerone.com/blog/topic/exposure-management,Likely India jurisdiction,Included because India was inferred from currency text Rs..,Not found on reviewed page,evidence_snapshots/02838_www.hackerone.com_6992abb8f6.html,6992abb8f6179108b99718551b12bd5b3a4aa644df1d6a14d4b906e0cff1a3a1
2839,No immediate action,www.hackerone.com,https://www.hackerone.com/blog/topic/ctem,Likely India jurisdiction,Included because India was inferred from currency text Rs..,Not found on reviewed page,evidence_snapshots/02839_www.hackerone.com_c0a60f4621.html,c0a60f4621ca6f338c18cb59a7d0ab86be6503ef64d98844e12dfe61b899434a
2840,No immediate action,www.hackerone.com,https://www.hackerone.com/blog/topic/engineering,Likely India jurisdiction,Included because India was inferred from currency text Rs..,Not found on reviewed page,evidence_snapshots/02840_www.hackerone.com_1bd88e2d8a.html,1bd88e2d8a232144e5c3ae5e1d95fe5b9580e5e9c5ae6eabdf4dcdda13d0fa78
2841,No immediate action,www.hackerone.com,https://www.hackerone.com/blog/topic/cloud-security,Likely India jurisdiction,Included because India was inferred from currency text Rs..,Not found on reviewed page,evidence_snapshots/02841_www.hackerone.com_3650b9a180.html,3650b9a1800e287b072bc04fd855cc696c296a17aa438ef2d2fb664aec77c1d9
2842,No immediate action,www.hackerone.com,https://www.hackerone.com/blog/topic/code-security,Likely India jurisdiction,Included because India was inferred from currency text Rs..,Not found on reviewed page,evidence_snapshots/02842_www.hackerone.com_6b81a2af8e.html,6b81a2af8e25433ed8268573332cc5253cdfe7be34809ce2390b362cf6032281
2843,No immediate action,www.bloomberg.com,https://www.bloomberg.com/news/videos/2026-04-13/we-re-less-safe-from-cyber-risks-now-says-hackerone-ceo-video,Likely India jurisdiction + hosted in India,Included because India was inferred from currency code INR; resolved IP also geolocated to India.,Not found on reviewed page,evidence_snapshots/02843_www.bloomberg.com_1b3393ef6f.html,1b3393ef6f47a3a0ebccca4b46a47768c4f10f206e657716841a6ce8255c7aab
2847,No immediate action,cyberscoop.com,https://cyberscoop.com/ai-executive-order-cybersecurity-clearinghouse-vulnerability-patching-gap/,Hosted in India only,Included because the resolved IP geolocated to India (ip-api.com host geolocation); confirm business relevance manually.,Not found on reviewed page,evidence_snapshots/02847_cyberscoop.com_524880fb5e.html,524880fb5e9eec9286fe7c02a904ef9c1ec87ef1238df9192eda09b5ed640d8b
2848,No immediate action,owasp.org,https://owasp.org/Top10/A00_2021_Introduction/,Likely India jurisdiction,Included because India was inferred from search market en-IN.,Not found on reviewed page,evidence_snapshots/02848_owasp.org_c5239463db.html,c5239463dbe6012de2276510c10ff01c1c9555b7d925d75e0c180e7edf0c6e81
2851,No immediate action,gitlab.com,https://gitlab.com/parrotsec/project,Likely India jurisdiction,Included because India was inferred from currency text Rs..,Not found on reviewed page,evidence_snapshots/02851_gitlab.com_3cdb31e7e4.html,3cdb31e7e4dd057838230253c5e47c3dbe827478d907ccdb22e84d03ab96464b
2852,No immediate action,www.hackthebox.com,https://www.hackthebox.com/,Likely India jurisdiction,Included because India was inferred from currency text Rs..,Not found on reviewed page,evidence_snapshots/02852_www.hackthebox.com_a7ff68e615.html,a7ff68e61508286bbd93915ce7294e2b620b35e3a0fd0fda49fa364fe404d600
2853,No immediate action,parrotsec.org,https://parrotsec.org/blog/,Likely India jurisdiction + hosted in India,Included because India was inferred from search market en-IN; resolved IP also geolocated to India.,Not found on reviewed page,evidence_snapshots/02853_parrotsec.org_7f28dac17e.html,7f28dac17eb47d3f3e8b0498ea1b58d924a2c364d7c2bdade49a97097907dbf1
2854,No immediate action,parrotsec.org,https://parrotsec.org/blog/2026-06-30-parrot-7.3-release-notes,Likely India jurisdiction + hosted in India,Included because India was inferred from search market en-IN; resolved IP also geolocated to India.,Not found on reviewed page,evidence_snapshots/02854_parrotsec.org_981f416b4d.html,981f416b4d1dabc1df80dccce3a4998f2f730b6e9ae1809745f9b5d9fa778d53
2867,No immediate action,www.discourse.org,https://www.discourse.org,Likely India jurisdiction + hosted in India,Included because India was inferred from currency text Rs.; resolved IP also geolocated to India.,Not found on reviewed page,evidence_snapshots/02867_www.discourse.org_4cfbb16a6d.html,4cfbb16a6d1aaaae9222bc7442a2c627f7f1415d5ec8097ff0f83438083985ed
2868,No immediate action,resources.hackthebox.com,https://resources.hackthebox.com/hubfs/Legal/UA.pdf,Likely India jurisdiction,Included because India was inferred from search market en-IN.,Not found on reviewed page,evidence_snapshots/02868_resources.hackthebox.com_40f04518ca.html,40f04518ca8d4f563b8f3c05f19b0a7c0fb24ed2b07a0cb9abf3e2556787ed85
2871,No immediate action,hackerone.com,https://hackerone.com/hack_the_box,Likely India jurisdiction,Included because India was inferred from search market en-IN.,Not found on reviewed page,evidence_snapshots/02871_hackerone.com_629696887a.html,629696887aa45a10abab849147a782ad8cf54d682aeec65b0eb33811208fdd39
2872,No immediate action,www.hackthebox.com,https://www.hackthebox.com/business/tabletop-exercises?hsLang=en,Likely India jurisdiction,Included because India was inferred from currency text Rs..,Not found on reviewed page,evidence_snapshots/02872_www.hackthebox.com_f23a1f74d9.html,f23a1f74d98785592e2b55e96b11ac552923bde4099adb89c9f130f12f698d93
2873,No immediate action,www.hackthebox.com,https://www.hackthebox.com/hacker/hacking-labs?hsLang=en,Likely India jurisdiction,Included because India was inferred from currency text Rs..,Not found on reviewed page,evidence_snapshots/02873_www.hackthebox.com_9b4930d161.html,9b4930d161e5c08eced5d09d748f63acb1e09693c002199bb48a494e3ee01b6c
2875,No immediate action,www.hackthebox.com,https://www.hackthebox.com/cybersecurity-resources/podcasts?hsLang=en,Likely India jurisdiction,Included because India was inferred from currency text Rs..,Not found on reviewed page,evidence_snapshots/02875_www.hackthebox.com_bc94cb1b1a.html,bc94cb1b1a83047097da8280c3d357fa153848423868542582905f01c2dfc043
2887,No immediate action,enterprise-help.hackthebox.com,https://enterprise-help.hackthebox.com/,Likely India jurisdiction,Included because India was inferred from search market en-IN.,Not found on reviewed page,evidence_snapshots/02887_enterprise-help.hackthebox.com_c7d21e778e.html,c7d21e778e628579ac2480e0e9438b365adaae7470772185a421edf10a13670a
2892,No immediate action,help.hackthebox.com,https://help.hackthebox.com/en/articles/5185608-introduction-to-pwnbox#h_ceb963069d,Likely India jurisdiction,Included because India was inferred from currency text Rs..,Not found on reviewed page,evidence_snapshots/02892_help.hackthebox.com_4978b26cdd.html,4978b26cdd5b62373922682514ab1805538247f79cfe055e48379ae320e6f094
2893,No immediate action,help.hackthebox.com,https://help.hackthebox.com/en/articles/5185158-introduction-to-htb-labs,Likely India jurisdiction,Included because India was inferred from currency text Rs..,Not found on reviewed page,evidence_snapshots/02893_help.hackthebox.com_2e94ab08f5.html,2e94ab08f5a7598a5ffb177c309f1b2a784b88f57e65422cbe24440fca58f032
2894,No immediate action,help.hackthebox.com,https://help.hackthebox.com/en/articles/8117054-guided-mode-on-htb-labs,Likely India jurisdiction,Included because India was inferred from currency text Rs..,Not found on reviewed page,evidence_snapshots/02894_help.hackthebox.com_f7d488804a.html,f7d488804a62278b0b3e9322663dc50ddc962dbbc99f87ec72b0aac3e071d869
2895,No immediate action,help.hackthebox.com,https://help.hackthebox.com/en/articles/11582861-vulnlab-x-hack-the-box,Likely India jurisdiction,Included because India was inferred from currency text Rs..,Not found on reviewed page,evidence_snapshots/02895_help.hackthebox.com_d23ce15cf4.html,d23ce15cf4d3899ff07c9d0a8bf3c120592b01bd2cc3f1d6d4ed5d6fc3e3b997
2896,No immediate action,help.hackthebox.com,https://help.hackthebox.com/en/articles/12325897-hack-the-box-platform-rules,Likely India jurisdiction,Included because India was inferred from currency text Rs..,Not found on reviewed page,evidence_snapshots/02896_help.hackthebox.com_1575c06bc5.html,1575c06bc58ec6d146d5994bcf8b0fd43955a447c59bc51b010766321ddda82b
2897,No immediate action,help.hackthebox.com,https://help.hackthebox.com/en/articles/14689014-hack-the-box-xp-system,Likely India jurisdiction,Included because India was inferred from currency text Rs..,Not found on reviewed page,evidence_snapshots/02897_help.hackthebox.com_07cc87c688.html,07cc87c688f69181e51863256d3a8404419ae49033db57f808e6170f010c75a0
2898,No immediate action,www.hackthebox.com,https://www.hackthebox.com/pricing?hsLang=en,Likely India jurisdiction,Included because India was inferred from currency text Rs..,Not found on reviewed page,evidence_snapshots/02898_www.hackthebox.com_11a718b2a4.html,11a718b2a4d841f80618e63c7660060b66b88aaa2c25a0cd1849a983da37c898
2899,No immediate action,app.hackthebox.com,https://app.hackthebox.com/login?redirectUrl=%2Fhome,Likely India jurisdiction,Included because India was inferred from search market en-IN.,Not found on reviewed page,evidence_snapshots/02899_app.hackthebox.com_9b9b04f81c.html,9b9b04f81c8760f9a53247373b5bff2332b1025cc90aaa221600a5d4be081702
2901,No immediate action,nostarch.com,https://nostarch.com/spacecraft-hackers-handbook,Likely India jurisdiction,Included because India was inferred from search market en-IN.,Not found on reviewed page,evidence_snapshots/02901_nostarch.com_f5027db8bf.html,f5027db8bfb4c0a2ee836662fa1ea1e1fcb5b051df664ae26959009d016e59ea
2904,No immediate action,cyberscoop.com,https://cyberscoop.com/continuous-threat-exposure-management-cybersecurity-ctem-ai-resil,Hosted in India only,Included because the resolved IP geolocated to India (ip-api.com host geolocation); confirm business relevance manually.,Not found on reviewed page,evidence_snapshots/02904_cyberscoop.com_f6234521ae.html,f6234521aeccf3f3e1c4cf82f9d27c02316045a605d0fe13f4118e8836e33746
2908,No immediate action,www.hackthebox.com,https://www.hackthebox.com/blog/category/news,Likely India jurisdiction,Included because India was inferred from search market en-IN.,Not found on reviewed page,evidence_snapshots/02908_www.hackthebox.com_ff2ea8013e.html,ff2ea8013e36581780a41b28456e84ee8e2806b7a530b6945e61fafd0c7393dd
2917,No immediate action,htmltable.com,https://htmltable.com/,Likely India jurisdiction,Included because India was inferred from currency text Rs..,Not found on reviewed page,evidence_snapshots/02917_htmltable.com_9b3d656763.html,9b3d6567636a3a93582c72e218942ae0600b628f710b6e57154659e83dd4c30f
2919,No immediate action,htmliframe.com,https://htmliframe.com/,Likely India jurisdiction,Included because India was inferred from currency text Rs..,Not found on reviewed page,evidence_snapshots/02919_htmliframe.com_796e28fe09.html,796e28fe097281bd4382f47f4704624933d3f2228a2a245d5d091ad8ecb95374
2923,No immediate action,divtable.com,https://divtable.com/table-styler/,Likely India jurisdiction,Included because India was inferred from currency text Rs..,Not found on reviewed page,evidence_snapshots/02923_divtable.com_55f3e2b263.html,55f3e2b263546c536db566379f1f29b5392e64e53308bf066ac8515277a30db1
2925,No immediate action,html-online.com,https://html-online.com/privacy-terms-and-conditions/,Likely India jurisdiction,Included because India was inferred from currency text Rs..,Not found on reviewed page,evidence_snapshots/02925_html-online.com_8f83d92aa2.html,8f83d92aa261da9a487ad4f86b203b6fed71d5da112c180d34d266eb7241f8e3
2932,No immediate action,textfaces.com,https://textfaces.com,Likely India jurisdiction,Included because India was inferred from currency text Rs..,Not found on reviewed page,evidence_snapshots/02932_textfaces.com_0ee0925908.html,0ee0925908471839c1936d179fec188db099ad802b147b61d509555b087a4735
2933,No immediate action,unicodeconvert.com,https://unicodeconvert.com/,Likely India jurisdiction,Included because India was inferred from currency text Rs..,Not found on reviewed page,evidence_snapshots/02933_unicodeconvert.com_36b47da12b.html,36b47da12b94d0abdd99e3e18c6c49cdc154c21c53b0e639490eb262909356df
2935,No immediate action,partners.malwarebytes.com,https://partners.malwarebytes.com/English/,Likely India jurisdiction,Included because India was inferred from currency code INR.,Not found on reviewed page,evidence_snapshots/02935_partners.threatdown.com_66a3d7ec83.html,66a3d7ec83699bd7e1c5900972c27c100f1885dccbe776851f0589bf782dfc5e
2952,No immediate action,help.malwarebytes.com,https://help.malwarebytes.com/hc/en-us/signin?return_to=https%3A%2F%2Fhelp.malwarebytes.com%2Fhc%2Fen-us,Likely India jurisdiction,Included because India was inferred from currency text Rs..,Not found on reviewed page,evidence_snapshots/02952_sso.malwarebytes.com_89c74519a4.html,89c74519a4fcffebd586be1d29a3e4c190e3e5a63b90b777fdca5f38901e7e32
2963,No immediate action,www.malwarebytes.com,https://www.malwarebytes.com/de/pricing/special-offers?wg-choose-original=false,Likely India jurisdiction,Included because India was inferred from currency code INR.,Not found on reviewed page,evidence_snapshots/02963_www.malwarebytes.com_29ecae5b23.html,29ecae5b233aa1bcdb279328d957e3fbe5a0c4981530a273f8b2d6d541ae6698
2967,No immediate action,www.malwarebytes.com,https://www.malwarebytes.com/personal-data-remover,Likely India jurisdiction,Included because India was inferred from currency text Rs..,Not found on reviewed page,evidence_snapshots/02967_www.malwarebytes.com_df68a8c41f.html,df68a8c41f42ebef56c00155a32c89a10ea0eef4893e16dd4d988ecd0e175b67
2976,No immediate action,www.merriam-webster.com,https://www.merriam-webster.com/dictionary/counterfeit,Likely India jurisdiction,Included because India was inferred from currency text Rs..,Not found on reviewed page,evidence_snapshots/02976_www.merriam-webster.com_21f82f05bd.html,21f82f05bd0c4a9efdc0266e031007da4d497ef295c4ae912a4471e24275b193
2977,No immediate action,www.merriam-webster.com,https://www.merriam-webster.com/simple/counterfeit,Likely India jurisdiction,Included because India was inferred from currency text Rs..,Not found on reviewed page,evidence_snapshots/02977_www.merriam-webster.com_c6af8487f3.html,c6af8487f3a244aed3555c4bda53573495eedf66701c9cc4cc8fe0575453e1c3
2984,No immediate action,uslawexplained.com,https://uslawexplained.com/counterfeiting,Likely India jurisdiction,Included because India was inferred from currency text Rs..,Not found on reviewed page,evidence_snapshots/02984_uslawexplained.com_aaff5d9191.html,aaff5d91912de3cd557013839bbf95fea84cfbfa6b2d1e71981f81ffd84abcc6
2985,No immediate action,www.merriam-webster.com,https://www.merriam-webster.com/dictionary/fake,Likely India jurisdiction,Included because India was inferred from currency text Rs..,Not found on reviewed page,evidence_snapshots/02985_www.merriam-webster.com_cb18de56c3.html,cb18de56c3607db57a80b534c05e923bafdc2b7f164a843d38ee90caa20b0bec
2989,No immediate action,sparkkart.in,https://sparkkart.in/,Likely India jurisdiction,Included because India was inferred from page metadata: IN.,Not found on reviewed page,evidence_snapshots/02989_sparkkart.in_ee5caaffbb.html,ee5caaffbbb4e4119c31c493f5566693e1b0a1c2dfe065233c26d54ad1f76b4a
2990,No immediate action,replicavisuals.co,https://replicavisuals.co/,Hosted in India only,Included because the resolved IP geolocated to India (ip-api.com host geolocation); confirm business relevance manually.,Not found on reviewed page,evidence_snapshots/02990_replicavisuals.co_d45fb9ed1f.html,d45fb9ed1f2e0a8e3a30f2c8f77d368146f2a9c52561eaf52f0ff2bd6599aeb3
2992,No immediate action,firstcopydelhi.com,https://firstcopydelhi.com/,Hosted in India only,Included because the resolved IP geolocated to India (ip-api.com host geolocation); confirm business relevance manually.,Not found on reviewed page,evidence_snapshots/02992_firstcopydelhi.com_5416cda0df.html,5416cda0df685e870f5512d8e1a5a8ad8ae17d66d9026761a8f4477903ed61c1
2995,Hosted-only India signal - check relevance,www.maisonmargiela.com,https://www.maisonmargiela.com/en-us/maison-margiela/men/shoes/sneakers/,Hosted in India only,Included because the resolved IP geolocated to India (ip-api.com host geolocation); confirm business relevance manually.,Possible - AmEx logo/token or mixed signal,evidence_snapshots/02995_www.maisonmargiela.com_83fda6fb44.html,83fda6fb441eef9c50889164b5ea84b18bbad989f9f4e802a80320b4236d4a82
2998,No immediate action,www.mecca.com,https://www.mecca.com/en-au/maison-margiela/,Hosted in India only,Included because the resolved IP geolocated to India (ip-api.com host geolocation); confirm business relevance manually.,Not found on reviewed page,evidence_snapshots/02998_www.mecca.com_2855788f5c.html,2855788f5c524af9133e11ec52c7ef936e0da381ff29056e6447ed9ae324c777
3001,No immediate action,miff.com.au,https://miff.com.au/program/film/replica,Likely India jurisdiction,Included because India was inferred from currency text Rs..,Not found on reviewed page,evidence_snapshots/03001_miff.com.au_b1ebea9bd8.html,b1ebea9bd879a871cc47aa189bf864d76a930e7a60816b8ef1daba6151e64d8b
3003,No immediate action,www.skdesignerliving.com.au,https://www.skdesignerliving.com.au/,Likely India jurisdiction,Included because India was inferred from currency text Rs..,Not found on reviewed page,evidence_snapshots/03003_www.skdesignerliving.com.au_c820118b1f.html,c820118b1f6f4a6c3c3d2e8c2dd5101505acf81f14fa07e3b61f1d2b00cf4ad8
3007,No immediate action,fortune.com,https://fortune.com/2026/07/08/fleek-an-online-marketplace-connecting-vintage-clothing-wholesalers-and-retailers-raises-25-million-in-new-funding/,Likely India jurisdiction + hosted in India,Included because India was inferred from currency text Rs.; resolved IP also geolocated to India.,Not found on reviewed page,evidence_snapshots/03007_fortune.com_63b1a34f4e.html,63b1a34f4e2b700af55de03f6eced86ddd2a7c0fbf844281b01ae36b5d033a97
3009,No immediate action,www.nglish.com,http://www.nglish.com/spanish/counterfeit,Likely India jurisdiction + hosted in India,Included because India was inferred from currency text Rs.; resolved IP also geolocated to India.,Not found on reviewed page,evidence_snapshots/03009_www.nglish.com_3f1b647795.html,3f1b647795585e0de3807bb37dd0d16e181aef1a230db8c59d0058b9932c5464
3011,No immediate action,www.merriam-webster.com,https://www.merriam-webster.com/settings,Likely India jurisdiction,Included because India was inferred from search market en-IN.,Not found on reviewed page,evidence_snapshots/03011_www.merriam-webster.com_7f032eba89.html,7f032eba898dd97ef95520afba5e6d7af345e2633e24c2a99f1d3f9a0d9ed7c5
3016,No immediate action,www.merriam-webster.com,https://www.merriam-webster.com/dictionary/counterfeit?pronunciation=&lang=en_us&dir=c&file=counte25,Likely India jurisdiction,Included because India was inferred from currency text Rs..,Not found on reviewed page,evidence_snapshots/03016_www.merriam-webster.com_6426b3cbdf.html,6426b3cbdf058dd00af6fc16bc4ca9382547773ee93b1784b53206664a32a214
3017,No immediate action,www.merriam-webster.com,https://www.merriam-webster.com/thesaurus/counterfeit,Likely India jurisdiction,Included because India was inferred from currency text Rs..,Not found on reviewed page,evidence_snapshots/03017_www.merriam-webster.com_a9d156b6c1.html,a9d156b6c1947ff32c721274e11f0df1fd7e170f7fa230f8fec6d2eb45ed38bf
3018,No immediate action,www.merriam-webster.com,https://www.merriam-webster.com/sentences/counterfeit,Likely India jurisdiction,Included because India was inferred from currency text Rs..,Not found on reviewed page,evidence_snapshots/03018_www.merriam-webster.com_1ecae7ffdd.html,1ecae7ffddee09b75f4b880c4fec91f37ab0f4e3c8533e0711dc8c0c3fbe4c84
3019,No immediate action,www.merriam-webster.com,https://www.merriam-webster.com/rhymes/perfect/counterfeit,Likely India jurisdiction,Included because India was inferred from search market en-IN.,Not found on reviewed page,evidence_snapshots/03019_www.merriam-webster.com_40fcc495c6.html,40fcc495c6f2a2606c4a4f09c46ef9970cdd1e4ea2fada9407d8f7c983a9a53e
3020,No immediate action,www.merriam-webster.com,https://www.merriam-webster.com/dictionary/counterfeiter,Likely India jurisdiction,Included because India was inferred from currency text Rs..,Not found on reviewed page,evidence_snapshots/03020_www.merriam-webster.com_b4d66b14b0.html,b4d66b14b0358fe2eed2792e75e696332dfcb36a06a84c95363cf7447df05109
3023,No immediate action,www.merriam-webster.com,https://www.merriam-webster.com/wordplay/longest-words-ever,Likely India jurisdiction,Included because India was inferred from currency text Rs..,Not found on reviewed page,evidence_snapshots/03023_www.merriam-webster.com_e60cf2d30f.html,e60cf2d30f8f233ed854709b0f24b6eb2767e1096b098f03eaddd409113ef452
3024,No immediate action,www.merriam-webster.com,https://www.merriam-webster.com/games/blossom-word-game,Likely India jurisdiction,Included because India was inferred from search market en-IN.,Not found on reviewed page,evidence_snapshots/03024_www.merriam-webster.com_7cbf7ffc79.html,7cbf7ffc791e2b874b0df74cf4df28a55d5965fba280411e6d8aabc64b7f4955
3026,No immediate action,search.worldcat.org,https://search.worldcat.org/title/1000393158,Likely India jurisdiction,Included because India was inferred from search market en-IN.,Not found on reviewed page,evidence_snapshots/03026_search.worldcat.org_603dd71025.html,603dd71025493ac5a1d98c0dbd679c6fdd353b9bc82cbfdf80f829d337597168
3027,No immediate action,en.wikisource.org,"https://en.wikisource.org/wiki/Encyclop%C3%A6dia_Britannica,_Ninth_Edition/Francis_Atterbury",Likely India jurisdiction,Included because India was inferred from currency text Rs..,Not found on reviewed page,evidence_snapshots/03027_en.wikisource.org_c5c23d2d39.html,c5c23d2d39447fe10cf05acb6fd016cfff989b8b2dc1b0667b3c8132a17bc430
3029,No immediate action,www.mediawiki.org,https://www.mediawiki.org/,Likely India jurisdiction,Included because India was inferred from search market en-IN.,Not found on reviewed page,evidence_snapshots/03029_www.mediawiki.org_eb3a9df81f.html,eb3a9df81fac021be383f642dd0ce143536a898d31dbc4cba6622d68112dade1
3031,No immediate action,en.wiktionary.org,https://en.wiktionary.org/w/index.php?title=Special%3ACreateAccount&returnto=counterfeit,Likely India jurisdiction,Included because India was inferred from search market en-IN.,Not found on reviewed page,evidence_snapshots/03031_auth.wikimedia.org_42ace774fa.html,42ace774fa706d0411f90250145c56e60a3271447d1823b077c8de7233bb897b
3040,No immediate action,en.wiktionary.org,https://en.wiktionary.org/w/index.php?title=Special%3AUserLogin&returnto=counterfeit,Likely India jurisdiction,Included because India was inferred from search market en-IN.,Not found on reviewed page,evidence_snapshots/03040_auth.wikimedia.org_f3c86fd49c.html,f3c86fd49c848ba57ec65612ad3abacbda1079b5c44468c916d81dfb22c320fb
3041,No immediate action,ar.wiktionary.org,https://ar.wiktionary.org/wiki/counterfeit,Likely India jurisdiction,Included because India was inferred from search market en-IN.,Not found on reviewed page,evidence_snapshots/03041_ar.wiktionary.org_00a63180f6.html,00a63180f6653d2e21e98494eea5d802bcf8aecc5a287167f89561e0dc85b993
3043,No immediate action,el.wiktionary.org,https://el.wiktionary.org/wiki/counterfeit,Likely India jurisdiction,Included because India was inferred from search market en-IN.,Not found on reviewed page,evidence_snapshots/03043_el.wiktionary.org_b7f0fd4195.html,b7f0fd4195c9d523a4f090afdfd28dcc64a14decca9ac9aa7f308db4298d55ee
3044,No immediate action,eo.wiktionary.org,https://eo.wiktionary.org/wiki/counterfeit,Likely India jurisdiction,Included because India was inferred from search market en-IN.,Not found on reviewed page,evidence_snapshots/03044_eo.wiktionary.org_c63109c64a.html,c63109c64a07fc42ccfa679b0ecaa07e542e3eb21965f07a79a7d7f33dd96234
3046,No immediate action,et.wiktionary.org,https://et.wiktionary.org/wiki/counterfeit,Likely India jurisdiction,Included because India was inferred from search market en-IN.,Not found on reviewed page,evidence_snapshots/03046_et.wiktionary.org_5cd38b72de.html,5cd38b72de44c42ebd9c5954016c6cd443fc621bc1404ed7e7ca60c65153a78f
3048,No immediate action,www.kadencewp.com,https://www.kadencewp.com/,Likely India jurisdiction,Included because India was inferred from currency text Rs..,Not found on reviewed page,evidence_snapshots/03048_www.liquidweb.com_b7bcb72213.html,b7bcb7221318512d01f762e1be1894114d7b530cce0909aee14f76a633c39cdd
3053,No immediate action,www.iprcenter.gov,https://www.iprcenter.gov,Likely India jurisdiction,Included because India was inferred from currency text Rs..,Not found on reviewed page,evidence_snapshots/03053_www.iprcenter.gov_f96b1595e5.html,f96b1595e5ff6362e6351fb01161f30efe5d2acf491a46d42f0c984bb65e69b8
3054,No immediate action,uslawexplained.com,https://uslawexplained.com/tools/deposit_deadline,Likely India jurisdiction,Included because India was inferred from currency text Rs..,Not found on reviewed page,evidence_snapshots/03054_uslawexplained.com_0e18eea26f.html,0e18eea26f37a964b5e703f92791c1584ff8e251eb939a59c0ea4fbb4212f5da
3055,No immediate action,uslawexplained.com,https://uslawexplained.com/wiki/core_legal_concepts_a,Likely India jurisdiction,Included because India was inferred from currency text Rs..,Not found on reviewed page,evidence_snapshots/03055_uslawexplained.com_4f84a0803e.html,4f84a0803e0f6d941ddb05663066296e8cd0d8b3c215babf26cf5b4a782d0faf
3056,No immediate action,uslawexplained.com,https://uslawexplained.com/counterfeiting?do=edit,Likely India jurisdiction,Included because India was inferred from currency text Rs..,Not found on reviewed page,evidence_snapshots/03056_uslawexplained.com_b259bc93e4.html,b259bc93e44a644a09f676a6dec5940df206279a4b0005cea6589cf48c7d5daa
3057,No immediate action,uslawexplained.com,https://uslawexplained.com/doku.php?id=counterfeiting&rev=1786207184,Likely India jurisdiction,Included because India was inferred from currency text Rs..,Not found on reviewed page,evidence_snapshots/03057_uslawexplained.com_1e331b3c7a.html,1e331b3c7ab4f0914b7ce52d23e50e33af7d1169dc1eab864a17ed7cfa3a8a12
3058,No immediate action,uslawexplained.com,https://uslawexplained.com/trademark_counterfeiting_act_of_1984,Likely India jurisdiction,Included because India was inferred from currency text Rs..,Not found on reviewed page,evidence_snapshots/03058_uslawexplained.com_6454edc2b7.html,6454edc2b7fec0ce030c19d50c745fad38d5c4650546c8750252f6f2b14f5158
3059,No immediate action,uslawexplained.com,https://uslawexplained.com/knockoff,Likely India jurisdiction,Included because India was inferred from currency text Rs..,Not found on reviewed page,evidence_snapshots/03059_uslawexplained.com_95fa0cbe8b.html,95fa0cbe8b80428c391a74ee3d71548886b1042caf7f7008f3b5235cd3cdd304
3060,No immediate action,uslawexplained.com,https://uslawexplained.com/counterfeiting-pdf-download,Likely India jurisdiction,Included because India was inferred from currency text Rs..,Not found on reviewed page,evidence_snapshots/03060_uslawexplained.com_a74f578615.html,a74f578615f0be12c6b51f85e9dde9d2b6fbbd2ddbdcea1504214748748f52d5
3062,No immediate action,www.vulture.com,https://www.vulture.com/article/spotify-ai-persona-tag.html,Likely India jurisdiction + hosted in India,Included because India was inferred from currency text Rs.; resolved IP also geolocated to India.,Not found on reviewed page,evidence_snapshots/03062_www.vulture.com_4997c3f3a2.html,4997c3f3a29c1626948ecfb99a8411aa9d681f79cb26f52d497200dd0ecc7482
3065,No immediate action,www.nglish.com,http://www.nglish.com/spanish/fake,Likely India jurisdiction + hosted in India,Included because India was inferred from currency text Rs.; resolved IP also geolocated to India.,Not found on reviewed page,evidence_snapshots/03065_www.nglish.com_e4f0b95ba7.html,e4f0b95ba7ef860f7ca92a6869742b54db15959ecc3212aaf0ab012243e6cccd
3068,No immediate action,www.usatoday.com,https://www.usatoday.com/story/news/nation/2026/07/15/chinese-books-theft-ucla-library-fbi/90878621007/,Likely India jurisdiction + hosted in India,Included because India was inferred from currency text Rs.; resolved IP also geolocated to India.,Not found on reviewed page,evidence_snapshots/03068_www.usatoday.com_e5fb03b640.html,e5fb03b640d80f0d34f4bea505559649166ef725dbe6f46a8760a0bec34ed0c8
3071,No immediate action,www.parents.com,https://www.parents.com/fake-squishy-toys-warning-12058637,Likely India jurisdiction,Included because India was inferred from currency text Rs..,Not found on reviewed page,evidence_snapshots/03071_www.parents.com_fe109b87d2.html,fe109b87d204b20d2217e02611fdfa09bddad6a65b3839c590eb8fe5a29baf63
3072,No immediate action,abcnews.com,https://abcnews.com/GMA/Shop/halloween-wreath-front-porch-decorations/story?id=135520942,Hosted in India only,Included because the resolved IP geolocated to India (ip-api.com host geolocation); confirm business relevance manually.,Not found on reviewed page,evidence_snapshots/03072_abcnews.com_c0c4ac4e6b.html,c0c4ac4e6b9f012b811faec10cf2ba954533023a07657573d5948e2c705a6372
3073,No immediate action,www.latimes.com,https://www.latimes.com/entertainment-arts/business/story/2026-08-10/netflix-says-its-committed-to-la-its-production-count-is-steady,Hosted in India only,Included because the resolved IP geolocated to India (ip-api.com host geolocation); confirm business relevance manually.,Not found on reviewed page,evidence_snapshots/03073_www.latimes.com_b06513cbe1.html,b06513cbe1c2422ef29e8a6e405dfd2637044abe69ea6d321d60c5605ac35487
3074,No immediate action,www.merriam-webster.com,https://www.merriam-webster.com/thesaurus/unrealistic,Likely India jurisdiction,Included because India was inferred from currency text Rs..,Not found on reviewed page,evidence_snapshots/03074_www.merriam-webster.com_ccbb780a31.html,ccbb780a31065dd2f0a262fdb4aa33701b2c6599c1a4915e452202761b47a77f
3075,No immediate action,www.merriam-webster.com,https://www.merriam-webster.com/thesaurus/realistic,Likely India jurisdiction,Included because India was inferred from currency text Rs..,Not found on reviewed page,evidence_snapshots/03075_www.merriam-webster.com_4fe097fa66.html,4fe097fa6601fcfb44c100b6bda81fd548f1e0eb9a439b1aa21080e4d814e93c
3076,No immediate action,www.merriam-webster.com,https://www.merriam-webster.com/thesaurus/replica,Likely India jurisdiction,Included because India was inferred from currency text Rs..,Not found on reviewed page,evidence_snapshots/03076_www.merriam-webster.com_f2cec5d8b9.html,f2cec5d8b9b775f31e114f4a354b45c38dede0056be42db4652ffcb036c0f552
3077,No immediate action,www.merriam-webster.com,https://www.merriam-webster.com/thesaurus/knockoff,Likely India jurisdiction,Included because India was inferred from currency text Rs..,Not found on reviewed page,evidence_snapshots/03077_www.merriam-webster.com_412329b86b.html,412329b86b627a88e4f65b11e45e8cec489e478c57cdfecad84fdd716e2638d1
3078,No immediate action,www.merriam-webster.com,https://www.merriam-webster.com/thesaurus/counterfeiter,Likely India jurisdiction,Included because India was inferred from currency text Rs..,Not found on reviewed page,evidence_snapshots/03078_www.merriam-webster.com_ef69645a7e.html,ef69645a7e687ef497aed0e19dda30149ba33d5d040f15b7287e3d5a64cce88d
3079,No immediate action,www.merriam-webster.com,https://www.merriam-webster.com/thesaurus/replicate,Likely India jurisdiction,Included because India was inferred from currency text Rs..,Not found on reviewed page,evidence_snapshots/03079_www.merriam-webster.com_3b1c160727.html,3b1c1607277c5e6132e8647d2c8bb9f11c6a0f688ff5447f2e050a832e2ee15d
3092,No immediate action,mj1.48c.mytemp.website,http://mj1.48c.mytemp.website/find-your-fit/,Likely India jurisdiction,Included because India was inferred from search market en-IN.,Not found on reviewed page,evidence_snapshots/03092_mj1.48c.mytemp.website_cdc8b52c94.html,cdc8b52c9402b72ef9c698027c0d2ea63058ed98b832a31d3ac57c9e7f8b35ed
3093,No immediate action,sparkkart.in,https://sparkkart.in/my-account/,Likely India jurisdiction,Included because India was inferred from page metadata: IN.,Not found on reviewed page,evidence_snapshots/03093_sparkkart.in_827c80d0e7.html,827c80d0e7ce3a745141d73e3180d9cdd01779b891019575ef39155cf8fbb873
3094,No immediate action,sparkkart.in,https://sparkkart.in/terms-and-conditions/,Likely India jurisdiction,Included because India was inferred from page metadata: IN.,Not found on reviewed page,evidence_snapshots/03094_sparkkart.in_ce758e760a.html,ce758e760a2495ad4a77abe5d52dddbbe32e9060be0e6005947ab10ca1595d23
3095,No immediate action,sparkkart.in,https://sparkkart.in/wishlist/,Likely India jurisdiction,Included because India was inferred from page metadata: IN.,Not found on reviewed page,evidence_snapshots/03095_sparkkart.in_5ad0763e16.html,5ad0763e16c95900ff9cbfd2a96ee417af941a389542376a08272004e59c213d
3096,No immediate action,sparkkart.in,https://sparkkart.in/shop/,Likely India jurisdiction,Included because India was inferred from page metadata: IN.,Not found on reviewed page,evidence_snapshots/03096_sparkkart.in_6fa1f81cc9.html,6fa1f81cc992aa2458ad1117fdbc0c98c477b52053f3c87473dc50a32a1154c1
3097,No immediate action,sparkkart.in,https://sparkkart.in/shop-2/,Likely India jurisdiction,Included because India was inferred from page metadata: IN.,Not found on reviewed page,evidence_snapshots/03097_sparkkart.in_ba853abcf2.html,ba853abcf27a23afc8766ca609f3fc4dd95224cc0bb02c7f87080f0e56b394cb
3098,No immediate action,wa.link,https://wa.link/yb1rf6,Hosted in India only,Included because the resolved IP geolocated to India (ip-api.com host geolocation); confirm business relevance manually.,Not found on reviewed page,evidence_snapshots/03098_api.whatsapp.com_c3e6e3eea9.html,c3e6e3eea91dc654f862b082ad81fe6b1a0816a8f51f625df9972cce71e647da
3099,No immediate action,replicavisuals.co,https://replicavisuals.co/about/,Hosted in India only,Included because the resolved IP geolocated to India (ip-api.com host geolocation); confirm business relevance manually.,Not found on reviewed page,evidence_snapshots/03099_replicavisuals.co_aa12b50bf2.html,aa12b50bf2c4355e3809c272818e4cfbd68c933032946221f428aada4582f2bd
3100,No immediate action,replicavisuals.co,https://replicavisuals.co/best-exterior-rendering-services-in-delhi-india/,Hosted in India only,Included because the resolved IP geolocated to India (ip-api.com host geolocation); confirm business relevance manually.,Not found on reviewed page,evidence_snapshots/03100_replicavisuals.co_04cd5cb4dc.html,04cd5cb4dc01da0d270e4a97f2e74a9eb563c0bd5a2ac4ef4a2155d87f4c9206
3101,No immediate action,replicavisuals.co,https://replicavisuals.co/best-interior-rendering-services-in-delhi-india/,Hosted in India only,Included because the resolved IP geolocated to India (ip-api.com host geolocation); confirm business relevance manually.,Not found on reviewed page,evidence_snapshots/03101_replicavisuals.co_899f62b65e.html,899f62b65e291d1a712a30ac232dd0a87b40cecfc47a8ab1e00e2366eb1ab060
3102,No immediate action,replicavisuals.co,https://replicavisuals.co/best-3d-walk-through-services-in-delhi-india/,Hosted in India only,Included because the resolved IP geolocated to India (ip-api.com host geolocation); confirm business relevance manually.,Not found on reviewed page,evidence_snapshots/03102_replicavisuals.co_c1d0f8fe3a.html,c1d0f8fe3a9578b791f4846a1fdf1fedee46272c187bb565fcd6136028b6048b
3103,No immediate action,replicavisuals.co,https://replicavisuals.co/blogs/,Hosted in India only,Included because the resolved IP geolocated to India (ip-api.com host geolocation); confirm business relevance manually.,Not found on reviewed page,evidence_snapshots/03103_replicavisuals.co_7a0c8f9f66.html,7a0c8f9f66952b2660a6f104ac8b6dd94c590ad70eeb4bb368ffc8a5950a499a
3104,No immediate action,replicavisuals.co,https://replicavisuals.co/happy-clients/,Hosted in India only,Included because the resolved IP geolocated to India (ip-api.com host geolocation); confirm business relevance manually.,Not found on reviewed page,evidence_snapshots/03104_replicavisuals.co_eefa6a7a1a.html,eefa6a7a1a55af795482f2c4953bf4b2bd80cb4662f8bcbb3345bf28c4f748c5
3105,No immediate action,replicavisuals.co,https://replicavisuals.co/contact/,Hosted in India only,Included because the resolved IP geolocated to India (ip-api.com host geolocation); confirm business relevance manually.,Not found on reviewed page,evidence_snapshots/03105_replicavisuals.co_42e5551b71.html,42e5551b71f4506019706995755946dd9bd06c894018f64f88be62d45e897aab
3106,No immediate action,replicavisuals.co,https://replicavisuals.co/best-exterior-rendering-services-in-delhi/,Hosted in India only,Included because the resolved IP geolocated to India (ip-api.com host geolocation); confirm business relevance manually.,Not found on reviewed page,evidence_snapshots/03106_replicavisuals.co_04cd5cb4dc.html,04cd5cb4dc01da0d270e4a97f2e74a9eb563c0bd5a2ac4ef4a2155d87f4c9206
3107,No immediate action,replicavisuals.co,https://replicavisuals.co/best-interior-rendering-services-in-delhi/,Hosted in India only,Included because the resolved IP geolocated to India (ip-api.com host geolocation); confirm business relevance manually.,Not found on reviewed page,evidence_snapshots/03107_replicavisuals.co_899f62b65e.html,899f62b65e291d1a712a30ac232dd0a87b40cecfc47a8ab1e00e2366eb1ab060
3108,No immediate action,replicavisuals.co,https://replicavisuals.co/best-3d-walk-through-services-in-delhi/,Hosted in India only,Included because the resolved IP geolocated to India (ip-api.com host geolocation); confirm business relevance manually.,Not found on reviewed page,evidence_snapshots/03108_replicavisuals.co_c1d0f8fe3a.html,c1d0f8fe3a9578b791f4846a1fdf1fedee46272c187bb565fcd6136028b6048b
3111,No immediate action,firstcopydelhi.com,https://firstcopydelhi.com/blog/,Hosted in India only,Included because the resolved IP geolocated to India (ip-api.com host geolocation); confirm business relevance manually.,Not found on reviewed page,evidence_snapshots/03111_firstcopydelhi.com_f38545ce30.html,f38545ce30b248b4111c5ccee79ecccd735cdb6e7865c3d9caf8065598dd7733
3112,No immediate action,firstcopydelhi.com,https://firstcopydelhi.com/first-copy-rolex-watch-delhi/,Hosted in India only,Included because the resolved IP geolocated to India (ip-api.com host geolocation); confirm business relevance manually.,Not found on reviewed page,evidence_snapshots/03112_firstcopydelhi.com_0e36aad092.html,0e36aad092347724bd176514b8772518077fe1b47a6695d84a5d25fd4caed2f2
3113,No immediate action,firstcopydelhi.com,https://firstcopydelhi.com/where-we-can-find-the-counterfeit-first-copy-replica-watches-in-delhi-india/,Hosted in India only,Included because the resolved IP geolocated to India (ip-api.com host geolocation); confirm business relevance manually.,Not found on reviewed page,evidence_snapshots/03113_firstcopydelhi.com_b09a5d907b.html,b09a5d907b4f36a3287ad6bbe874869d093bbad24e0a1c8ba6d8ad47c43d16b2
3114,No immediate action,firstcopydelhi.com,https://firstcopydelhi.com/buy-first-copy-replica-watches-in-amritsar-punjab/,Hosted in India only,Included because the resolved IP geolocated to India (ip-api.com host geolocation); confirm business relevance manually.,Not found on reviewed page,evidence_snapshots/03114_firstcopydelhi.com_39829a5a1a.html,39829a5a1aa05eb441187b7c52485b07e310076d2dcd59e87e156333516fa8df
3115,No immediate action,firstcopydelhi.com,https://firstcopydelhi.com/first-copy-watches-delhi-blog/,Hosted in India only,Included because the resolved IP geolocated to India (ip-api.com host geolocation); confirm business relevance manually.,Not found on reviewed page,evidence_snapshots/03115_firstcopydelhi.com_8ee1aa0ba3.html,8ee1aa0ba30c2304d9cfc7384ca035a4cfda85a0dd6c79d3a2105393a89c4aa5
3116,No immediate action,firstcopydelhi.com,https://firstcopydelhi.com/why-is-a-replica-watch-famous-for-all-the-occasions/,Hosted in India only,Included because the resolved IP geolocated to India (ip-api.com host geolocation); confirm business relevance manually.,Not found on reviewed page,evidence_snapshots/03116_firstcopydelhi.com_0998099b00.html,0998099b00d98a6d42f6c473c3435610f9bbe45b0f438fd6d3a48866daddce3c
3117,No immediate action,firstcopydelhi.com,https://firstcopydelhi.com/why-omega-first-copy-watches-are-a-top-choice-in-delhi/,Hosted in India only,Included because the resolved IP geolocated to India (ip-api.com host geolocation); confirm business relevance manually.,Not found on reviewed page,evidence_snapshots/03117_firstcopydelhi.com_91fa5cc266.html,91fa5cc266cf4d014a71a8b0c3d591d871caeec3d3acfd2f39c429b452ea7ceb
3118,No immediate action,firstcopydelhi.com,https://firstcopydelhi.com/first-copy-watches-hyderabad/,Hosted in India only,Included because the resolved IP geolocated to India (ip-api.com host geolocation); confirm business relevance manually.,Not found on reviewed page,evidence_snapshots/03118_firstcopydelhi.com_05cc822c75.html,05cc822c75076727efdd618bbc92b00f8125d2fbeeefb0c8701252cf0d09d9f0
3119,No immediate action,firstcopydelhi.com,https://firstcopydelhi.com/buy-rado-first-copy-watches-online-at-the-best-prices/,Hosted in India only,Included because the resolved IP geolocated to India (ip-api.com host geolocation); confirm business relevance manually.,Not found on reviewed page,evidence_snapshots/03119_firstcopydelhi.com_9eb2cf6f98.html,9eb2cf6f9892961113bda4d4b0394639c3082699f187c51783a1d4cdd59f67bb
3120,No immediate action,firstcopydelhi.com,https://firstcopydelhi.com/first-copy-replica-watches-delhi/,Hosted in India only,Included because the resolved IP geolocated to India (ip-api.com host geolocation); confirm business relevance manually.,Not found on reviewed page,evidence_snapshots/03120_firstcopydelhi.com_fa26406a39.html,fa26406a392556e2356a8e61cbf33ddb608bc9a01163c1d69debf2f50f470ef6
3126,No immediate action,letterboxd.com,https://letterboxd.com/melbfilmfest/,Likely India jurisdiction,Included because India was inferred from page metadata: IN.,Not found on reviewed page,evidence_snapshots/03126_letterboxd.com_4ce495c753.html,4ce495c753a5eb4e1b3f5ac7a59a44ad6ef210dc7b1bef715ad53eacbe57f1d1
3132,No immediate action,miff.com.au,https://miff.com.au/tickets/ticket-faqs,Likely India jurisdiction,Included because India was inferred from currency text Rs..,Not found on reviewed page,evidence_snapshots/03132_miff.com.au_892036163d.html,892036163d313baf8142008fd6a800050c19f7ef681a285926f62796a161d957
3135,Manual AmEx evidence review,miff.com.au,https://miff.com.au/about/submissions/submission-faq,Likely India jurisdiction,Included because India was inferred from currency text Rs..,Possible - AmEx logo/token or mixed signal,evidence_snapshots/03135_miff.com.au_01b9ddbf2f.html,01b9ddbf2f2452619621749cc5d6990a5bcc58791331f26e85e3c335d1671268
3141,No immediate action,miff.com.au,https://miff.com.au/#top,Likely India jurisdiction,Included because India was inferred from currency text Rs..,Not found on reviewed page,evidence_snapshots/03141_miff.com.au_1d3fb67fde.html,1d3fb67fde342ab07b5a835a4c0030e9fd825c955f6302f5d3af879aa375b1e0
3145,No immediate action,miff.com.au,https://miff.com.au/blog,Likely India jurisdiction,Included because India was inferred from currency text Rs..,Not found on reviewed page,evidence_snapshots/03145_miff.com.au_ee86b6c686.html,ee86b6c6867c13f5bcc0dd8d8f8115d0c757ae3037490aea605dcf26ff6e4f1c
3148,No immediate action,g.page,https://g.page/r/CdF5TkGePh3_EBA,Likely India jurisdiction,Included because India was inferred from page metadata: IN.,Not found on reviewed page,evidence_snapshots/03148_www.google.com_1f3673bc06.html,1f3673bc0616cc0bca4ba6be6db1b1fb8d24215ddfc595cf73a42401456c0ac5
3163,No immediate action,www.accuweather.com,http://www.accuweather.com/en/us/san-jose-ca/95110/current-weather/39768_pc?lang=en-us&partner=mng_28,Likely India jurisdiction + hosted in India,Included because India was inferred from currency text Rs.; resolved IP also geolocated to India.,Not found on reviewed page,evidence_snapshots/03163_www.accuweather.com_4663d28d17.html,4663d28d17a512e85e25b410146c100853c74dadc3f1200916f56dcf0d77e7f3
3164,No immediate action,www.bayareanewsgroupobituaries.com,https://www.bayareanewsgroupobituaries.com/,Likely India jurisdiction,Included because India was inferred from search market en-IN.,Not found on reviewed page,evidence_snapshots/03164_www.bayareanewsgroupobituaries.com_f2288d0585.html,f2288d0585feafc97c6e5f76ae65d23c7296c98dc3f39c8a8030d036c23ecb2c
3167,No immediate action,trinityaudio.ai,https://trinityaudio.ai,Likely India jurisdiction,Included because India was inferred from currency text Rs..,Not found on reviewed page,evidence_snapshots/03167_www.trinityaudio.ai_854235fd4f.html,854235fd4f82c516d0978ef5da35fc9cfa136ded6f4f7504cb078c315f0a2ba4
3169,No immediate action,leadhax.com,https://leadhax.com/,Likely India jurisdiction,Included because India was inferred from currency text Rs..,Not found on reviewed page,evidence_snapshots/03169_leadhax.com_242e49e4df.html,242e49e4df11bf935e631efdb493f351469272021bbe9e73ef667f2da7462e0b
3171,No immediate action,sponsor.medianewsgroup.com,https://sponsor.medianewsgroup.com/a/?tag=bayarea,Likely India jurisdiction,Included because India was inferred from search market en-IN.,Not found on reviewed page,evidence_snapshots/03171_sponsor.medianewsgroup.com_d4d86f1b37.html,d4d86f1b37cabe3c7aa73da98a6e532c89967f141a17fa202e9742661b18882d
3175,No immediate action,myaccount.mercurynews.com,https://myaccount.mercurynews.com/merc/preference,Likely India jurisdiction,Included because India was inferred from search market en-IN.,Not found on reviewed page,evidence_snapshots/03175_myaccount.mercurynews.com_0b916563ba.html,0b916563ba42c0869f125737a64144154992900e157d63558b15f607b295d95e
3180,No immediate action,myaccount.mercurynews.com,https://myaccount.mercurynews.com/,Likely India jurisdiction,Included because India was inferred from search market en-IN.,Not found on reviewed page,evidence_snapshots/03180_myaccount.mercurynews.com_6877c1860e.html,6877c1860e5331dbbf897d23c34ab0e74a9b3183b1e14cf4c32af01c447c0c6a
3181,No immediate action,enewspaper.mercurynews.com,http://enewspaper.mercurynews.com,Likely India jurisdiction,Included because India was inferred from search market en-IN.,Not found on reviewed page,evidence_snapshots/03181_login.npuserlogin.com_ebad30e98b.html,ebad30e98b9cff44a823cebdec79364cf6dac79b00de44dc3fe9df8102b16e83
3190,No immediate action,www.accuweather.com,http://www.accuweather.com/en/us/denver-co/80203/current-weather/35082_pc?lang=en-us&partner=mng_50,Likely India jurisdiction + hosted in India,Included because India was inferred from currency text Rs.; resolved IP also geolocated to India.,Not found on reviewed page,evidence_snapshots/03190_www.accuweather.com_75b1a98631.html,75b1a986316a7770731941782a439adc4fa7ef060686476601360c194fb8b145
3192,No immediate action,www.cdc.gov,https://www.cdc.gov/nchs/data/vsrr/vsrr044.pdf,Likely India jurisdiction + hosted in India,Included because India was inferred from currency text Rs.; resolved IP also geolocated to India.,Not found on reviewed page,evidence_snapshots/03192_www.cdc.gov_92cb298c54.html,92cb298c54cab8a755f5707ae013c98b460d45c1e617826b94d8a46cbbd6ea0d
3194,No immediate action,www.nytimes.com,https://www.nytimes.com/interactive/2026/07/15/upshot/arizona-drug-overdose-deaths.html,Likely India jurisdiction + hosted in India,Included because India was inferred from search market en-IN; resolved IP also geolocated to India.,Not found on reviewed page,evidence_snapshots/03194_www.nytimes.com_22231ff01f.html,22231ff01fa0fe1d4abcbc6faaff0ec3a1ccdccb7ff4948c2efe6388374691db
3196,No immediate action,www.samhsa.gov,https://www.samhsa.gov/data/sites/default/files/reports/rpt57150/2025-nsduh-annual-national-report.pdf,Likely India jurisdiction,Included because India was inferred from search market en-IN.,Not found on reviewed page,evidence_snapshots/03196_www.samhsa.gov_8b73b6ccd7.html,8b73b6ccd7091d6d9d23adaab2baae3c4abf6de06df8efdd03215ee9376fa035
3200,No immediate action,myaccount.denverpost.com,https://myaccount.denverpost.com/dp/preference,Likely India jurisdiction,Included because India was inferred from search market en-IN.,Not found on reviewed page,evidence_snapshots/03200_myaccount.denverpost.com_6119005d7b.html,6119005d7b34b9a7087d071f84e632b2e69cb3f43a5e9f8d20329210d84d25e9
3203,No immediate action,myaccount.denverpost.com,https://myaccount.denverpost.com/,Likely India jurisdiction,Included because India was inferred from search market en-IN.,Not found on reviewed page,evidence_snapshots/03203_myaccount.denverpost.com_76138687b3.html,76138687b32f9635f6399ea43bc787a229d69a41ff247308b8c8c54686b02f15
3205,No immediate action,enewspaper.denverpost.com,https://enewspaper.denverpost.com/,Likely India jurisdiction,Included because India was inferred from search market en-IN.,Not found on reviewed page,evidence_snapshots/03205_login.npuserlogin.com_f631818f74.html,f631818f745138b57d3346eae3a3f39d814dfffba30fbf047c084f33bf7d4ea4
3214,No immediate action,www.joinfleek.com,https://www.joinfleek.com/home?coframe=100v1&coframe=098v1,Likely India jurisdiction,Included because India was inferred from currency text Rs..,Not found on reviewed page,evidence_snapshots/03214_www.joinfleek.com_41de3b04ef.html,41de3b04ef8285e0200e9d324122300f2bb003dde8b259ba38fd16290df4b539
3215,No immediate action,www.eea.europa.eu,https://www.eea.europa.eu/en/analysis/publications/management-of-used-and-waste-textiles-in-europes-circular-economy,Likely India jurisdiction,Included because India was inferred from search market en-IN.,Not found on reviewed page,evidence_snapshots/03215_www.eea.europa.eu_702f462fba.html,702f462fba77582582bb868b1e5d73a435e2674011fff4a3828d9898a40a3004
3217,No immediate action,order.emags.com,https://order.emags.com/fortune_single_issues,Likely India jurisdiction,Included because India was inferred from currency code INR.,Not found on reviewed page,evidence_snapshots/03217_order.emags.com_2d3da13d31.html,2d3da13d312700cf1dc4fc1c13364a33aca3139ea508444a10f367ceb5b578e4
3219,No immediate action,fortune.com,https://fortune.com/terms-of-use/,Likely India jurisdiction + hosted in India,Included because India was inferred from currency text Rs.; resolved IP also geolocated to India.,Not found on reviewed page,evidence_snapshots/03219_fortune.com_6e367444ee.html,6e367444ee9c334450d158dae4b0ac9c7ec67c5064d698e71cc0124a9e8fa2d1
3220,No immediate action,fortune.com,https://fortune.com/topic/fortune-daily/?itm_source=fortune&itm_medium=article_tout&itm_campaign=fortune_daily,Likely India jurisdiction + hosted in India,Included because India was inferred from currency code INR; resolved IP also geolocated to India.,Not found on reviewed page,evidence_snapshots/03220_fortune.com_b95c214f44.html,b95c214f44adc04326cbe749f0ff908f1ee637552b19cba4e669a4bdda686a22
3221,No immediate action,www.fortune.com,https://www.fortune.com/newsletters/eye-on-ai?itm_source=fortune&itm_medium=author_bio_footer&itm_campaign=eye_on_ai&itm_content=jeremy_kahn,Likely India jurisdiction + hosted in India,Included because India was inferred from currency text Rs.; resolved IP also geolocated to India.,Not found on reviewed page,evidence_snapshots/03221_www.fortune.com_3c13e056d8.html,3c13e056d83a849b753526d19cb596002fe85d8850890c2f2cddd444eef37d2e
3222,Manual AmEx evidence review,fortune.com,https://fortune.com/ranking/best-companies/,Likely India jurisdiction + hosted in India,Included because India was inferred from currency code INR; resolved IP also geolocated to India.,Possible - AmEx logo/token or mixed signal,evidence_snapshots/03222_fortune.com_8eaf7c6f43.html,8eaf7c6f439e450668f84cc4b77981899c99beb5d0646ba529193281779b832d
3223,No immediate action,fortune.com,https://fortune.com/lists-calendar,Likely India jurisdiction + hosted in India,Included because India was inferred from currency text Rs.; resolved IP also geolocated to India.,Not found on reviewed page,evidence_snapshots/03223_fortune.com_6e753ed700.html,6e753ed7008c9f18d6bd75a004fe12259397b7ef127f5e521dbd0d352c480954
3224,No immediate action,fortune.com,https://fortune.com/section/newsletters/,Hosted in India only,Included because the resolved IP geolocated to India (ip-api.com host geolocation); confirm business relevance manually.,Not found on reviewed page,evidence_snapshots/03224_fortune.com_c143e5bc83.html,c143e5bc831003acd1f2708ca87110bae07173f9808537333bd85f9dbc7e8bfd
3225,No immediate action,fortune.com,https://fortune.com/international-print-magazine-only-subscribers/,Likely India jurisdiction + hosted in India,Included because India was inferred from currency code INR; resolved IP also geolocated to India.,Not found on reviewed page,evidence_snapshots/03225_fortune.com_d470cad64a.html,d470cad64ade8eb239b5a0aa598a93dfd86e2a97c6e8d7d57414be9dba3e6466
3226,No immediate action,www.events.sourcingjournal.com,https://www.events.sourcingjournal.com/sjfallsummit26,Likely India jurisdiction,Included because India was inferred from currency code INR.,Not found on reviewed page,evidence_snapshots/03226_www.events.sourcingjournal.com_23dcdb5c4a.html,23dcdb5c4a2af5296de4a12d9221c13ba515015354b9af345aeb6f5b7badf1c5
3229,No immediate action,pmc.com,https://pmc.com/terms-of-use,Likely India jurisdiction,Included because India was inferred from currency text Rs..,Not found on reviewed page,evidence_snapshots/03229_www.pmc.com_9e3aeac145.html,9e3aeac145719c0bb77b5238853f515e8e0238ff49d408f03cda3dfda28da2dc
3243,No immediate action,preferences.mail.wwd.com,https://preferences.mail.wwd.com/sourcingjournal/preferences,Likely India jurisdiction,Included because India was inferred from currency text Rs..,Not found on reviewed page,evidence_snapshots/03243_preferences.mail.wwd.com_ed6974fe26.html,ed6974fe26f8643849524e057965285a3d313392854f789357920e8edc2a8028
3250,No immediate action,www.thediscoverer.com,https://www.thediscoverer.com/,Likely India jurisdiction,Included because India was inferred from currency text Rs..,Not found on reviewed page,evidence_snapshots/03250_www.thediscoverer.com_556f24d2a3.html,556f24d2a3517bed21e510420295e24361b236cc6be022f1b05f4ff40c065a87
3259,Manual AmEx evidence review,corporate.britannica.com,https://corporate.britannica.com/termsofuse.html,Likely India jurisdiction,Included because India was inferred from currency text Rs..,Possible - AmEx logo/token or mixed signal,evidence_snapshots/03259_corporate.britannica.com_02d6abae6b.html,02d6abae6be4a319992a49c4c24168eb23400e4354cba366149356f6e772bd55
3261,No immediate action,advertise.britannica.com,https://advertise.britannica.com/?britannica_sales_dl=163&_wpnonce=5491e821fd,Likely India jurisdiction,Included because India was inferred from search market en-IN.,Not found on reviewed page,evidence_snapshots/03261_advertise.britannica.com_5695a2502b.html,5695a2502ba2a3732ceda537c1e1017f1349b996b67f334ab9f1bac42401ff6b
3262,No immediate action,prod.cdn-mw.com,https://prod.cdn-mw.com/assets/mw/static/pdf/help/guide-to-pronunciation.pdf,Hosted in India only,Included because the resolved IP geolocated to India (ip-api.com host geolocation); confirm business relevance manually.,Not found on reviewed page,evidence_snapshots/03262_prod.cdn-mw.com_c9093b554c.html,c9093b554c58cc9960ebb9253fc331f27f7991c01297afd362bf99847b0455b8
3263,No immediate action,www.merriam-webster.com,https://www.merriam-webster.com/help/citing-the-dictionary,Likely India jurisdiction,Included because India was inferred from search market en-IN.,Not found on reviewed page,evidence_snapshots/03263_www.merriam-webster.com_f90490f6fa.html,f90490f6fae62e284a20a13f6fd342c14ed0ee718377a327429c8fe92990d0d4
3266,No immediate action,www.merriam-webster.com,https://www.merriam-webster.com/help/pronunciation-key,Likely India jurisdiction,Included because India was inferred from search market en-IN.,Not found on reviewed page,evidence_snapshots/03266_www.merriam-webster.com_d56093a02a.html,d56093a02a85116f21fb79ba2716d0f02187c0ba350387a8e65f29313190659e
3274,No immediate action,www.usatoday.com,https://www.usatoday.com/story/news/crime/2026/07/24/counterfeit-usps-postage-stamps-scheme-arrests/91041851007/,Hosted in India only,Included because the resolved IP geolocated to India (ip-api.com host geolocation); confirm business relevance manually.,Not found on reviewed page,evidence_snapshots/03274_www.usatoday.com_41ec8b8188.html,41ec8b8188583cd6fa37b41805bf72ffceba0e39b8eaf2208d8d1371ca837ba8
3277,No immediate action,my.clevelandclinic.org,https://my.clevelandclinic.org/health/body/human-body-anatomy,Likely India jurisdiction,Included because India was inferred from currency text Rs..,Not found on reviewed page,evidence_snapshots/03277_my.clevelandclinic.org_1723213f18.html,1723213f188b10d975502a71dfce881c89d8c4b078810ef93e0745e036a6cfae
3278,No immediate action,www.healthline.com,https://www.healthline.com/health/the-human-body,Hosted in India only,Included because the resolved IP geolocated to India (ip-api.com host geolocation); confirm business relevance manually.,Not found on reviewed page,evidence_snapshots/03278_www.healthline.com_004582d97b.html,004582d97b20dcc5129ecad22c41cfe1e2385e711f41f0ea2481809ace8b54cd
3281,No immediate action,www.msdmanuals.com,https://www.msdmanuals.com/home/fundamentals/the-human-body,Hosted in India only,Included because the resolved IP geolocated to India (ip-api.com host geolocation); confirm business relevance manually.,Not found on reviewed page,evidence_snapshots/03281_www.msdmanuals.com_76b40d0fc7.html,76b40d0fc7c3241bcb0d08f28aaaedd5869eb347cbba0a5104e07c219303f0c3
3282,No immediate action,louis.pressbooks.pub,https://louis.pressbooks.pub/humananatomyandphysiology1/chapter/1-body-structure/,Hosted in India only,Included because the resolved IP geolocated to India (ip-api.com host geolocation); confirm business relevance manually.,Not found on reviewed page,evidence_snapshots/03282_louis.pressbooks.pub_95c28bd321.html,95c28bd321e189c3287a90d9a65ed76005b794995eecf7862cdb6fbbb956cc14
3283,No immediate action,www.livescience.com,https://www.livescience.com/37009-human-body.html,Hosted in India only,Included because the resolved IP geolocated to India (ip-api.com host geolocation); confirm business relevance manually.,Not found on reviewed page,evidence_snapshots/03283_www.livescience.com_4098db9d0b.html,4098db9d0b8f56c3770ed1eaf01a4a0ce22cd3cd143c78a7cd11eb81010762ad
3284,No immediate action,www.merriam-webster.com,https://www.merriam-webster.com/dictionary/conception,Likely India jurisdiction,Included because India was inferred from currency text Rs..,Not found on reviewed page,evidence_snapshots/03284_www.merriam-webster.com_87b9adb3b7.html,87b9adb3b7fdd674fcc8cd0f582c8d1497f019d5aa70a2ca9306c75862909c53
3289,No immediate action,www.britannica.com,https://www.britannica.com/question,Likely India jurisdiction,Included because India was inferred from currency text Rs..,Not found on reviewed page,evidence_snapshots/03289_www.britannica.com_5e8df0b7a7.html,5e8df0b7a7f46cf1a1b84ce0b8680653e0af454c9c7e9cf0cadfe49ce264ae49
3295,No immediate action,unsplash.com,https://unsplash.com/photos/YKW0JjP7rlU,Likely India jurisdiction,Included because India was inferred from currency text Rs..,Not found on reviewed page,evidence_snapshots/03295_unsplash.com_ff2e808112.html,ff2e808112110ffda2efa3f7228598d99b73e6619aaeb295891f5dfba158be71
3296,No immediate action,commons.wikimedia.org,https://commons.wikimedia.org/wiki/File:Lauron4c_2009_FZI_Karlsruhe.jpg,Likely India jurisdiction,Included because India was inferred from currency text Rs..,Not found on reviewed page,evidence_snapshots/03296_commons.wikimedia.org_24fd1e0e37.html,24fd1e0e377f13692ea28434602c4454444ce050105531069ebdef9317140bd9
3300,No immediate action,openstax.org,https://openstax.org/books/anatomy-and-physiology/pages/3-6-cellular-differentiation,Likely India jurisdiction + hosted in India,Included because India was inferred from currency text Rs.; resolved IP also geolocated to India.,Not found on reviewed page,evidence_snapshots/03300_openstax.org_d19dc9aaba.html,d19dc9aabaadd9844f8e300836e2a7b0ee92c6b3255e9944c17b53d366df6269
3301,No immediate action,www.ck12.org,https://www.ck12.org/book/ck-12-college-human-biology/section/9.2/,Likely India jurisdiction + hosted in India,Included because India was inferred from currency text Rs.; resolved IP also geolocated to India.,Not found on reviewed page,evidence_snapshots/03301_www.ck12.org_2192ea0f7b.html,2192ea0f7bf6d731acc8475383fbc922d72fdc07027db4f1b755d8124314903a
3306,No immediate action,www.healthline.com,https://www.healthline.com/reviews,Hosted in India only,Included because the resolved IP geolocated to India (ip-api.com host geolocation); confirm business relevance manually.,Not found on reviewed page,evidence_snapshots/03306_www.healthline.com_7a7d68a7e7.html,7a7d68a7e7040179981561d1f671065b563ccc82a587b7dad56dbc9d76eb291b
3307,No immediate action,www.healthline.com,https://www.healthline.com/reviews/at-home-tests,Hosted in India only,Included because the resolved IP geolocated to India (ip-api.com host geolocation); confirm business relevance manually.,Not found on reviewed page,evidence_snapshots/03307_www.healthline.com_9fa4a03adc.html,9fa4a03adca59d0439ffb2f178c20d3ffbcef3d77a45212fa077dec0695c7198
3308,No immediate action,www.healthline.com,https://www.healthline.com/reviews/mens-health-products,Hosted in India only,Included because the resolved IP geolocated to India (ip-api.com host geolocation); confirm business relevance manually.,Not found on reviewed page,evidence_snapshots/03308_www.healthline.com_c171383264.html,c171383264455114fb20b2cfbb2d32a3a1ad8ad263dc93cbb53eb5b4a6cb8353
3309,No immediate action,www.healthline.com,https://www.healthline.com/reviews/mental-health-services-and-products,Hosted in India only,Included because the resolved IP geolocated to India (ip-api.com host geolocation); confirm business relevance manually.,Not found on reviewed page,evidence_snapshots/03309_www.healthline.com_6a035660ec.html,6a035660ece84cebb3cd314b751f06c7fbc7289c8d6af04ce2f5bf1b26463fab
3310,No immediate action,www.healthline.com,https://www.healthline.com/reviews/nutrition-products,Hosted in India only,Included because the resolved IP geolocated to India (ip-api.com host geolocation); confirm business relevance manually.,Not found on reviewed page,evidence_snapshots/03310_www.healthline.com_8c212b503e.html,8c212b503e5c2481155315b7677b9c898ac6655bb04f42d6297f67f4a4af3b53
3311,No immediate action,www.healthline.com,https://www.healthline.com/reviews/sleep-products,Hosted in India only,Included because the resolved IP geolocated to India (ip-api.com host geolocation); confirm business relevance manually.,Not found on reviewed page,evidence_snapshots/03311_www.healthline.com_5188797bbb.html,5188797bbbcec76bf69abd9f3d154f56d35cf835ee1a5bf5d9bea384c66dac33
3312,No immediate action,www.healthline.com,https://www.healthline.com/reviews/vitamin-and-supplement-products,Likely India jurisdiction + hosted in India,Included because India was inferred from currency text Rs.; resolved IP also geolocated to India.,Not found on reviewed page,evidence_snapshots/03312_www.healthline.com_6ae0b2b39f.html,6ae0b2b39fb2c4b828c2df8b32e70394f6fdb264fc15a06a9ad59ea24b35d870
3313,No immediate action,www.healthline.com,https://www.healthline.com/reviews/womens-health-products,Hosted in India only,Included because the resolved IP geolocated to India (ip-api.com host geolocation); confirm business relevance manually.,Not found on reviewed page,evidence_snapshots/03313_www.healthline.com_9d6ee4eaf5.html,9d6ee4eaf5f3e412f2c794862fcfa761f44aef984b6e3a93be6a3cf17de08258
3316,No immediate action,www.healthline.com,https://www.healthline.com/health-news/666-walking-trend-weight-loss,Hosted in India only,Included because the resolved IP geolocated to India (ip-api.com host geolocation); confirm business relevance manually.,Not found on reviewed page,evidence_snapshots/03316_www.healthline.com_d602ec1221.html,d602ec122162082afff15a75b74e9228e3db77ee94cbcca3f95132dc5d1b7cea
3317,No immediate action,www.healthline.com,https://www.healthline.com/health-news/morning-coffee-heart-health-benefits,Likely India jurisdiction + hosted in India,Included because India was inferred from currency text Rs.; resolved IP also geolocated to India.,Not found on reviewed page,evidence_snapshots/03317_www.healthline.com_7259865288.html,7259865288f9ff018311110ef01e542bd8911578b0b658487823af93edcdf6f3
3318,No immediate action,www.healthline.com,https://www.healthline.com/directory/topics,Hosted in India only,Included because the resolved IP geolocated to India (ip-api.com host geolocation); confirm business relevance manually.,Not found on reviewed page,evidence_snapshots/03318_www.healthline.com_1dc69f636b.html,1dc69f636bd1d939baf82159fb81ea2af411253d59322d09613d7266ea5e7795
3319,No immediate action,www.healthline.com,https://www.healthline.com/sponsored-topics,Likely India jurisdiction + hosted in India,Included because India was inferred from currency text Rs.; resolved IP also geolocated to India.,Not found on reviewed page,evidence_snapshots/03319_www.healthline.com_46f3a1ffe5.html,46f3a1ffe57530258f8aba36e8290b417f7c5eeae46a10836958de8918ce4274
3320,No immediate action,www.istockphoto.com,https://www.istockphoto.com/portfolio/LaylaBird?mediatype=photography,Hosted in India only,Included because the resolved IP geolocated to India (ip-api.com host geolocation); confirm business relevance manually.,Not found on reviewed page,evidence_snapshots/03320_www.istockphoto.com_614a778a31.html,614a778a31d854d296849f5a620b5cd916f0a36fe831bb183e6c9a16eb383b43
3321,No immediate action,www.nimh.nih.gov,https://www.nimh.nih.gov/health/publications/the-teen-brain-7-things-to-know,Likely India jurisdiction,Included because India was inferred from currency text Rs..,Not found on reviewed page,evidence_snapshots/03321_www.nimh.nih.gov_e61368f7ea.html,e61368f7eaebe8222b02ec785c6782eea23231a14e1b50c5bd29a141f1fa0b30
3322,No immediate action,www.mayoclinic.org,https://www.mayoclinic.org/healthy-lifestyle/adult-health/in-depth/bone-health/art-20045060,Likely India jurisdiction + hosted in India,Included because India was inferred from currency text Rs.; resolved IP also geolocated to India.,Not found on reviewed page,evidence_snapshots/03322_www.mayoclinic.org_3c1c3091e4.html,3c1c3091e49ce3f25ddf0de44fa327db63238c126c2bfd39b7324adfe667cb68
3323,No immediate action,www.vogue.com,https://www.vogue.com/article/losing-collagen-signs,Hosted in India only,Included because the resolved IP geolocated to India (ip-api.com host geolocation); confirm business relevance manually.,Not found on reviewed page,evidence_snapshots/03323_www.vogue.com_0d8ee8c723.html,0d8ee8c723e97538631f082a9b81a9456e550bf07013d087062097c3145f5c43
3324,No immediate action,www.healthline.com,https://www.healthline.com/health-news/when-does-your-metabolism-significantly-decline-its-later-than-you-think,Hosted in India only,Included because the resolved IP geolocated to India (ip-api.com host geolocation); confirm business relevance manually.,Not found on reviewed page,evidence_snapshots/03324_www.healthline.com_de42a7d441.html,de42a7d441f008e762017b500d0339653a353bfe2aaed347fec830f90005794c
3325,No immediate action,now.tufts.edu,https://now.tufts.edu/2022/05/11/muscle-mass-and-strength-decline-older-women-you-can-slow-down-process,Likely India jurisdiction + hosted in India,Included because India was inferred from currency text Rs.; resolved IP also geolocated to India.,Not found on reviewed page,evidence_snapshots/03325_now.tufts.edu_1bae7e42ab.html,1bae7e42ab084f13f6ac925b9b5449b546b87cd04a45d046ae5c78ee88fbbf4e
3326,No immediate action,www.yourfertility.org.au,https://www.yourfertility.org.au/everyone/age,Likely India jurisdiction,Included because India was inferred from currency text Rs..,Not found on reviewed page,evidence_snapshots/03326_www.yourfertility.org.au_5b54132790.html,5b54132790c3c2f0ba0fb88a635bb8a441f9fc8666438cab3456e0d5bea2494a
3327,No immediate action,my.clevelandclinic.org,https://my.clevelandclinic.org/health/diseases/21608-perimenopause,Likely India jurisdiction,Included because India was inferred from currency text Rs..,Not found on reviewed page,evidence_snapshots/03327_my.clevelandclinic.org_926dd78dcb.html,926dd78dcb52a6d33bead1b8d182fc416933051f331dc6fb1878e73b1a9c3ec5
3339,No immediate action,training.seer.cancer.gov,https://training.seer.cancer.gov/anatomy/cardiovascular/review.html,Likely India jurisdiction,Included because India was inferred from currency text Rs..,Not found on reviewed page,evidence_snapshots/03339_training.seer.cancer.gov_e63734c5e7.html,e63734c5e7d0f498ff6e83edc98171f96024c30f4d0c3c5aa9d2f16177314445
3343,No immediate action,flipboard.com,https://flipboard.com/@LiveScience,Likely India jurisdiction + hosted in India,Included because India was inferred from currency text Rs.; resolved IP also geolocated to India.,Not found on reviewed page,evidence_snapshots/03343_flipboard.com_6e47752928.html,6e4775292807dd3119ae2c69770187f19eeb8a8bb997d0f910f091fe0a70154d
3347,No immediate action,www.hopkinsmedicine.org,https://www.hopkinsmedicine.org/health/wellness-and-prevention/anatomy-of-the-endocrine-system,Likely India jurisdiction,Included because India was inferred from currency text Rs..,Not found on reviewed page,evidence_snapshots/03347_www.hopkinsmedicine.org_7f0adf52fb.html,7f0adf52fbd28108315087a3f8fb9b76d74bbb049bd6ee3e07759a673a982811
3348,No immediate action,www.cancer.gov,https://www.cancer.gov/publications/dictionaries/cancer-terms/def/lymph-node,Hosted in India only,Included because the resolved IP geolocated to India (ip-api.com host geolocation); confirm business relevance manually.,Not found on reviewed page,evidence_snapshots/03348_www.cancer.gov_2748c745ba.html,2748c745baf767668b8e1ba0914319ca6c83f33348e86e1dd74f829219d59af6
3349,No immediate action,www.loc.gov,https://www.loc.gov/everyday-mysteries/biology-and-human-anatomy/item/what-is-the-strongest-muscle-in-the-human-body/,Likely India jurisdiction,Included because India was inferred from currency text Rs..,Not found on reviewed page,evidence_snapshots/03349_www.loc.gov_f2ba5c8980.html,f2ba5c8980398f965a16c8de24badc4946e83a425e1b79a5bf2fcf670ee4cd61
3350,No immediate action,kidshealth.org,https://kidshealth.org/en/kids/bones.html,Likely India jurisdiction,Included because India was inferred from currency text Rs..,Not found on reviewed page,evidence_snapshots/03350_kidshealth.org_0e5e4d985f.html,0e5e4d985f9ad59ce4c3ce237f1e2090fbc809972172766750f2d938d600867f
3353,No immediate action,www.livescience.com,https://www.livescience.com/my-account,Hosted in India only,Included because the resolved IP geolocated to India (ip-api.com host geolocation); confirm business relevance manually.,Not found on reviewed page,evidence_snapshots/03353_www.livescience.com_d0debeba70.html,d0debeba70156da0dc616f4660240f3d916fb9924af9efc5fa6e261cbafea8b1
3354,No immediate action,www.livescience.com,https://www.livescience.com/tag/news-analyses,Hosted in India only,Included because the resolved IP geolocated to India (ip-api.com host geolocation); confirm business relevance manually.,Not found on reviewed page,evidence_snapshots/03354_www.livescience.com_9302e505d3.html,9302e505d3f8563d33d5802ce04dc4c92becfa33ca5172183be659e128cdbd62
3355,No immediate action,www.livescience.com,https://www.livescience.com/animals/mollusks/octopuses,Hosted in India only,Included because the resolved IP geolocated to India (ip-api.com host geolocation); confirm business relevance manually.,Not found on reviewed page,evidence_snapshots/03355_www.livescience.com_11786f8342.html,11786f83426ea470de6c5193721a0efdffd514bb2480037fc5f9ef124606052f
3356,No immediate action,www.livescience.com,https://www.livescience.com/news,Hosted in India only,Included because the resolved IP geolocated to India (ip-api.com host geolocation); confirm business relevance manually.,Not found on reviewed page,evidence_snapshots/03356_www.livescience.com_364e2c2539.html,364e2c2539f0c363df03922152c5539095f021c6df5b24b6b8b0edd224fff127
3357,No immediate action,www.livescience.com,https://www.livescience.com/newsletter,Hosted in India only,Included because the resolved IP geolocated to India (ip-api.com host geolocation); confirm business relevance manually.,Not found on reviewed page,evidence_snapshots/03357_www.livescience.com_4e3620f0e2.html,4e3620f0e2905f5feefa8f61348a6848dec80dbcd4a475f1f73b4a90f6ce1192
3358,No immediate action,www.livescience.com,https://www.livescience.com/physics-mathematics/science-news-this-week-time-emerges-inside-a-mini-universe-scientists-thicken-arctic-ice-and-one-of-the-oldest-graves-of-a-free-black-person-in-the-us-found,Hosted in India only,Included because the resolved IP geolocated to India (ip-api.com host geolocation); confirm business relevance manually.,Not found on reviewed page,evidence_snapshots/03358_www.livescience.com_8d327b2160.html,8d327b216076f032cbd08650f91d24e4a3eee198785f3bba470d9aee1c68f28e
3359,No immediate action,www.livescience.com,https://www.livescience.com/planet-earth/science-news-this-week-el-nino-arrives-the-artemis-iii-crew-are-revealed-a-cold-blob-expands-across-the-atlantic-and-a-forgotten-note-from-richard-feynman-gets-deciphered,Hosted in India only,Included because the resolved IP geolocated to India (ip-api.com host geolocation); confirm business relevance manually.,Not found on reviewed page,evidence_snapshots/03359_www.livescience.com_1670a42d62.html,1670a42d62c5278a26d8eecaaad6ce2fa1455ac6235c41f07457bc638e628e0f
3360,No immediate action,www.livescience.com,https://www.livescience.com/space/science-news-this-week-life-on-mars-weird-water-and-a-curious-human-cousin,Hosted in India only,Included because the resolved IP geolocated to India (ip-api.com host geolocation); confirm business relevance manually.,Not found on reviewed page,evidence_snapshots/03360_www.livescience.com_ad5cbdf0b7.html,ad5cbdf0b75cdb486f7638781b1b1f12384e0c1a87d1340acd883cc6758f257c
3361,No immediate action,www.livescience.com,https://www.livescience.com/health/allergies/top-5-mistakes-when-using-air-purifiers-during-hay-fever-season,Hosted in India only,Included because the resolved IP geolocated to India (ip-api.com host geolocation); confirm business relevance manually.,Not found on reviewed page,evidence_snapshots/03361_www.livescience.com_744c55e420.html,744c55e4204f1022c8248b9d2a7edf721c0fabf292e82548b91242ecdfb6cc89
3362,No immediate action,www.livescience.com,https://www.livescience.com/health/allergies/top-5-tips-for-surviving-hay-fever-season,Hosted in India only,Included because the resolved IP geolocated to India (ip-api.com host geolocation); confirm business relevance manually.,Not found on reviewed page,evidence_snapshots/03362_www.livescience.com_b381852283.html,b38185228398117eb03f420bdb327ab5cd236ac374d3d5067db40bf8c664181b
3364,No immediate action,www.newyorker.com,https://www.newyorker.com/magazine/2026/08/17/john-roberts-profile,Hosted in India only,Included because the resolved IP geolocated to India (ip-api.com host geolocation); confirm business relevance manually.,Not found on reviewed page,evidence_snapshots/03364_www.newyorker.com_5f18edb923.html,5f18edb923418eeed096390999ecff9b073d1683e142fde09c7d5e0a8f677684
3365,No immediate action,lithub.com,https://lithub.com/the-toxic-appeal-of-big-reveal-content-on-social-media/,Hosted in India only,Included because the resolved IP geolocated to India (ip-api.com host geolocation); confirm business relevance manually.,Not found on reviewed page,evidence_snapshots/03365_lithub.com_c5c232c033.html,c5c232c033b7c93f53b0e9cecd080f5c26af61fedb8a01946fb72ce094b5283e
3366,No immediate action,www.cnbc.com,https://www.cnbc.com/2026/08/10/new-genetic-tests-are-catching-rare-diseases-before-symptoms-start.html,Likely India jurisdiction + hosted in India,Included because India was inferred from currency text Rs.; resolved IP also geolocated to India.,Not found on reviewed page,evidence_snapshots/03366_www.cnbc.com_6babda3895.html,6babda38950cc876e5a3cab9dfa667b072176875624eb89a663559085005cd20
3368,No immediate action,www.nglish.com,http://www.nglish.com/spanish/conception,Likely India jurisdiction + hosted in India,Included because India was inferred from currency text Rs.; resolved IP also geolocated to India.,Not found on reviewed page,evidence_snapshots/03368_www.nglish.com_e18edd0da6.html,e18edd0da644174a89999e10a28459fff1668978118da72f074a64acb2c7c7e9
3373,No immediate action,www.merriam-webster.com,https://www.merriam-webster.com/newsletters,Likely India jurisdiction,Included because India was inferred from currency text Rs..,Not found on reviewed page,evidence_snapshots/03373_www.merriam-webster.com_3ce6258838.html,3ce6258838d804199b8c8a958ea6d6edd19949559dd00d04e22d3c6ae8f8fadd
3376,No immediate action,www.merriam-webster.com,https://www.merriam-webster.com/wordplay/longest-words-ever,Likely India jurisdiction,Included because India was inferred from currency text Rs..,Not found on reviewed page,evidence_snapshots/03376_www.merriam-webster.com_0b10fdf1aa.html,0b10fdf1aa5b8ad8cca148bb2d3dec6f0fe5df8eba5dbebce5306bd4417a9743
3380,Manual AmEx evidence review,corporate.britannica.com,https://corporate.britannica.com/termsofuse.html,Likely India jurisdiction,Included because India was inferred from currency text Rs..,Possible - AmEx logo/token or mixed signal,evidence_snapshots/03380_corporate.britannica.com_d18f522fa8.html,d18f522fa8c7eb5b2d91d66c8b6699665168016ee001cb6f4ff99770051024f1
3384,Manual AmEx evidence review,corporate.britannica.com,https://corporate.britannica.com/termsofuse.html?abExternalOpen=true&abExternalOpen=true,Likely India jurisdiction,Included because India was inferred from currency text Rs..,Possible - AmEx logo/token or mixed signal,evidence_snapshots/03384_corporate.britannica.com_f626be944e.html,f626be944e7ddf902905e12c87ebcd938c67b7634476c95909c12fe1c87252bf
3385,No immediate action,www.britannica.com,https://www.britannica.com/list/10-iconic-churches-in-spain,Likely India jurisdiction,Included because India was inferred from currency text Rs..,Not found on reviewed page,evidence_snapshots/03385_www.britannica.com_768497ca3c.html,768497ca3c840495bcbce761f4a0616138b34aa92996bf35c80ade21a4e225bc
3386,No immediate action,www.britannica.com,https://www.britannica.com/list/10-important-dates-in-mars-history,Likely India jurisdiction,Included because India was inferred from currency text Rs..,Not found on reviewed page,evidence_snapshots/03386_www.britannica.com_c3d78029ed.html,c3d78029ed1e710798ae59ae1b9730e974731eab7a51cb54df543eb34c00643b
3387,No immediate action,www.britannica.com,https://www.britannica.com/list/10-important-dates-in-pluto-history,Likely India jurisdiction,Included because India was inferred from currency text Rs..,Not found on reviewed page,evidence_snapshots/03387_www.britannica.com_b49173db94.html,b49173db947472db16ab1ca2ba3cdc98cf353fbf3e76e55546e446199bdea32f
3389,No immediate action,www.britannica.com,https://www.britannica.com/list/10-inventions-that-changed-your-world,Likely India jurisdiction,Included because India was inferred from currency text Rs..,Not found on reviewed page,evidence_snapshots/03389_www.britannica.com_29ff4296d9.html,29ff4296d9af2e3ee11a1fc6de63d514619aa0c2f467c5d14f474a180305e75a
3390,No immediate action,www.britannica.com,https://www.britannica.com/editor/The-Information-Architects-of-Encyclopaedia-Britannica/12365882,Likely India jurisdiction,Included because India was inferred from currency text Rs..,Not found on reviewed page,evidence_snapshots/03390_www.britannica.com_6fe4a761f8.html,6fe4a761f8bd276998a693cbee4546f2d61b6ac184e72f5d887c0e0dca38935f
3391,No immediate action,www.britannica.com,https://www.britannica.com/topic/human-behavior,Likely India jurisdiction,Included because India was inferred from currency text Rs..,Not found on reviewed page,evidence_snapshots/03391_www.britannica.com_fd63882e4b.html,fd63882e4baa6ed3f7d61ad72a34c7de3f2c4f6d8edc47487b360f892ad099a9
3394,No immediate action,kidshealth.org,https://kidshealth.org/en/kids/fat.html,Likely India jurisdiction,Included because India was inferred from currency text Rs..,Not found on reviewed page,evidence_snapshots/03394_kidshealth.org_21e65a642c.html,21e65a642c85cbfec29daea78d74800e6f405ebef1769b648ffc40e4727e275c
3395,No immediate action,www.mayoclinic.org,https://www.mayoclinic.org/healthy-lifestyle/nutrition-and-healthy-eating/in-depth/art-20045550,Likely India jurisdiction + hosted in India,Included because India was inferred from currency text Rs.; resolved IP also geolocated to India.,Not found on reviewed page,evidence_snapshots/03395_www.mayoclinic.org_d4522d4490.html,d4522d44903ab04eba2675e882b9a57f8bf79e667ff5e18675366d37477a7baf
3397,No immediate action,www.bhf.org.uk,https://www.bhf.org.uk/informationsupport/heart-matters-magazine/nutrition/sugar-salt-and-fat/fats-explained,Likely India jurisdiction,Included because India was inferred from currency text Rs..,Not found on reviewed page,evidence_snapshots/03397_www.bhf.org.uk_af42f55a68.html,af42f55a6875e5fb1216fb763bbbdc3ec865ea95bfd66f6fb1578b8e43fdc6ad
3405,No immediate action,www.britannica.com,https://www.britannica.com/topic/fat/additional-info,Likely India jurisdiction,Included because India was inferred from currency text Rs..,Not found on reviewed page,evidence_snapshots/03405_www.britannica.com_499dcf4959.html,499dcf49594b15b95e53cd123638d9551bd1bfdc263c75af1ad2e5513dc7c81a
3406,No immediate action,www.britannica.com,https://www.britannica.com/facts/fat,Likely India jurisdiction,Included because India was inferred from currency text Rs..,Not found on reviewed page,evidence_snapshots/03406_www.britannica.com_5a5c4c4777.html,5a5c4c47778d8b9d9102386c81f166717848786300d42be730b6c2db9dce0d32
3407,Manual AmEx evidence review,www.vectorpayments.com,https://www.vectorpayments.com/processing-payments-for-tobacco-pouches/,Likely India jurisdiction,Included because India was inferred from currency text Rs..,Possible - AmEx logo/token or mixed signal,evidence_snapshots/03407_www.vectorpayments.com_30be122b02.html,30be122b02bddb9997a1d2a60aae3d6117cf582c3d3e3be2c44cdce0e120ebd3
3409,No immediate action,ntcp.mohfw.gov.in,https://ntcp.mohfw.gov.in/,Likely India jurisdiction + hosted in India,Included because India was inferred from currency text Rs.; resolved IP also geolocated to India.,Not found on reviewed page,evidence_snapshots/03409_ntcp.mohfw.gov.in_1a539b2b38.html,1a539b2b3873a5a11bf8764dce9d9fa399928db968a174685d667b08dc54db2e
3413,No immediate action,www.fda.gov,https://www.fda.gov/consumers/health-education-resources/tobacco-use,Hosted in India only,Included because the resolved IP geolocated to India (ip-api.com host geolocation); confirm business relevance manually.,Not found on reviewed page,evidence_snapshots/03413_www.fda.gov_493fda5312.html,493fda53120050f85836032324409be6c6484f90a0755ae0c6a673ba7626818b
3415,No immediate action,www.smokemart.com.au,https://www.smokemart.com.au/,Hosted in India only,Included because the resolved IP geolocated to India (ip-api.com host geolocation); confirm business relevance manually.,Not found on reviewed page,evidence_snapshots/03415_www.smokemart.com.au_48a122dbba.html,48a122dbba25d385ed96d1f0a5cfe78ab756d8e33173c1a7e3aed12a657fa30c
3419,No immediate action,www.cdc.gov,https://www.cdc.gov/tobacco/about/index.html,Likely India jurisdiction + hosted in India,Included because India was inferred from currency text Rs.; resolved IP also geolocated to India.,Not found on reviewed page,evidence_snapshots/03419_www.cdc.gov_f5be927477.html,f5be92747786b76df1ff48c64b6c7625c46168bc55661bb69c56a00909ae824d
3420,Activity found - AmEx not visible,www.wikihow.com,https://www.wikihow.com/Smoke-a-Cigarette,Likely India jurisdiction + hosted in India,Included because India was inferred from currency text Rs.; resolved IP also geolocated to India.,Not found on reviewed page,evidence_snapshots/03420_www.wikihow.com_287b8c58b0.html,287b8c58b05898bf073cdbb8ebf82fc10feeba13d8c192d583fc4b2e9ff37fb6
3423,No immediate action,www.merriam-webster.com,https://www.merriam-webster.com/dictionary/cigarette,Likely India jurisdiction,Included because India was inferred from currency text Rs..,Not found on reviewed page,evidence_snapshots/03423_www.merriam-webster.com_0633154d14.html,0633154d143d914408898e071a4f7be9264215e4083ed38b71ac83d699019294
3424,No immediate action,www.tesco.com,https://www.tesco.com/shop/en-GB/browse/kiosk/tobacco-and-alternatives/cigarettes?msockid=2f2d50dd9bfb68e00c9b47649a746941,Likely India jurisdiction + hosted in India,Included because India was inferred from currency text Rs.; resolved IP also geolocated to India.,Not found on reviewed page,evidence_snapshots/03424_www.tesco.com_58b3886bf0.html,58b3886bf0f8edc332bf6ee7d06b595b11c5b7fbfcecadaaedc1737ff2ac7c05
3426,No immediate action,www.tesco.com,https://www.tesco.com/shop/en-GB/browse/kiosk/tobacco-and-alternatives/cigarettes?msockid=1009856dd7096abc326592d4d6db6bff,Likely India jurisdiction + hosted in India,Included because India was inferred from currency text Rs.; resolved IP also geolocated to India.,Not found on reviewed page,evidence_snapshots/03426_www.tesco.com_0f731f14a3.html,0f731f14a3e3ed39a21f668def2fefa5d3d612309db5b0d264f8b32bf9439994
3427,No immediate action,www.tesco.com,https://www.tesco.com/shop/en-GB/browse/kiosk/tobacco-and-alternatives/cigarettes?msockid=27fa9255f93d6c9818eb85ecf83c6dfd,Likely India jurisdiction + hosted in India,Included because India was inferred from currency text Rs.; resolved IP also geolocated to India.,Not found on reviewed page,evidence_snapshots/03427_www.tesco.com_39e7178301.html,39e717830171a1b15bdb8f49a4dbea8c7957460659cdc683ff447c2e665599cc
3428,No immediate action,www.tesco.com,https://www.tesco.com/shop/en-GB/browse/kiosk/tobacco-and-alternatives/cigarettes?msockid=23c5209f12f36d511892372613436c2f,Likely India jurisdiction + hosted in India,Included because India was inferred from currency text Rs.; resolved IP also geolocated to India.,Not found on reviewed page,evidence_snapshots/03428_www.tesco.com_30b2f45096.html,30b2f45096aab2e8045d53835d58bfe8052f5fd771f82056ee42e5c728d22528
3429,No immediate action,vapexlabs.in,https://vapexlabs.in/,Likely India jurisdiction,Included because India was inferred from page metadata: IN.,Not found on reviewed page,evidence_snapshots/03429_vapexlabs.in_b01bd9a469.html,b01bd9a469251963cac564ca6fda0f1aaa7b75ebd72cc8f0305e61154a23132b
3431,No immediate action,www.vapevilla.in,https://www.vapevilla.in/,Likely India jurisdiction,Included because India was inferred from page metadata: IN.,Not found on reviewed page,evidence_snapshots/03431_www.vapevilla.in_4daeb7d3da.html,4daeb7d3da37444707a0f1e8724cabfc5fae4dffa2599d9e33d2497b153890f3
3432,Manual AmEx evidence review,vapestars.in,https://vapestars.in/,Likely India jurisdiction,Included because India was inferred from page metadata: IN.,Possible - AmEx logo/token or mixed signal,evidence_snapshots/03432_vapestars.in_33e109b679.html,33e109b6791ea8da828f116e8bf5c3dea37fa3755cbd2f10c139ebccddd0805e
3434,No immediate action,elfvapeindia.com,https://elfvapeindia.com/,Likely India jurisdiction + hosted in India,Included because India was inferred from search market en-IN; resolved IP also geolocated to India.,Not found on reviewed page,evidence_snapshots/03434_elfvapeindia.com_3bb4045602.html,3bb40456027c77d05b991e4686f10e51739a6ebdca3e33ec5edcd1e2c28b34cf
3436,Manual AmEx evidence review,vape.com,https://vape.com/,Likely India jurisdiction,Included because India was inferred from currency text Rs..,Possible - AmEx logo/token or mixed signal,evidence_snapshots/03436_vape.com_e49938919e.html,e49938919ed17e60c74171312aa1c1fd97e206e87f27879a5310e22f03db4ce2
3437,No immediate action,theindiavapestore.com,https://theindiavapestore.com/,Hosted in India only,Included because the resolved IP geolocated to India (ip-api.com host geolocation); confirm business relevance manually.,Not found on reviewed page,evidence_snapshots/03437_theindiavapestore.com_0ebc49eb26.html,0ebc49eb26605266617b1faa4137e36e75f6870caeac7bd51ef2f3276a29f1a3
3438,No immediate action,vapedukaan.com,https://vapedukaan.com/,Hosted in India only,Included because the resolved IP geolocated to India (ip-api.com host geolocation); confirm business relevance manually.,Not found on reviewed page,evidence_snapshots/03438_vapedukaan.com_089f63a3ea.html,089f63a3ea0fc30561bbaa1e614379a8e77cfd2fc875b23335210435fc376a65
3440,Manual AmEx evidence review,www.vaporauthority.com,https://www.vaporauthority.com/,Likely India jurisdiction,Included because India was inferred from currency text Rs..,Possible - AmEx logo/token or mixed signal,evidence_snapshots/03440_www.vaporauthority.com_e1f4b9091d.html,e1f4b9091d094f1e731148c2fc13618b73740d7fe562afef76a9468595101738
3443,No immediate action,vaping.com,https://vaping.com/,Likely India jurisdiction,Included because India was inferred from currency text Rs..,Not found on reviewed page,evidence_snapshots/03443_vaping.com_3fdda4fcaf.html,3fdda4fcafc4ab488daba8364069d76d4b9d68a5213989e5901b490f2c2b7a73
3444,No immediate action,www.voopoo.com,https://www.voopoo.com/,Likely India jurisdiction,Included because India was inferred from currency text Rs..,Not found on reviewed page,evidence_snapshots/03444_www.voopoo.com_f14890236f.html,f14890236fcf8080e13865591057db8a15a97b52e631823a35d1442b93bc0b45
3449,No immediate action,www.verywellhealth.com,https://www.verywellhealth.com/what-is-nicotine-5075412,Likely India jurisdiction,Included because India was inferred from currency text Rs..,Not found on reviewed page,evidence_snapshots/03449_www.verywellhealth.com_45af68b11c.html,45af68b11c3199429a7cf79a20f9f9a83e2e52ccabd9bebb6c1d66afb4ba0d17
3450,No immediate action,www.fda.gov,https://www.fda.gov/tobacco-products/health-effects-tobacco-use/nicotine-why-tobacco-products-are-addictive,Hosted in India only,Included because the resolved IP geolocated to India (ip-api.com host geolocation); confirm business relevance manually.,Not found on reviewed page,evidence_snapshots/03450_www.fda.gov_493fda5312.html,493fda53120050f85836032324409be6c6484f90a0755ae0c6a673ba7626818b
3451,No immediate action,torro.io,https://torro.io/,Likely India jurisdiction,Included because India was inferred from currency text Rs..,Not found on reviewed page,evidence_snapshots/03451_torro.io_b9364abf1e.html,b9364abf1e40db3f180f3eaf0b58e29b80b4b342099678c3f79ebb223fea03bf
3452,No immediate action,www.vectorpayments.com,https://www.vectorpayments.com/?page_id=47,Likely India jurisdiction,Included because India was inferred from currency text Rs..,Not found on reviewed page,evidence_snapshots/03452_www.vectorpayments.com_731eae7d45.html,731eae7d4588909a3a82e23d85c7ab2b423e6c4014c4c0db7ada435d8c0079f6
3453,Manual AmEx evidence review,www.vectorpayments.com,https://www.vectorpayments.com,Likely India jurisdiction,Included because India was inferred from currency text Rs..,Possible - AmEx logo/token or mixed signal,evidence_snapshots/03453_www.vectorpayments.com_b8c207b2e7.html,b8c207b2e7752ef191baa48b5985033828e3796aa4646a99fb9373e11df82dd1
3454,No immediate action,www.vectorpayments.com,https://www.vectorpayments.com/contact-us/,Likely India jurisdiction,Included because India was inferred from currency text Rs..,Not found on reviewed page,evidence_snapshots/03454_www.vectorpayments.com_731eae7d45.html,731eae7d4588909a3a82e23d85c7ab2b423e6c4014c4c0db7ada435d8c0079f6
3455,No immediate action,www.vectorpayments.com,https://www.vectorpayments.com/payment-processing-solutions/,Likely India jurisdiction,Included because India was inferred from currency text Rs..,Not found on reviewed page,evidence_snapshots/03455_www.vectorpayments.com_d8722cdcd4.html,d8722cdcd40202636b4c72c9d878cca388e27555713e8a09a64ec45bebbc976f
3456,No immediate action,www.vectorpayments.com,https://www.vectorpayments.com/emv-terminals/,Likely India jurisdiction,Included because India was inferred from currency text Rs..,Not found on reviewed page,evidence_snapshots/03456_www.vectorpayments.com_7e50af84a9.html,7e50af84a977228f96ba9b0d13893fbf15a16ac6410ad0f46bdd159b1e03a175
3457,No immediate action,www.vectorpayments.com,https://www.vectorpayments.com/pos-solutions/,Likely India jurisdiction,Included because India was inferred from currency text Rs..,Not found on reviewed page,evidence_snapshots/03457_www.vectorpayments.com_9a0885d7f9.html,9a0885d7f93788f2e5e6bed416034cc95702ffc6af7f05aa8fe4bb39c5c69703
3458,No immediate action,www.vectorpayments.com,https://www.vectorpayments.com/retail-payments/,Likely India jurisdiction,Included because India was inferred from currency text Rs..,Not found on reviewed page,evidence_snapshots/03458_www.vectorpayments.com_07fbc23af2.html,07fbc23af2d4e32d6994611a0615431c915a1b75f3db8137ee431dc6899a90c4
3459,No immediate action,www.vectorpayments.com,https://www.vectorpayments.com/virtual-terminal-credit-card/,Likely India jurisdiction,Included because India was inferred from currency text Rs..,Not found on reviewed page,evidence_snapshots/03459_www.vectorpayments.com_95233f6526.html,95233f6526048cca393f2d1f36def075cb5696f2ff341f137a935ab71eabf8fb
3460,No immediate action,www.vectorpayments.com,https://www.vectorpayments.com/wireless-mobile-terminals/,Likely India jurisdiction,Included because India was inferred from currency text Rs..,Not found on reviewed page,evidence_snapshots/03460_www.vectorpayments.com_780e498d25.html,780e498d25c8f320edaf19adb6e52061e9efdf8eee6e43d387623ad0c1065245
3461,No immediate action,www.vectorpayments.com,https://www.vectorpayments.com/industries/,Likely India jurisdiction,Included because India was inferred from currency text Rs..,Not found on reviewed page,evidence_snapshots/03461_www.vectorpayments.com_f071579d79.html,f071579d797b7e69acc639f6e107c84e4bbe4814cfdc910bfbf2d5ccd93e8bf3
3463,No immediate action,www.mpowerportal.org,http://www.mpowerportal.org/,Hosted in India only,Included because the resolved IP geolocated to India (ip-api.com host geolocation); confirm business relevance manually.,Not found on reviewed page,evidence_snapshots/03463_www.mpowerportal.org_3031dea9e3.html,3031dea9e3f1af8d90b05b14b3970635e378b3b3da6cab1a51bcf26a083d77d1
3464,No immediate action,www.snapchat.com,https://www.snapchat.com/add/who,Likely India jurisdiction,Included because India was inferred from page metadata: IN.,Not found on reviewed page,evidence_snapshots/03464_www.snapchat.com_3c8dd0cd31.html,3c8dd0cd31eff99355d93c74299f13a601830af911b5c356bf12723c149cd959
3483,No immediate action,pledge.mygov.in,https://pledge.mygov.in/no-tobacco-2022/,Likely India jurisdiction + hosted in India,Included because India was inferred from currency text Rs.; resolved IP also geolocated to India.,Not found on reviewed page,evidence_snapshots/03483_pledge.mygov.in_aab95851c9.html,aab95851c92044d452115a56f47e8f5458cf0a34fe2245600e3cd40a7b3da012
3489,No immediate action,india.gov.in,https://india.gov.in/,Likely India jurisdiction + hosted in India,Included because India was inferred from currency symbol INR; resolved IP also geolocated to India.,Not found on reviewed page,evidence_snapshots/03489_www.india.gov.in_588aeaeb63.html,588aeaeb6371e2c7766677b3b348dbb056817069f592e7a9d4006e9a0c2642c4
3490,No immediate action,ntcp.mohfw.gov.in,https://ntcp.mohfw.gov.in/faqs,Likely India jurisdiction + hosted in India,Included because India was inferred from country mention: india; resolved IP also geolocated to India.,Not found on reviewed page,evidence_snapshots/03490_ntcp.mohfw.gov.in_b948da0d7e.html,b948da0d7eef8bd598481da3f91ebd070f44a26a10641ecd2bc09d73d3c4b94a
3491,No immediate action,ntcp.mohfw.gov.in,https://ntcp.mohfw.gov.in/help,Likely India jurisdiction + hosted in India,Included because India was inferred from country mention: india; resolved IP also geolocated to India.,Not found on reviewed page,evidence_snapshots/03491_ntcp.mohfw.gov.in_56ebcc32ef.html,56ebcc32efd770295186c1fe3daf62dc2a316ab10078d11f958e72f7918e1ea4
3492,No immediate action,ntcp.mohfw.gov.in,https://ntcp.mohfw.gov.in/terms-conditions,Likely India jurisdiction + hosted in India,Included because India was inferred from country mention: india; resolved IP also geolocated to India.,Not found on reviewed page,evidence_snapshots/03492_ntcp.mohfw.gov.in_ef0fd18eb7.html,ef0fd18eb75723b9f6b7d1945670a93334da19a9c69e4923690f3999d6c00dfb
3493,No immediate action,ntcp.mohfw.gov.in,https://ntcp.mohfw.gov.in/guidelines_manuals,Likely India jurisdiction + hosted in India,Included because India was inferred from country mention: india; resolved IP also geolocated to India.,Not found on reviewed page,evidence_snapshots/03493_ntcp.mohfw.gov.in_141780f966.html,141780f966fb4f2d8abccd719f34aa7853fba43c257284fc30588b9b6cf0e4f6
3494,No immediate action,ntcp.mohfw.gov.in,https://ntcp.mohfw.gov.in/tobacco_testing,Likely India jurisdiction + hosted in India,Included because India was inferred from country mention: india; resolved IP also geolocated to India.,Not found on reviewed page,evidence_snapshots/03494_ntcp.mohfw.gov.in_2606963d9c.html,2606963d9c2145f0fc4be449f529e89f460d50c0a81f6bd086b4b5eff209d624
3495,No immediate action,ntcp.mohfw.gov.in,https://ntcp.mohfw.gov.in/tobacco_cessation_centres,Likely India jurisdiction + hosted in India,Included because India was inferred from country mention: india; resolved IP also geolocated to India.,Not found on reviewed page,evidence_snapshots/03495_ntcp.mohfw.gov.in_a00e6e9844.html,a00e6e9844096db7647ca7108fd47a17e2c6ccba26ec9555da79691f7e17a6a9
3496,No immediate action,ntcp.mohfw.gov.in,https://ntcp.mohfw.gov.in/national_tobacco_quit_line_services,Likely India jurisdiction + hosted in India,Included because India was inferred from country mention: india; resolved IP also geolocated to India.,Not found on reviewed page,evidence_snapshots/03496_ntcp.mohfw.gov.in_1d69fc1757.html,1d69fc1757e14b1c4f5f526f79364dead35651b7610e0efa91b54d556374a9db
3497,No immediate action,ntcp.mohfw.gov.in,https://ntcp.mohfw.gov.in/assets/document/The-Prohibition-of-Electronic-Cigarettes-Production-Manufacture-Import-Export-Transport-Sale-Distribution-Storage-and-Advertisement)-Act-2019.pdf,Hosted in India only,Included because the resolved IP geolocated to India (ip-api.com host geolocation); confirm business relevance manually.,Not found on reviewed page,evidence_snapshots/03497_ntcp.mohfw.gov.in_011653284c.html,011653284c97b4ebc3e6e2465a95159d2b0afb43fa39877d27ba29b3959e3364
3498,No immediate action,ntcp.mohfw.gov.in,https://ntcp.mohfw.gov.in/assets/document/The-Prohibition-of-Electronic-Cigarettes-production-manufacture-import-export-transport-sale-distribution-storage-and-advertisement-Ordinance-2019.pdf,Hosted in India only,Included because the resolved IP geolocated to India (ip-api.com host geolocation); confirm business relevance manually.,Not found on reviewed page,evidence_snapshots/03498_ntcp.mohfw.gov.in_4767ee9336.html,4767ee9336b80c23ca559e8d1230b2e887802091932679eb13c2fe2eb5a02496
3499,No immediate action,ntcp.mohfw.gov.in,https://ntcp.mohfw.gov.in/assets/document/presentation_on_harmful_effects_of_Electronic_Cigarettes_and_like_devices.pdf,Hosted in India only,Included because the resolved IP geolocated to India (ip-api.com host geolocation); confirm business relevance manually.,Not found on reviewed page,evidence_snapshots/03499_ntcp.mohfw.gov.in_1cf7e954ed.html,1cf7e954ed327a55766ca94501f42c42be8ce0e079ff65ddba118a4700fe3335
3500,No immediate action,ntcp.mohfw.gov.in,https://ntcp.mohfw.gov.in/home/track_pledge_click,Hosted in India only,Included because the resolved IP geolocated to India (ip-api.com host geolocation); confirm business relevance manually.,Not found on reviewed page,evidence_snapshots/03500_ntcp.mohfw.gov.in_d6c0d4eba3.html,d6c0d4eba3d355db618d82acd9d3d9c2e60708f733d057abf80a523feff79aa8
3501,No immediate action,ntcp.mohfw.gov.in,https://ntcp.mohfw.gov.in/cotpa_health_warning_images,Likely India jurisdiction + hosted in India,Included because India was inferred from country mention: india; resolved IP also geolocated to India.,Not found on reviewed page,evidence_snapshots/03501_ntcp.mohfw.gov.in_a30f052fca.html,a30f052fca32126725bee989be6897b73bafd3a8a7bcc0d5488b54a7677e2bc1
3503,No immediate action,www.camh.ca,http://www.camh.ca/en/hospital/health_information/a_z_mental_health_and_addiction_information/tobacco/Pages/about_tobacco.aspx,Hosted in India only,Included because the resolved IP geolocated to India (ip-api.com host geolocation); confirm business relevance manually.,Not found on reviewed page,evidence_snapshots/03503_www.camh.ca_1fef7bcbda.html,1fef7bcbda7a2945ae21dc6e19efb16a872e7efc704bd0adccd2a9724712454d
3505,No immediate action,www.merriam-webster.com,https://www.merriam-webster.com/dictionary/tobacco,Likely India jurisdiction,Included because India was inferred from currency text Rs..,Not found on reviewed page,evidence_snapshots/03505_www.merriam-webster.com_5eeb812cbc.html,5eeb812cbc95e5e99ccaa6dc5dd22d742aa76afdb374ad1514ec004d7b6b47c7
3510,No immediate action,www.britannica.com,https://www.britannica.com/question,Likely India jurisdiction,Included because India was inferred from currency text Rs..,Not found on reviewed page,evidence_snapshots/03510_www.britannica.com_a2db242d7b.html,a2db242d7b8ff18b8ba5b7f385d28ef16c1a59cac76233b3cc6985d7b68fc1b5
3513,No immediate action,www.britannica.com,https://www.britannica.com/plant/common-tobacco/additional-info,Likely India jurisdiction,Included because India was inferred from currency text Rs..,Not found on reviewed page,evidence_snapshots/03513_www.britannica.com_78c68ae502.html,78c68ae5024233f24039f5e79808ece8d2be8feebfe8e5cfc722417daaf7a0a2
3545,No immediate action,adf.org.au,https://adf.org.au/adf-community-guidelines/,Likely India jurisdiction,Included because India was inferred from currency text Rs..,Not found on reviewed page,evidence_snapshots/03545_adf.org.au_05bf90f411.html,05bf90f41152d42812a5e17a7ee4d8b8fbef14c1397c126cdb1753c1c7044714
3548,No immediate action,www.tobaccoinaustralia.org.au,https://www.tobaccoinaustralia.org.au/chapter-13-taxation,Likely India jurisdiction,Included because India was inferred from currency code INR.,Not found on reviewed page,evidence_snapshots/03548_www.tobaccoinaustralia.org.au_34e7df656e.html,34e7df656e5088929fd8305a0dddaa71528a21e3458bf3ef5d3416111085ad23
3554,No immediate action,www.tobaccoinaustralia.org.au,https://www.tobaccoinaustralia.org.au/chapter-1-prevalence/1-1-a-brief-history-of-tobacco-smoking-in-australi,Likely India jurisdiction,Included because India was inferred from currency text Rs..,Not found on reviewed page,evidence_snapshots/03554_www.tobaccoinaustralia.org.au_80142993a0.html,80142993a0e3dce1182ea01864b97d19b2aa4fe849ec089eb0746087d0f40215
3561,No immediate action,pmc.ncbi.nlm.nih.gov,https://pmc.ncbi.nlm.nih.gov/articles/PMC2733016/,Likely India jurisdiction,Included because India was inferred from currency text Rs..,Not found on reviewed page,evidence_snapshots/03561_pmc.ncbi.nlm.nih.gov_9d967408ec.html,9d967408ecca6d05a0dc79af355fb5d6ebe3101417b13533d0c5938cdcc4018b
3563,No immediate action,www.cdc.gov,https://www.cdc.gov/tobacco/about/,Likely India jurisdiction + hosted in India,Included because India was inferred from currency text Rs.; resolved IP also geolocated to India.,Not found on reviewed page,evidence_snapshots/03563_www.cdc.gov_f0dbc9aef9.html,f0dbc9aef9c88420cce4619c7ab07613a9db440c699d25d401567e88abce2f64
3565,No immediate action,www.cancerresearchuk.org,https://www.cancerresearchuk.org/about-cancer/causes-of-cancer/smoking-and-cancer/whats-in-a-cigarette,Hosted in India only,Included because the resolved IP geolocated to India (ip-api.com host geolocation); confirm business relevance manually.,Not found on reviewed page,evidence_snapshots/03565_www.cancerresearchuk.org_1b5ef720cc.html,1b5ef720ccacbafd6f24886c16c351a47b5e75a7cbd822cab5a94fc6544e82a5
3566,No immediate action,www.fda.gov,https://www.fda.gov/tobacco-products/products-ingredients-components/cigarettes,Hosted in India only,Included because the resolved IP geolocated to India (ip-api.com host geolocation); confirm business relevance manually.,Not found on reviewed page,evidence_snapshots/03566_www.fda.gov_493fda5312.html,493fda53120050f85836032324409be6c6484f90a0755ae0c6a673ba7626818b
3567,No immediate action,www.pbs.org,https://www.pbs.org/wgbh/nova/article/safer-cigarettes-history/,Likely India jurisdiction,Included because India was inferred from currency text Rs..,Not found on reviewed page,evidence_snapshots/03567_www.pbs.org_c79169160a.html,c79169160a77a593c71bb312d53601217f822b14706d1a237d61f9ee3a2601de
3568,No immediate action,www.merriam-webster.com,https://www.merriam-webster.com/dictionary/cigarettepaper,Likely India jurisdiction,Included because India was inferred from currency text Rs..,Not found on reviewed page,evidence_snapshots/03568_www.merriam-webster.com_11de5188fe.html,11de5188fe05e6f3864bcbf2dfdc1492d87800d214781734b3dc617a73fff060
3569,No immediate action,www.britannica.com,https://www.britannica.com/topic/cigarette/additional-info,Likely India jurisdiction,Included because India was inferred from currency text Rs..,Not found on reviewed page,evidence_snapshots/03569_www.britannica.com_5db8caebbe.html,5db8caebbe4e2848e640b618155b7ac0d041c8f4a1aad16a6563d34f10e45a12
3571,No immediate action,www.britannica.com,https://www.britannica.com/topic/cigarette/images-videos,Likely India jurisdiction,Included because India was inferred from currency text Rs..,Not found on reviewed page,evidence_snapshots/03571_www.britannica.com_5220aa4381.html,5220aa43813db05d726c619586b484204ef6a45ad613f0e6d5705b22d426f53d
3572,No immediate action,www.britannica.com,https://www.britannica.com/media/1/117732/235510,Likely India jurisdiction,Included because India was inferred from currency text Rs..,Not found on reviewed page,evidence_snapshots/03572_www.britannica.com_57af8fd878.html,57af8fd878e5e3956352eaff06c51c026a1132139b204cbd39a2d41e6b4c8f83
3576,No immediate action,www.charitynavigator.org,https://www.charitynavigator.org/ein/131632524,Hosted in India only,Included because the resolved IP geolocated to India (ip-api.com host geolocation); confirm business relevance manually.,Not found on reviewed page,evidence_snapshots/03576_www.charitynavigator.org_487dd6ae0e.html,487dd6ae0eac344dc5bb34cda4ba894c76b8b033e4ea6e0af79ce75742f52118
3577,No immediate action,userway.org,https://userway.org,Hosted in India only,Included because the resolved IP geolocated to India (ip-api.com host geolocation); confirm business relevance manually.,Not found on reviewed page,evidence_snapshots/03577_userway.org_7315d7130a.html,7315d7130a1e2ced83502c22899cb33a26ff7c2b1f2d58b4dfcda0f68ec4d094
3580,No immediate action,www.lung.org,https://www.lung.org/help-support/patient-caregiver-network,Likely India jurisdiction,Included because India was inferred from currency text Rs..,Not found on reviewed page,evidence_snapshots/03580_www.lung.org_5f86f0bf8e.html,5f86f0bf8ee5287c873f7a6f141e755ef85e13ea5883fbc6d74c612b3076772d
3591,No immediate action,www.cdc.gov,https://www.cdc.gov/tobacco/about/?CDC_AAref_Val=https%3A%2F%2Fwww.cdc.gov%2Ftobacco%2Fbasic_information%2Fhealth_effects%2Findex.htm.,Likely India jurisdiction + hosted in India,Included because India was inferred from currency text Rs.; resolved IP also geolocated to India.,Not found on reviewed page,evidence_snapshots/03591_www.cdc.gov_7e4ae33138.html,7e4ae3313826902c158b0c7b29ad987517fa48910028e810ea3ba01ee4c99d6c
3592,No immediate action,www.urbandictionary.com,https://www.urbandictionary.com/define.php?term=Spanking+the+Camel,Hosted in India only,Included because the resolved IP geolocated to India (ip-api.com host geolocation); confirm business relevance manually.,Not found on reviewed page,evidence_snapshots/03592_www.urbandictionary.com_7744b71f3b.html,7744b71f3b54a012b13c6f48167cfb800d058d4067fc07d23f1c263f203770aa
3595,No immediate action,www.nps.gov,https://www.nps.gov/articles/p52-cigarette-butts.htm,Likely India jurisdiction,Included because India was inferred from currency text Rs..,Not found on reviewed page,evidence_snapshots/03595_www.nps.gov_e1746e5878.html,e1746e58783cbe786d2a69114a0c87d29912684bed739b6202130903648aa19e
3598,Activity found - AmEx not visible,www.cancer.org,https://www.cancer.org/cancer/risk-prevention/tobacco/guide-quitting-smoking/why-people-start-using-tobacco.html,Hosted in India only,Included because the resolved IP geolocated to India (ip-api.com host geolocation); confirm business relevance manually.,Not found on reviewed page,evidence_snapshots/03598_www.cancer.org_8956e4d510.html,8956e4d5102525144adec418aad0203dcb3ca8937ced2eee9423de4066ad5d3c
3599,No immediate action,www.wikihow.it,https://www.wikihow.it/Fumare-una-Sigaretta,Likely India jurisdiction + hosted in India,Included because India was inferred from currency code INR; resolved IP also geolocated to India.,Not found on reviewed page,evidence_snapshots/03599_www.wikihow.it_5d7bafeab2.html,5d7bafeab257f438347b57f9bcb7e7a2381ebfffa4b44358611530cc2fa25eff
3600,No immediate action,www.wikihow.cz,https://www.wikihow.cz/Jak-vykou%C5%99it-cigaretu,Likely India jurisdiction + hosted in India,Included because India was inferred from currency code INR; resolved IP also geolocated to India.,Not found on reviewed page,evidence_snapshots/03600_www.wikihow.cz_886a9096eb.html,886a9096eb8ef1f8ec17cdaff16d8d9685acf6ab963ef2665eca1ca3fed272c1
3601,No immediate action,www.wikihow.com,https://www.wikihow.com/Tech-Help-Pro,Likely India jurisdiction + hosted in India,Included because India was inferred from currency text Rs.; resolved IP also geolocated to India.,Not found on reviewed page,evidence_snapshots/03601_www.wikihow.com_71ef0e9bc2.html,71ef0e9bc2f714fc8dd9260ac702bc2fa75d57686af9d1c065a882ad5c039a9b
3602,No immediate action,www.wikihow.com,https://www.wikihow.com/Special:UserLogin?type=signup,Likely India jurisdiction + hosted in India,Included because India was inferred from currency text Rs.; resolved IP also geolocated to India.,Not found on reviewed page,evidence_snapshots/03602_www.wikihow.com_ad38bd7f98.html,ad38bd7f987ad951fcafeb755274fa8c2d5567e06727725bdf881d381551b378
3603,No immediate action,www.wikihow.com,https://www.wikihow.com/wikiHow:Terms-of-Use,Likely India jurisdiction + hosted in India,Included because India was inferred from currency text Rs.; resolved IP also geolocated to India.,Not found on reviewed page,evidence_snapshots/03603_www.wikihow.com_605a8fcc35.html,605a8fcc35c0dbae94c2241c52df0f6206a935d6ffeeceec98fcdb0ffbc6f9c1
3604,No immediate action,www.wikihow.com,https://www.wikihow.com/Guides,Likely India jurisdiction + hosted in India,Included because India was inferred from currency text Rs.; resolved IP also geolocated to India.,Not found on reviewed page,evidence_snapshots/03604_www.wikihow.com_8573743b65.html,8573743b653368e57f1d2a7fb0660d307e2c8bb0e0d2091af50c666e26443a03
3605,No immediate action,www.wikihow.com,https://www.wikihow.com/Special:RequestTopic,Likely India jurisdiction + hosted in India,Included because India was inferred from currency text Rs.; resolved IP also geolocated to India.,Not found on reviewed page,evidence_snapshots/03605_www.wikihow.com_1a9df39f6e.html,1a9df39f6e47c970cf48afd371802b4ee76d896cd91b4db0e97786a18d3ad811
3606,No immediate action,www.wikihow.com,https://www.wikihow.com/Special:CategoryListing,Likely India jurisdiction + hosted in India,Included because India was inferred from currency text Rs.; resolved IP also geolocated to India.,Not found on reviewed page,evidence_snapshots/03606_www.wikihow.com_f806f14702.html,f806f147026ab7406fa5e7a2cb48896295bb07cf573b98f4318be6a6c5158b23
3607,No immediate action,www.wikihow.com,https://www.wikihow.com/Category:Cigarettes,Likely India jurisdiction + hosted in India,Included because India was inferred from currency text Rs.; resolved IP also geolocated to India.,Not found on reviewed page,evidence_snapshots/03607_www.wikihow.com_88239e3879.html,88239e3879245077e2d2c795e1d4c84852773f0f9b0158ea1997e5a120efee83
3608,No immediate action,www.wikihow.com,https://www.wikihow.com/Light-a-Cigarette,Likely India jurisdiction + hosted in India,Included because India was inferred from currency text Rs.; resolved IP also geolocated to India.,Not found on reviewed page,evidence_snapshots/03608_www.wikihow.com_1b81b29643.html,1b81b2964309917e7cc72abf200d3c0b65fa14855337ae03a237e577536fd3c4
3609,No immediate action,www.wikihow.com,https://www.wikihow.com/Ash-Your-Cigarette,Likely India jurisdiction + hosted in India,Included because India was inferred from currency text Rs.; resolved IP also geolocated to India.,Not found on reviewed page,evidence_snapshots/03609_www.wikihow.com_03c97313c8.html,03c97313c8ea428d2420740c2737c9e0385a03df3d63c00e76578197aee02cd2
3610,No immediate action,www.wikihow.com,https://www.wikihow.com/Fix-Nicotine-Stained-Fingers,Likely India jurisdiction + hosted in India,Included because India was inferred from currency text Rs.; resolved IP also geolocated to India.,Not found on reviewed page,evidence_snapshots/03610_www.wikihow.com_fc05648162.html,fc05648162c802887792e6f2b7a9e544dfbc9b381bed587bcf1a59d939910af6
3611,No immediate action,www.verywellmind.com,https://www.verywellmind.com/review-board-4796494,Likely India jurisdiction,Included because India was inferred from currency text Rs..,Not found on reviewed page,evidence_snapshots/03611_www.verywellmind.com_a3ddffc7cc.html,a3ddffc7ccfccec5789bd045d72a876df14efa527554b4b193059781c388ce06
3612,No immediate action,flipboard.com,https://flipboard.com/@VerywellMind,Hosted in India only,Included because the resolved IP geolocated to India (ip-api.com host geolocation); confirm business relevance manually.,Not found on reviewed page,evidence_snapshots/03612_flipboard.com_16da69e411.html,16da69e41152f3d6734240a0c9787378b5f17e9a7f8fb186cfff8c21452299a6
3613,No immediate action,www.fda.gov,https://www.fda.gov/tobacco-products/retail-sales-tobacco-products/selling-tobacco-products-retail-stores,Hosted in India only,Included because the resolved IP geolocated to India (ip-api.com host geolocation); confirm business relevance manually.,Not found on reviewed page,evidence_snapshots/03613_www.fda.gov_493fda5312.html,493fda53120050f85836032324409be6c6484f90a0755ae0c6a673ba7626818b
3614,No immediate action,www.cdc.gov,https://www.cdc.gov/tobacco/data_statistics/fact_sheets/health_effects/effects_cig_smoking/,Likely India jurisdiction + hosted in India,Included because India was inferred from currency text Rs.; resolved IP also geolocated to India.,Not found on reviewed page,evidence_snapshots/03614_www.cdc.gov_5660546286.html,56605462860ee1ca20830cc1dce216c03acec50af622b3725c5b00ab8663a52a
3616,No immediate action,www.cancer.gov,https://www.cancer.gov/about-cancer/causes-prevention/risk/tobacco/cessation-fact-sheet,Likely India jurisdiction + hosted in India,Included because India was inferred from currency text Rs.; resolved IP also geolocated to India.,Not found on reviewed page,evidence_snapshots/03616_www.cancer.gov_6640435ee7.html,6640435ee79df8024ba5f4959d9b333b87769361919a9052aa55b75ab84f0672
3619,Activity found - AmEx not visible,www.cancer.org,https://www.cancer.org/cancer/cancer-causes/tobacco-and-cancer/is-any-type-of-smoking-safe.html,Hosted in India only,Included because the resolved IP geolocated to India (ip-api.com host geolocation); confirm business relevance manually.,Not found on reviewed page,evidence_snapshots/03619_www.cancer.org_df5e2d9d24.html,df5e2d9d245d4fe50dbf87597170c9566425055eeb12f3cc01b0888bc5541441
3620,No immediate action,www.verywellmind.com,https://www.verywellmind.com/best-free-quit-smoking-apps-4154000,Likely India jurisdiction,Included because India was inferred from currency text Rs..,Not found on reviewed page,evidence_snapshots/03620_www.verywellmind.com_b362a19c0e.html,b362a19c0e584007bcbad57599f87c2f4ce3a805e771ea46bab05dd4f97d9d51
3621,No immediate action,www.verywellmind.com,https://www.verywellmind.com/natural-remedies-to-quit-smoking-89997,Likely India jurisdiction,Included because India was inferred from currency text Rs..,Not found on reviewed page,evidence_snapshots/03621_www.verywellmind.com_fa4e372b19.html,fa4e372b19afb96f101487fd1783dab7c925ea8486f50c475f0022ebf06bbe86
3623,No immediate action,www.verywellmind.com,https://www.verywellmind.com/best-online-therapy-4691206,Likely India jurisdiction,Included because India was inferred from currency text Rs..,Not found on reviewed page,evidence_snapshots/03623_www.verywellmind.com_e762e6bad9.html,e762e6bad9e91f103840695c25fef1f5b25c8b0ea5a2f194f7151e1d9218d238
3624,No immediate action,www.verywellmind.com,https://www.verywellmind.com/best-online-marriage-counseling-4691952,Likely India jurisdiction,Included because India was inferred from currency text Rs..,Not found on reviewed page,evidence_snapshots/03624_www.verywellmind.com_6e16cfb3f3.html,6e16cfb3f34806aa1f8637539bb9ac72d209ebf05ffa1717c18886e4f5f50852
3627,Reference/news - lower priority,www.verywellmind.com,https://www.verywellmind.com/harmful-chemicals-in-cigarettes-and-cigarette-smoke-2824715,Likely India jurisdiction,Included because India was inferred from currency text Rs..,Not found on reviewed page,evidence_snapshots/03627_www.verywellmind.com_e4db2eaf73.html,e4db2eaf73da64030e62314a25b3a5273f64e18a1634164a8d0363d407362105
3629,No immediate action,www.verywellmind.com,https://www.verywellmind.com/information-about-kreteks-and-clove-cigarettes-2825286,Likely India jurisdiction,Included because India was inferred from currency text Rs..,Not found on reviewed page,evidence_snapshots/03629_www.verywellmind.com_9eca14c122.html,9eca14c122dcc71d1dc619c71b7bbdea8383ba819ef2c3f08207613227a08998
3630,No immediate action,www.verywellmind.com,https://www.verywellmind.com/are-bidi-cigarettes-safe-to-smoke-2825285,Likely India jurisdiction,Included because India was inferred from currency text Rs..,Not found on reviewed page,evidence_snapshots/03630_www.verywellmind.com_8d66c620f9.html,8d66c620f95d7700e975a3317eb4a9edf36d11c81384d4bce05b0f4bcd714e45
3633,No immediate action,abcnews.com,https://abcnews.com/International/wireStory/israels-christians-rely-faith-allies-fear-rising-harassment-135633854,Hosted in India only,Included because the resolved IP geolocated to India (ip-api.com host geolocation); confirm business relevance manually.,Not found on reviewed page,evidence_snapshots/03633_abcnews.com_c87e1d89ad.html,c87e1d89ad1da1c02cd52f1938c75ecf9c8f53f08846361660c6746497760eac
3634,No immediate action,www.nbcnews.com,https://www.nbcnews.com/dateline/dateline-missing-in-america-podcast/dateline-missing-america-podcast-covers-1979-disappearance-cheryl-sche-rcna591716,Hosted in India only,Included because the resolved IP geolocated to India (ip-api.com host geolocation); confirm business relevance manually.,Not found on reviewed page,evidence_snapshots/03634_www.nbcnews.com_ad8163ec19.html,ad8163ec191ef09321f2b33e34e1347211d1bb95db8e7f8e90fc8306ab56f381
3635,No immediate action,www.allure.com,https://www.allure.com/story/cola-fragrances-perfumes-summer-trend-story,Hosted in India only,Included because the resolved IP geolocated to India (ip-api.com host geolocation); confirm business relevance manually.,Not found on reviewed page,evidence_snapshots/03635_www.allure.com_f488930a01.html,f488930a019752ec8c48d045febd6e66e61590e3066e9b245518ee347e847cb4
3636,No immediate action,www.nglish.com,http://www.nglish.com/spanish/cigarette,Likely India jurisdiction + hosted in India,Included because India was inferred from currency text Rs.; resolved IP also geolocated to India.,Not found on reviewed page,evidence_snapshots/03636_www.nglish.com_7eb66aec69.html,7eb66aec691bb2cc4e097a8d9cf9f032ae177ad972aae41700fb9299f89498fa
3643,No immediate action,www.merriam-webster.com,https://www.merriam-webster.com/dictionary/cigarette?pronunciation=&lang=en_us&dir=c&file=cigare01,Likely India jurisdiction,Included because India was inferred from currency text Rs..,Not found on reviewed page,evidence_snapshots/03643_www.merriam-webster.com_abdca240ee.html,abdca240eeadd6be82bc7886c9d84ca6387f45a22eeb43243c5920347d5c66d3
3644,No immediate action,www.merriam-webster.com,https://www.merriam-webster.com/sentences/cigarette,Likely India jurisdiction,Included because India was inferred from currency text Rs..,Not found on reviewed page,evidence_snapshots/03644_www.merriam-webster.com_d09d3eed7e.html,d09d3eed7e3b4b825ea7e54462c06f6b75811ef9867bbee065dc63baf64abb9b
3645,No immediate action,www.merriam-webster.com,https://www.merriam-webster.com/dictionary/anti-cigarette,Likely India jurisdiction,Included because India was inferred from currency text Rs..,Not found on reviewed page,evidence_snapshots/03645_www.merriam-webster.com_32792679b0.html,32792679b07ae824b4aacb85fd94a92b24fbea38a37cf7f2adeb3dcbf2b4f314
3646,No immediate action,www.merriam-webster.com,https://www.merriam-webster.com/dictionary/cigarette%20paper,Likely India jurisdiction,Included because India was inferred from currency text Rs..,Not found on reviewed page,evidence_snapshots/03646_www.merriam-webster.com_57425ba248.html,57425ba2483f0772ff4810c9e31cc59f09bbc66c9341e178a5bd55e57872ec8e
3647,Activity found - AmEx not visible,www.merriam-webster.com,https://www.merriam-webster.com/dictionary/electronic%20cigarette#e-cigarette,Likely India jurisdiction,Included because India was inferred from currency text Rs..,Not found on reviewed page,evidence_snapshots/03647_www.merriam-webster.com_843bd85c14.html,843bd85c14ad95a6af058fbd25d2d357fb1d8ec5ef265ab623079c6f7b36b7a7
3649,No immediate action,www.merriam-webster.com,https://www.merriam-webster.com/dictionary/cigaresque,Likely India jurisdiction,Included because India was inferred from currency text Rs..,Not found on reviewed page,evidence_snapshots/03649_www.merriam-webster.com_26e062c5fd.html,26e062c5fd657d7ea2c91e338138ae9aa24bee9bb99ee71e120c4301ccfae90f
3650,Immediate internal match check,vapexlabs.in,https://vapexlabs.in/collections/podkits,Likely India jurisdiction,Included because India was inferred from page metadata: IN.,Yes - visible AmEx acceptance signal,evidence_snapshots/03650_vapexlabs.in_1e4ee607a6.html,1e4ee607a64e227932ccb53af058794e53f50423a1995814f9beea5e01bb7c36
3651,Immediate internal match check,vapexlabs.in,https://vapexlabs.in/collections/most-selling,Likely India jurisdiction,Included because India was inferred from page metadata: IN.,Yes - visible AmEx acceptance signal,evidence_snapshots/03651_vapexlabs.in_f8978ec4a3.html,f8978ec4a36a70becc0ac092485787946b2e5af3d4b8378ec178c2d927d7a5e6
3652,Immediate internal match check,vapexlabs.in,https://vapexlabs.in/collections/elfbar-copy,Likely India jurisdiction,Included because India was inferred from page metadata: IN.,Yes - visible AmEx acceptance signal,evidence_snapshots/03652_vapexlabs.in_73974998c3.html,73974998c32dbd4153ff06b7a7c294817e60396a1432c72e050ef2eda75f7ede
3653,Immediate internal match check,vapexlabs.in,https://vapexlabs.in/collections/elfbar-1,Likely India jurisdiction,Included because India was inferred from page metadata: IN.,Yes - visible AmEx acceptance signal,evidence_snapshots/03653_vapexlabs.in_269f038d29.html,269f038d295954689cf90a1d2e54e50da99f38b5b9c8c84d8a145a21da9a0a56
3654,Immediate internal match check,vapexlabs.in,https://vapexlabs.in/collections/caliburn,Likely India jurisdiction,Included because India was inferred from page metadata: IN.,Yes - visible AmEx acceptance signal,evidence_snapshots/03654_vapexlabs.in_4957374242.html,4957374242d1e84ee10dbd33fdef3bc3fbf560d1eaac94ff10ef68c77e1ff36b
3655,Immediate internal match check,vapexlabs.in,https://vapexlabs.in/collections/aaok-copy,Likely India jurisdiction,Included because India was inferred from page metadata: IN.,Yes - visible AmEx acceptance signal,evidence_snapshots/03655_vapexlabs.in_d32609b940.html,d32609b9407a243550c8eb3dd874283625af174eb7fa424788464a9413f42c95
3656,Immediate internal match check,vapexlabs.in,https://vapexlabs.in/collections/dragbar,Likely India jurisdiction,Included because India was inferred from page metadata: IN.,Yes - visible AmEx acceptance signal,evidence_snapshots/03656_vapexlabs.in_8efb923d98.html,8efb923d983e70370b8b4ac6f8d751e188f9403e949b7baaf05d6034c9406c84
3657,Immediate internal match check,vapexlabs.in,https://vapexlabs.in/collections/fisco,Likely India jurisdiction,Included because India was inferred from page metadata: IN.,Yes - visible AmEx acceptance signal,evidence_snapshots/03657_vapexlabs.in_5ddf2f2c7c.html,5ddf2f2c7cea99a8f1fba0597cb44e7ddf123facd5b0b2d575d2717b6cc08fa8
3658,Immediate internal match check,vapexlabs.in,https://vapexlabs.in/collections/dinner-lady,Likely India jurisdiction,Included because India was inferred from page metadata: IN.,Yes - visible AmEx acceptance signal,evidence_snapshots/03658_vapexlabs.in_e14c01ea23.html,e14c01ea23835f930e11c75a8b59048b92cbfef4f6386313808fe5e87f8ebbe7
3659,Immediate internal match check,vapexlabs.in,https://vapexlabs.in/collections/iget-copy,Likely India jurisdiction,Included because India was inferred from page metadata: IN.,Yes - visible AmEx acceptance signal,evidence_snapshots/03659_vapexlabs.in_63672204e3.html,63672204e3933f22b3ce598bae183b0408bb6580605a44d458647176d73d5485
3662,Manual AmEx evidence review,vapestars.in,https://vapestars.in/policies/terms-of-service,Likely India jurisdiction,Included because India was inferred from page metadata: IN.,Possible - AmEx logo/token or mixed signal,evidence_snapshots/03662_vapestars.in_25588b61ae.html,25588b61ae3535a53a80fe832305aeb22df788417597d09b971716dc5881f227
3663,Manual AmEx evidence review,vapestars.in,https://vapestars.in/collections/disposable-vapes,Likely India jurisdiction,Included because India was inferred from page metadata: IN.,Possible - AmEx logo/token or mixed signal,evidence_snapshots/03663_vapestars.in_47e02c7bcd.html,47e02c7bcd7668a09f7c6a8d1c0bf39f4e8bf8c9c0fbcf6310e658837d4f561f
3664,Manual AmEx evidence review,vapestars.in,https://vapestars.in/collections/all,Likely India jurisdiction,Included because India was inferred from page metadata: IN.,Possible - AmEx logo/token or mixed signal,evidence_snapshots/03664_vapestars.in_83032c0f53.html,83032c0f538d44ab0cebbf739568d25c89629dc62ef33c515a9e0c8cd7fcd538
3665,Manual AmEx evidence review,vapestars.in,https://vapestars.in/collections/elfbar-vapes,Likely India jurisdiction,Included because India was inferred from page metadata: IN.,Possible - AmEx logo/token or mixed signal,evidence_snapshots/03665_vapestars.in_ab83bb25d2.html,ab83bb25d2d07a8e9109a5001547cfc05f501b1a11d39174224dabc64562018f
3666,Manual AmEx evidence review,vapestars.in,https://vapestars.in/collections/iget-disposable-vape,Likely India jurisdiction,Included because India was inferred from page metadata: IN.,Possible - AmEx logo/token or mixed signal,evidence_snapshots/03666_vapestars.in_8d36b0f3f0.html,8d36b0f3f03bcf73ce0a95cd45713af2f6e1975c68378b7ba44aa614f305d726
3667,Manual AmEx evidence review,vapestars.in,https://vapestars.in/collections/yuoto-vape,Likely India jurisdiction,Included because India was inferred from page metadata: IN.,Possible - AmEx logo/token or mixed signal,evidence_snapshots/03667_vapestars.in_c8fc5842b8.html,c8fc5842b89648e8f260fca8d19f1a2ce3e2d985712373bcc8cfda12d4334d06
3668,Manual AmEx evidence review,vapestars.in,https://vapestars.in/collections/juul-india,Likely India jurisdiction,Included because India was inferred from page metadata: IN.,Possible - AmEx logo/token or mixed signal,evidence_snapshots/03668_vapestars.in_7ba0361ebe.html,7ba0361ebe46ae622659de98114737eeab8876be9294c4e8f3e2336dfcf489c6
3669,Manual AmEx evidence review,vapestars.in,https://vapestars.in/collections/uwell,Likely India jurisdiction,Included because India was inferred from page metadata: IN.,Possible - AmEx logo/token or mixed signal,evidence_snapshots/03669_vapestars.in_ae7f65db50.html,ae7f65db5055b7b91a51cd0c4a961c91e28167e051ac11b314747680773d6670
3670,Manual AmEx evidence review,vapestars.in,https://vapestars.in/collections/vape-india,Likely India jurisdiction,Included because India was inferred from page metadata: IN.,Possible - AmEx logo/token or mixed signal,evidence_snapshots/03670_vapestars.in_271184c7b8.html,271184c7b87138505a19c480f26d12c957e4dcd4f815ef5a41fdd6fb8663edf4
3671,Manual AmEx evidence review,vapestars.in,https://vapestars.in/collections/iqos-heets,Likely India jurisdiction,Included because India was inferred from page metadata: IN.,Possible - AmEx logo/token or mixed signal,evidence_snapshots/03671_vapestars.in_bee81e9254.html,bee81e925490789e7ef9c884bc57506df2d32e9ebf0def1eba69d885c9052c76
3672,Manual AmEx evidence review,vapestars.in,https://vapestars.in/collections/iqos-iluma,Likely India jurisdiction,Included because India was inferred from page metadata: IN.,Possible - AmEx logo/token or mixed signal,evidence_snapshots/03672_vapestars.in_385fd09f25.html,385fd09f25cecce8e3cbaceebe405f673a10f0d1b2bbb70fcaad383443ae3812
3687,Manual AmEx evidence review,puffinvapeshop.com,https://puffinvapeshop.com/,Likely India jurisdiction,Included because India was inferred from currency text Rs..,Possible - AmEx logo/token or mixed signal,evidence_snapshots/03687_puffinvapeshop.com_f6cad6f1ff.html,f6cad6f1ffdf22d9139668fdad2fee4f12c3fc754224071878764c6955aebb65
3693,Manual AmEx evidence review,vape.com,https://vape.com/collections/starter-kits,Likely India jurisdiction,Included because India was inferred from currency text Rs..,Possible - AmEx logo/token or mixed signal,evidence_snapshots/03693_vape.com_043a8c8aaa.html,043a8c8aaa435dd6093d409ec6b4423291648167ab786e49904d0a241b0ca45c
3694,Manual AmEx evidence review,vape.com,https://vape.com/collections/devices,Likely India jurisdiction,Included because India was inferred from currency text Rs..,Possible - AmEx logo/token or mixed signal,evidence_snapshots/03694_vape.com_7686dd0d1a.html,7686dd0d1a585d62ad8476e4c73e80933110e371fc7d1c65d7508e522d3523f8
3695,Manual AmEx evidence review,vape.com,https://vape.com/collections/tanks,Likely India jurisdiction,Included because India was inferred from currency text Rs..,Possible - AmEx logo/token or mixed signal,evidence_snapshots/03695_vape.com_a228075adf.html,a228075adf9e4a15351cd797cfaf992941c89236ea83b9ccc3e3d27a44994181
3696,Manual AmEx evidence review,vape.com,https://vape.com/collections/accessories,Likely India jurisdiction,Included because India was inferred from currency text Rs..,Possible - AmEx logo/token or mixed signal,evidence_snapshots/03696_vape.com_d0518e2328.html,d0518e232824c7ef1e63e16d136e13f13ebf74a718cacd74e3235ba79ef033c3
3697,Manual AmEx evidence review,vape.com,https://vape.com/collections/e-liquids,Likely India jurisdiction,Included because India was inferred from currency text Rs..,Possible - AmEx logo/token or mixed signal,evidence_snapshots/03697_vape.com_ca08948209.html,ca08948209b9d5c21a1b596ac663a7ffb63fdc8fc32b5f542a13e6e3ac598bc8
3698,Manual AmEx evidence review,vape.com,https://vape.com/collections/alternatives,Likely India jurisdiction,Included because India was inferred from currency text Rs..,Possible - AmEx logo/token or mixed signal,evidence_snapshots/03698_vape.com_c33b58cf67.html,c33b58cf67b9a4a0a3494c0fcbb68d16d227c4354d966838f12ff09df55a5655
3699,Manual AmEx evidence review,vape.com,https://vape.com/collections/disposable-e-cigs,Likely India jurisdiction,Included because India was inferred from currency text Rs..,Possible - AmEx logo/token or mixed signal,evidence_snapshots/03699_vape.com_cab8802dcf.html,cab8802dcf54d2332c6cccee12add1f5dd9fe608fe958809de202ce6bffdfaef
3701,No immediate action,theindiavapestore.com,https://theindiavapestore.com/my-account/,Hosted in India only,Included because the resolved IP geolocated to India (ip-api.com host geolocation); confirm business relevance manually.,Not found on reviewed page,evidence_snapshots/03701_theindiavapestore.com_a7a5077500.html,a7a507750038386bb127b8919734a6e691e1706fcbdb9013db67c58a0b252f56
3702,No immediate action,theindiavapestore.com,https://theindiavapestore.com/terms-conditions/,Hosted in India only,Included because the resolved IP geolocated to India (ip-api.com host geolocation); confirm business relevance manually.,Not found on reviewed page,evidence_snapshots/03702_theindiavapestore.com_cbe589e368.html,cbe589e368913a65b8b993a660164a9c3b160218cad8753dd686c2d8de7ae17e
3703,No immediate action,theindiavapestore.com,https://theindiavapestore.com/my-account/lost-password/,Hosted in India only,Included because the resolved IP geolocated to India (ip-api.com host geolocation); confirm business relevance manually.,Not found on reviewed page,evidence_snapshots/03703_theindiavapestore.com_0472f8fe28.html,0472f8fe28b14e0fa5dc2f474508f8e95d7ecbe996da65f26ca29b732d3859f2
3704,No immediate action,theindiavapestore.com,https://theindiavapestore.com/product-category/disposable-vape/,Hosted in India only,Included because the resolved IP geolocated to India (ip-api.com host geolocation); confirm business relevance manually.,Not found on reviewed page,evidence_snapshots/03704_theindiavapestore.com_30f2fea9eb.html,30f2fea9eb8ec7e63b70fe6f097527580b62ca8951e3e2ca422aaf9b35133867
3705,No immediate action,theindiavapestore.com,https://theindiavapestore.com/product-category/disposable-vape/all-disposable-vape/,Hosted in India only,Included because the resolved IP geolocated to India (ip-api.com host geolocation); confirm business relevance manually.,Not found on reviewed page,evidence_snapshots/03705_theindiavapestore.com_0758a39efc.html,0758a39efc93aa9f51d79519af69c7c9def02e9ab1bc905589656d23a4b1c69b
3706,No immediate action,theindiavapestore.com,https://theindiavapestore.com/product-category/disposable-vape/all-disposable-vape/funky-republic-fi3000/,Hosted in India only,Included because the resolved IP geolocated to India (ip-api.com host geolocation); confirm business relevance manually.,Not found on reviewed page,evidence_snapshots/03706_theindiavapestore.com_1f2dd3c62f.html,1f2dd3c62f185e05333be5680da1995593eb23ff5137d30e892a5a2e597e11d7
